#
# A fatal error has been detected by the Java Runtime Environment:
#
#  SIGSEGV (0xb) at pc=0x000000010d28ef54, pid=92373, tid=25091
#
# JRE version: OpenJDK Runtime Environment Microsoft-13106359 (17.0.18+8) (build 17.0.18+8-LTS)
# Java VM: OpenJDK 64-Bit Server VM Microsoft-13106359 (17.0.18+8-LTS, mixed mode, sharing, tiered, compressed oops, compressed class ptrs, g1 gc, bsd-aarch64)
# Problematic frame:
# V  [libjvm.dylib+0x26ef54]  Compile::start() const+0xc
#
# No core dump will be written. Core dumps have been disabled. To enable core dumping, try "ulimit -c unlimited" before starting Java again
#
# If you would like to submit a bug report, please visit:
#   https://github.com/microsoft/openjdk/issues
#

---------------  S U M M A R Y ------------

Command Line: --add-opens=java.base/java.util=ALL-UNNAMED --add-opens=java.base/java.lang=ALL-UNNAMED --add-opens=java.base/java.lang.invoke=ALL-UNNAMED --add-opens=java.prefs/java.util.prefs=ALL-UNNAMED --add-opens=java.base/java.nio.charset=ALL-UNNAMED --add-opens=java.base/java.net=ALL-UNNAMED --add-opens=java.base/java.util.concurrent.atomic=ALL-UNNAMED -Xmx2048m -Dfile.encoding=UTF-8 -Duser.country=IN -Duser.language=en -Duser.variant -javaagent:/Users/kaisarahmadnajar/.gradle/wrapper/dists/gradle-8.7-bin/bhs2wmbdwecv87pi65oeuq5iu/gradle-8.7/lib/agents/gradle-instrumentation-agent-8.7.jar org.gradle.launcher.daemon.bootstrap.GradleDaemon 8.7

Host: "MacBookPro18,1" arm64, 10 cores, 16G, Darwin 25.5.0, macOS 26.5.1 (25F80)
Time: Wed Aug 12 16:22:09 2026 IST elapsed time: 9620.010480 seconds (0d 2h 40m 20s)

---------------  T H R E A D  ---------------

Current thread (0x0000000a46d71e00):  JavaThread "C2 CompilerThread0" daemon [_thread_in_native, id=25091, stack(0x000000016f6dc000,0x000000016f8df000)]


Current CompileTask:
C2:9620010 100975       4       org.jetbrains.org.objectweb.asm.ClassReader::readElementValue (1237 bytes)

Stack: [0x000000016f6dc000,0x000000016f8df000],  sp=0x000000016f8db750,  free space=2045k
Native frames: (J=compiled Java code, j=interpreted, Vv=VM code, C=native code)
V  [libjvm.dylib+0x26ef54]  Compile::start() const+0xc
V  [libjvm.dylib+0x6cb1e4]  PhaseMacroExpand::value_from_mem(Node*, Node*, BasicType, Type const*, TypeOopPtr const*, AllocateNode*)+0x64
V  [libjvm.dylib+0x6cc940]  PhaseMacroExpand::create_scalarized_object_description(AllocateNode*, SafePointNode*)+0x46c
V  [libjvm.dylib+0x32d028]  ConnectionGraph::reduce_phi_on_safepoints(PhiNode*, Unique_Node_List*)+0x49c
V  [libjvm.dylib+0x32aff8]  ConnectionGraph::reduce_phi(PhiNode*)+0x180
V  [libjvm.dylib+0x327610]  ConnectionGraph::compute_escape()+0xbf4
V  [libjvm.dylib+0x326958]  ConnectionGraph::do_analysis(Compile*, PhaseIterGVN*)+0xc8
V  [libjvm.dylib+0x26f968]  Compile::Optimize()+0x7a8
V  [libjvm.dylib+0x26e2fc]  Compile::Compile(ciEnv*, ciMethod*, int, bool, bool, bool, bool, bool, bool, bool, DirectiveSet*)+0xb30
V  [libjvm.dylib+0x1db4f0]  C2Compiler::compile_method(ciEnv*, ciMethod*, int, bool, DirectiveSet*)+0x118
V  [libjvm.dylib+0x27f218]  CompileBroker::invoke_compiler_on_method(CompileTask*)+0x514
V  [libjvm.dylib+0x27eb7c]  CompileBroker::compiler_thread_loop()+0x3c8
V  [libjvm.dylib+0x9ab8d8]  JavaThread::thread_main_inner()+0x148
V  [libjvm.dylib+0x9a9f74]  Thread::call_run()+0xcc
V  [libjvm.dylib+0x7af464]  thread_native_entry(Thread*)+0x158
C  [libsystem_pthread.dylib+0x6c58]  _pthread_start+0x88


siginfo: si_signo: 11 (SIGSEGV), si_code: 2 (SEGV_ACCERR), si_addr: 0x0000000000000020

Registers:
 x0=0x000000016f8de078  x1=0x0000000a49513f60  x2=0x0000000000000000  x3=0x0000000000000000
 x4=0x0000000a471a9308  x5=0x0000000a49513f60  x6=0x0000000a4d3e2510  x7=0x0000000000000b2c
 x8=0x0000000000000000  x9=0x0000000a51564010 x10=0x0000000a521c3730 x11=0x0000000000000002
x12=0x000000003effffff x13=0x0000000000000001 x14=0x0000000a51e88c90 x15=0x0000000a473eba70
x16=0x0000000000000038 x17=0x0000000a4706d440 x18=0x0000000000000000 x19=0x000000016f8db900
x20=0x0000000a4d3e2510 x21=0x0000000a49513f60 x22=0x0000000a4d3e2510 x23=0x000000000000000a
x24=0x000000000000000c x25=0x0000000a4cceb328 x26=0x000000000000003d x27=0x0000000a471a9308
x28=0x000000000000000c  fp=0x000000016f8db750  lr=0x000000010d6eb1e4  sp=0x000000016f8db750
pc=0x000000010d28ef54 cpsr=0x0000000060001000

Register to memory mapping:

 x0=0x000000016f8de078 is pointing into the stack for thread: 0x0000000a46d71e00
 x1=0x0000000a49513f60 points into unknown readable memory: 0x000000010dc3b4e0 | e0 b4 c3 0d 01 00 00 00
 x2=0x0 is NULL
 x3=0x0 is NULL
 x4=0x0000000a471a9308 points into unknown readable memory: 0x000000010dc3b208 | 08 b2 c3 0d 01 00 00 00
 x5=0x0000000a49513f60 points into unknown readable memory: 0x000000010dc3b4e0 | e0 b4 c3 0d 01 00 00 00
 x6=0x0000000a4d3e2510 points into unknown readable memory: 0x000000010dbfee40 | 40 ee bf 0d 01 00 00 00
 x7=0x0000000000000b2c is an unknown value
 x8=0x0 is NULL
 x9=0x0000000a51564010 points into unknown readable memory: 0x0000000a4d3e8010 | 10 80 3e 4d 0a 00 00 00
x10=0x0000000a521c3730 points into unknown readable memory: 0x0000000a49513f60 | 60 3f 51 49 0a 00 00 00
x11=0x0000000000000002 is an unknown value
x12=0x000000003effffff is an unknown value
x13=0x0000000000000001 is an unknown value
x14=0x0000000a51e88c90 points into unknown readable memory: 0x000000010dc2ef78 | 78 ef c2 0d 01 00 00 00
x15=0x0000000a473eba70 points into unknown readable memory: 0x000000010dc310a8 | a8 10 c3 0d 01 00 00 00
x16=0x0000000000000038 is an unknown value
x17=0x0000000a4706d440 points into unknown readable memory: 0xfffffffffffffffe | fe ff ff ff ff ff ff ff
x18=0x0 is NULL
x19=0x000000016f8db900 is pointing into the stack for thread: 0x0000000a46d71e00
x20=0x0000000a4d3e2510 points into unknown readable memory: 0x000000010dbfee40 | 40 ee bf 0d 01 00 00 00
x21=0x0000000a49513f60 points into unknown readable memory: 0x000000010dc3b4e0 | e0 b4 c3 0d 01 00 00 00
x22=0x0000000a4d3e2510 points into unknown readable memory: 0x000000010dbfee40 | 40 ee bf 0d 01 00 00 00
x23=0x000000000000000a is an unknown value
x24=0x000000000000000c is an unknown value
x25=0x0000000a4cceb328 points into unknown readable memory: 0x000000010dc2ef78 | 78 ef c2 0d 01 00 00 00
x26=0x000000000000003d is an unknown value
x27=0x0000000a471a9308 points into unknown readable memory: 0x000000010dc3b208 | 08 b2 c3 0d 01 00 00 00
x28=0x000000000000000c is an unknown value


Top of Stack: (sp=0x000000016f8db750)
0x000000016f8db750:   000000016f8db820 000000010d6eb1e4
0x000000016f8db760:   0000000a4ccebdb8 0000000a49513f60
0x000000016f8db770:   0000000a471a9308 0000000a49516900
0x000000016f8db780:   000000016f8db790 000000010d9e0628
0x000000016f8db790:   000000016f8db7f0 000000010d330ed4
0x000000016f8db7a0:   000000000000000c 0000000a471a9308
0x000000016f8db7b0:   0000000a49513b40 0000000a4d3d02e0
0x000000016f8db7c0:   000000000000000a 000000016f8db900
0x000000016f8db7d0:   000000000000000c 0000000a471a9308
0x000000016f8db7e0:   0000000a49513b40 0000000a4d3d02e0
0x000000016f8db7f0:   000000000000000a 000000016f8db900
0x000000016f8db800:   0000000a4d3e2510 0000000000000000
0x000000016f8db810:   0000000000000000 0000000a4cceb518
0x000000016f8db820:   000000016f8db8c0 000000010d6ec940
0x000000016f8db830:   000000010dc105a8 0000000a4cceb518
0x000000016f8db840:   0000000a49544788 0000000a4706d478
0x000000016f8db850:   0000000a49513b40 0000000000000004
0x000000016f8db860:   0000000000000000 0000000a4a21dc00
0x000000016f8db870:   0000000a4cb68d70 0000000a4cceb518
0x000000016f8db880:   000000016f8de078 0000000a4d3e2510
0x000000016f8db890:   0000000000000000 0000000000000001
0x000000016f8db8a0:   0000000000000006 0000000a49544718
0x000000016f8db8b0:   0000000a4d302ed0 0000000a4719af90
0x000000016f8db8c0:   000000016f8db9c0 000000010d34d028
0x000000016f8db8d0:   0000000a49544598 0000000a52843618
0x000000016f8db8e0:   000000016f8db9d8 0000000a4706d478
0x000000016f8db8f0:   0000000a49544458 0000000000000000
0x000000016f8db900:   000000000000000f 000000016f8de078
0x000000016f8db910:   000000016f8dc960 000000010d9de074
0x000000016f8db920:   0000000000000003 0000000a51f93780
0x000000016f8db930:   0000000000000004 0000000000000020
0x000000016f8db940:   0000000a470922b0 0000000a51f93760 

Instructions: (pc=0x000000010d28ef54)
0x000000010d28ee54:   b4 0a 00 f9 75 16 04 f9 fd 7b 42 a9 f4 4f 41 a9
0x000000010d28ee64:   f6 57 c3 a8 c0 03 5f d6 f4 4f be a9 fd 7b 01 a9
0x000000010d28ee74:   fd 43 00 91 f3 03 01 aa 68 4f 00 b0 08 ad 0c 91
0x000000010d28ee84:   03 01 40 39 04 00 80 52 1e 3e 1d 94 1f 4c 04 a9
0x000000010d28ee94:   1f 40 01 39 1f 1c 00 f9 fd 7b 41 a9 f4 4f c2 a8
0x000000010d28eea4:   c0 03 5f d6 fd 7b bf a9 fd 03 00 91 fd 7b c1 a8
0x000000010d28eeb4:   c0 03 5f d6 ff c3 00 d1 f4 4f 01 a9 fd 7b 02 a9
0x000000010d28eec4:   fd 83 00 91 f4 03 01 aa f3 03 00 aa 00 b8 40 f9
0x000000010d28eed4:   02 00 80 52 49 4a fe 97 60 c2 40 f9 a0 00 00 b4
0x000000010d28eee4:   f4 03 00 f9 a1 42 00 f0 21 9c 3e 91 00 83 1f 94
0x000000010d28eef4:   68 c6 40 f9 48 00 00 b5 74 c6 00 f9 74 06 40 f9
0x000000010d28ef04:   ae b0 fd 97 81 c6 40 f9 3f 00 00 eb 20 01 00 54
0x000000010d28ef14:   80 00 00 b4 61 00 00 b4 c7 6d 20 94 a0 00 00 34
0x000000010d28ef24:   60 06 40 f9 21 05 80 52 23 00 80 52 b8 2a 00 94
0x000000010d28ef34:   7f 6a 01 f9 fd 7b 42 a9 f4 4f 41 a9 ff c3 00 91
0x000000010d28ef44:   c0 03 5f d6 fd 7b bf a9 fd 03 00 91 08 68 41 f9
0x000000010d28ef54:   09 21 40 b9 69 01 00 34 08 09 40 f9 09 0d 09 8b
0x000000010d28ef64:   00 01 40 f9 0a 2c 40 b9 4a 0d 00 12 5f 25 00 71
0x000000010d28ef74:   a0 01 00 54 08 21 00 91 1f 01 09 eb 23 ff ff 54
0x000000010d28ef84:   a1 42 00 f0 21 c0 33 91 a3 42 00 f0 63 4c 34 91
0x000000010d28ef94:   00 00 bc 52 02 8a 80 52 ed d5 00 94 09 00 15 94
0x000000010d28efa4:   00 00 80 d2 fd 7b c1 a8 c0 03 5f d6 ff 83 03 d1
0x000000010d28efb4:   fa 67 09 a9 f8 5f 0a a9 f6 57 0b a9 f4 4f 0c a9
0x000000010d28efc4:   fd 7b 0d a9 fd 43 03 91 f4 03 01 aa f3 03 00 aa
0x000000010d28efd4:   e0 4e 00 b0 00 40 37 91 08 00 40 f9 00 01 3f d6
0x000000010d28efe4:   f5 03 00 aa 08 00 40 f9 16 21 41 f9 d7 66 41 a9
0x000000010d28eff4:   da 62 42 a9 61 ca 43 f9 62 ce 43 f9 e0 03 00 91
0x000000010d28f004:   43 00 80 52 e8 dc 15 94 e8 02 40 f9 c8 00 00 b4
0x000000010d28f014:   e0 03 16 aa e1 03 18 aa 39 66 fa 97 e0 03 17 aa
0x000000010d28f024:   e4 65 fa 97 c8 0e 40 f9 1f 01 19 eb 60 00 00 54
0x000000010d28f034:   d7 66 01 a9 da 12 00 f9 a8 02 40 f9 15 21 41 f9
0x000000010d28f044:   b6 62 41 a9 b9 5e 42 a9 e0 03 13 aa 01 00 80 52 


Stack slot to memory mapping:
stack at sp + 0 slots: 0x000000016f8db820 is pointing into the stack for thread: 0x0000000a46d71e00
stack at sp + 1 slots: 0x000000010d6eb1e4: _ZN16PhaseMacroExpand14value_from_memEP4NodeS1_9BasicTypePK4TypePK10TypeOopPtrP12AllocateNode+0x64 in /Users/kaisarahmadnajar/Library/Java/JavaVirtualMachines/ms-17.0.18/Contents/Home/lib/server/libjvm.dylib at 0x000000010d020000
stack at sp + 2 slots: 0x0000000a4ccebdb8 points into unknown readable memory: 0x000000010dc03de0 | e0 3d c0 0d 01 00 00 00
stack at sp + 3 slots: 0x0000000a49513f60 points into unknown readable memory: 0x000000010dc3b4e0 | e0 b4 c3 0d 01 00 00 00
stack at sp + 4 slots: 0x0000000a471a9308 points into unknown readable memory: 0x000000010dc3b208 | 08 b2 c3 0d 01 00 00 00
stack at sp + 5 slots: 0x0000000a49516900 points into unknown readable memory: 0x000000010dc3b4e0 | e0 b4 c3 0d 01 00 00 00
stack at sp + 6 slots: 0x000000016f8db790 is pointing into the stack for thread: 0x0000000a46d71e00
stack at sp + 7 slots: 0x000000010d9e0628: _ZN4Type3cmpEPKS_S1_+0x24 in /Users/kaisarahmadnajar/Library/Java/JavaVirtualMachines/ms-17.0.18/Contents/Home/lib/server/libjvm.dylib at 0x000000010d020000


---------------  P R O C E S S  ---------------

Threads class SMR info:
_java_thread_list=0x0000000a54261d60, length=181, elements={
0x00000001028353a0, 0x0000000102846ec0, 0x0000000a46d70000, 0x0000000a46d70c00,
0x0000000a46d71200, 0x0000000a46d71800, 0x0000000a46d71e00, 0x0000000a46d72400,
0x0000000a46d72a00, 0x0000000a46d73000, 0x0000000a46d73600, 0x0000000a46e43000,
0x0000000a46e43600, 0x0000000a46bac000, 0x0000000a45848000, 0x0000000a45848600,
0x0000000a45848c00, 0x0000000a4584b000, 0x0000000a4584b600, 0x0000000a459f3000,
0x0000000a44ef8000, 0x0000000a43c66a00, 0x0000000a43c67600, 0x0000000a44385e00,
0x0000000a446e2400, 0x0000000a45684c00, 0x0000000a4382de00, 0x0000000a41292a00,
0x0000000a41292400, 0x0000000a4382f600, 0x0000000a46e42a00, 0x0000000a46e41e00,
0x0000000a436c2400, 0x0000000a447a8000, 0x0000000a447a8600, 0x0000000a447ab600,
0x0000000a4273b600, 0x0000000a42738c00, 0x0000000a42739200, 0x0000000a4273aa00,
0x0000000a4273a400, 0x0000000a42739e00, 0x0000000a4273b000, 0x0000000a42739800,
0x0000000a42738600, 0x0000000a42753000, 0x0000000a42752400, 0x0000000a42752a00,
0x0000000a42750c00, 0x0000000a42751200, 0x0000000a42753600, 0x0000000a42750000,
0x0000000a45688000, 0x0000000a4568a400, 0x0000000a44792a00, 0x0000000a44793000,
0x0000000a4269b000, 0x0000000a4269b600, 0x0000000a4561cc00, 0x0000000a4561c600,
0x0000000a4561d800, 0x0000000a41291800, 0x0000000a44870000, 0x0000000a42c44600,
0x0000000a418f4600, 0x0000000a41d1de00, 0x0000000a41d1cc00, 0x0000000a41d1d200,
0x0000000a41d1e400, 0x0000000a41d1ea00, 0x0000000a41d1f000, 0x0000000a41d1c600,
0x0000000a418eb600, 0x0000000a418e9200, 0x0000000a418e8c00, 0x0000000a418e9800,
0x0000000a418e9e00, 0x0000000a418e8000, 0x0000000a4436f600, 0x0000000a4436ea00,
0x0000000a4436c000, 0x0000000a4436de00, 0x0000000a42064600, 0x0000000a42064000,
0x0000000a42065200, 0x0000000a42065800, 0x0000000a42064c00, 0x0000000a42738000,
0x0000000a44870c00, 0x0000000a42c28000, 0x0000000a42c45e00, 0x0000000a459f0c00,
0x0000000a436c3000, 0x0000000a4185de00, 0x0000000a4185e400, 0x0000000a4185f000,
0x0000000a41d44000, 0x0000000a41d44c00, 0x0000000a41d45200, 0x0000000a41d46400,
0x0000000a4273f000, 0x0000000a4273cc00, 0x0000000a4273c000, 0x0000000a4273d800,
0x0000000a45ae3000, 0x0000000a4208ea00, 0x0000000a4208d800, 0x0000000a4208de00,
0x0000000a4208d200, 0x0000000a4208f000, 0x0000000a4208e400, 0x0000000a4208f600,
0x0000000a4208cc00, 0x0000000a45684600, 0x0000000a45687600, 0x0000000a4206c600,
0x0000000a4206c000, 0x0000000a4206cc00, 0x0000000a4206d200, 0x0000000a4206ea00,
0x0000000a4206f000, 0x0000000a42067600, 0x0000000a44370600, 0x0000000a44372400,
0x0000000a44370000, 0x0000000a44371800, 0x0000000a44371e00, 0x0000000a41091e00,
0x0000000a41091800, 0x0000000a419ae400, 0x0000000a40c62a00, 0x0000000a41794c00,
0x0000000a41795200, 0x0000000a411cd200, 0x0000000a411cde00, 0x0000000a411cd800,
0x0000000a411cea00, 0x0000000a411ccc00, 0x0000000a444c6a00, 0x0000000a40eb8000,
0x0000000a40eb8600, 0x0000000a40eb8c00, 0x0000000a40eba400, 0x0000000a40ebaa00,
0x0000000a40ebb000, 0x0000000a40ebb600, 0x0000000a40224000, 0x0000000a40224600,
0x0000000a40224c00, 0x0000000a40225200, 0x0000000a40225800, 0x0000000a40227600,
0x0000000a41cbf600, 0x0000000a40270000, 0x0000000a40270600, 0x0000000a40270c00,
0x0000000a40271200, 0x0000000a40271800, 0x0000000a40272400, 0x0000000a40271e00,
0x0000000a40272a00, 0x0000000a40273000, 0x0000000a40275200, 0x0000000a3d965e00,
0x0000000a3d967600, 0x0000000a41d1f600, 0x0000000a41d1c000, 0x0000000a3d966400,
0x0000000a418f5200, 0x0000000a40eb9e00, 0x0000000a3d654600, 0x0000000a3d654000,
0x0000000a3d654c00, 0x0000000a3d655200, 0x0000000a3d655800, 0x0000000a3d655e00,
0x0000000a3d656400, 0x0000000a3d656a00, 0x0000000a3d657000, 0x0000000a3d657600,
0x0000000a3d658600
}

Java Threads: ( => current thread )
  0x00000001028353a0 JavaThread "main" [_thread_blocked, id=5379, stack(0x000000016dd34000,0x000000016df37000)]
  0x0000000102846ec0 JavaThread "Reference Handler" daemon [_thread_blocked, id=31235, stack(0x000000016eb88000,0x000000016ed8b000)]
  0x0000000a46d70000 JavaThread "Finalizer" daemon [_thread_blocked, id=30723, stack(0x000000016ed94000,0x000000016ef97000)]
  0x0000000a46d70c00 JavaThread "Signal Dispatcher" daemon [_thread_blocked, id=28163, stack(0x000000016f0b8000,0x000000016f2bb000)]
  0x0000000a46d71200 JavaThread "Service Thread" daemon [_thread_blocked, id=27907, stack(0x000000016f2c4000,0x000000016f4c7000)]
  0x0000000a46d71800 JavaThread "Monitor Deflation Thread" daemon [_thread_blocked, id=24579, stack(0x000000016f4d0000,0x000000016f6d3000)]
=>0x0000000a46d71e00 JavaThread "C2 CompilerThread0" daemon [_thread_in_native, id=25091, stack(0x000000016f6dc000,0x000000016f8df000)]
  0x0000000a46d72400 JavaThread "C1 CompilerThread0" daemon [_thread_blocked, id=27651, stack(0x000000016f8e8000,0x000000016faeb000)]
  0x0000000a46d72a00 JavaThread "Sweeper thread" daemon [_thread_blocked, id=25603, stack(0x000000016faf4000,0x000000016fcf7000)]
  0x0000000a46d73000 JavaThread "Common-Cleaner" daemon [_thread_blocked, id=25859, stack(0x000000016fd00000,0x000000016ff03000)]
  0x0000000a46d73600 JavaThread "Notification Thread" daemon [_thread_blocked, id=26883, stack(0x000000016ff0c000,0x000000017010f000)]
  0x0000000a46e43000 JavaThread "Daemon health stats" [_thread_blocked, id=41731, stack(0x0000000170d60000,0x0000000170f63000)]
  0x0000000a46e43600 JavaThread "Incoming local TCP Connector on port 62783" [_thread_in_native, id=34307, stack(0x0000000170f6c000,0x000000017116f000)]
  0x0000000a46bac000 JavaThread "Daemon periodic checks" [_thread_blocked, id=41475, stack(0x0000000171178000,0x000000017137b000)]
  0x0000000a45848000 JavaThread "Cache worker for journal cache (/Users/kaisarahmadnajar/.gradle/caches/journal-1)" [_thread_blocked, id=35843, stack(0x00000001721d8000,0x00000001723db000)]
  0x0000000a45848600 JavaThread "File lock request listener" [_thread_in_native, id=36099, stack(0x00000001723e4000,0x00000001725e7000)]
  0x0000000a45848c00 JavaThread "Cache worker for file hash cache (/Users/kaisarahmadnajar/.gradle/caches/8.7/fileHashes)" [_thread_blocked, id=36355, stack(0x00000001725f0000,0x00000001727f3000)]
  0x0000000a4584b000 JavaThread "File watcher server" daemon [_thread_in_native, id=36867, stack(0x0000000172a08000,0x0000000172c0b000)]
  0x0000000a4584b600 JavaThread "File watcher consumer" daemon [_thread_blocked, id=44035, stack(0x0000000172c14000,0x0000000172e17000)]
  0x0000000a459f3000 JavaThread "Cache worker for file content cache (/Users/kaisarahmadnajar/.gradle/caches/8.7/fileContent)" [_thread_blocked, id=62211, stack(0x0000000173c74000,0x0000000173e77000)]
  0x0000000a44ef8000 JavaThread "Memory manager" [_thread_blocked, id=52227, stack(0x0000000176fa0000,0x00000001771a3000)]
  0x0000000a43c66a00 JavaThread "process reaper (pid 92381)" daemon [_thread_in_native, id=100107, stack(0x000000016f02c000,0x000000016f063000)]
  0x0000000a43c67600 JavaThread "RMI Scheduler(0)" daemon [_thread_blocked, id=119311, stack(0x0000000303124000,0x0000000303327000)]
  0x0000000a44385e00 JavaThread "RMI TCP Accept-0" daemon [_thread_in_native, id=100867, stack(0x0000000303748000,0x000000030394b000)]
  0x0000000a446e2400 JavaThread "Cache worker for Java compile cache (/Users/kaisarahmadnajar/.gradle/caches/8.7/javaCompile)" [_thread_blocked, id=78251, stack(0x000000017c9b0000,0x000000017cbb3000)]
  0x0000000a45684c00 JavaThread "RMI GC Daemon" daemon [_thread_blocked, id=88803, stack(0x000000017da10000,0x000000017dc13000)]
  0x0000000a4382de00 JavaThread "RMI Reaper" [_thread_blocked, id=95519, stack(0x000000017dc1c000,0x000000017de1f000)]
  0x0000000a41292a00 JavaThread "Java2D Disposer" daemon [_thread_blocked, id=106535, stack(0x0000000305a14000,0x0000000305c17000)]
  0x0000000a41292400 JavaThread "AppKit Thread" daemon [_thread_in_native, id=259, stack(0x000000016d4ac000,0x000000016dca8000)]
  0x0000000a4382f600 JavaThread "Daemon Thread 10" [_thread_blocked, id=83299, stack(0x0000000171384000,0x0000000171587000)]
  0x0000000a46e42a00 JavaThread "Handler for socket connection from /127.0.0.1:62783 to /127.0.0.1:60984" [_thread_in_native, id=102067, stack(0x0000000171590000,0x0000000171793000)]
  0x0000000a46e41e00 JavaThread "Cancel handler" [_thread_blocked, id=89119, stack(0x000000017179c000,0x000000017199f000)]
  0x0000000a436c2400 JavaThread "Daemon worker Thread 10" [_thread_blocked, id=81931, stack(0x00000001719a8000,0x0000000171bab000)]
  0x0000000a447a8000 JavaThread "Asynchronous log dispatcher for DefaultDaemonConnection: socket connection from /127.0.0.1:62783 to /127.0.0.1:60984" [_thread_blocked, id=96695, stack(0x0000000171bb4000,0x0000000171db7000)]
  0x0000000a447a8600 JavaThread "Stdin handler" [_thread_blocked, id=57527, stack(0x0000000171dc0000,0x0000000171fc3000)]
  0x0000000a447ab600 JavaThread "Daemon client event forwarder" [_thread_blocked, id=84467, stack(0x0000000171fcc000,0x00000001721cf000)]
  0x0000000a4273b600 JavaThread "Cache worker for file hash cache (/Users/kaisarahmadnajar/Workspace/taskvault/.gradle/8.7/fileHashes)" [_thread_blocked, id=81727, stack(0x00000001727fc000,0x00000001729ff000)]
  0x0000000a42738c00 JavaThread "Cache worker for checksums cache (/Users/kaisarahmadnajar/Workspace/taskvault/.gradle/8.7/checksums)" [_thread_blocked, id=94179, stack(0x0000000173650000,0x0000000173853000)]
  0x0000000a42739200 JavaThread "Cache worker for cache directory md-supplier (/Users/kaisarahmadnajar/.gradle/caches/8.7/md-supplier)" [_thread_blocked, id=87939, stack(0x000000017385c000,0x0000000173a5f000)]
  0x0000000a4273aa00 JavaThread "Cache worker for cache directory md-rule (/Users/kaisarahmadnajar/.gradle/caches/8.7/md-rule)" [_thread_blocked, id=48555, stack(0x0000000173a68000,0x0000000173c6b000)]
  0x0000000a4273a400 JavaThread "Cache worker for Build Output Cleanup Cache (/Users/kaisarahmadnajar/Workspace/taskvault/.gradle/buildOutputCleanup)" [_thread_blocked, id=94587, stack(0x00000001744a4000,0x00000001746a7000)]
  0x0000000a42739e00 JavaThread "Unconstrained build operations" [_thread_blocked, id=35647, stack(0x00000001746b0000,0x00000001748b3000)]
  0x0000000a4273b000 JavaThread "Unconstrained build operations Thread 2" [_thread_blocked, id=84815, stack(0x00000001748bc000,0x0000000174abf000)]
  0x0000000a42739800 JavaThread "Unconstrained build operations Thread 3" [_thread_blocked, id=50871, stack(0x0000000174ac8000,0x0000000174ccb000)]
  0x0000000a42738600 JavaThread "Unconstrained build operations Thread 4" [_thread_blocked, id=130115, stack(0x0000000174cd4000,0x0000000174ed7000)]
  0x0000000a42753000 JavaThread "Unconstrained build operations Thread 5" [_thread_blocked, id=79823, stack(0x0000000174ee0000,0x00000001750e3000)]
  0x0000000a42752400 JavaThread "Unconstrained build operations Thread 6" [_thread_blocked, id=71627, stack(0x00000001750ec000,0x00000001752ef000)]
  0x0000000a42752a00 JavaThread "Unconstrained build operations Thread 7" [_thread_blocked, id=74275, stack(0x00000001752f8000,0x00000001754fb000)]
  0x0000000a42750c00 JavaThread "Unconstrained build operations Thread 8" [_thread_blocked, id=63587, stack(0x0000000175504000,0x0000000175707000)]
  0x0000000a42751200 JavaThread "Unconstrained build operations Thread 9" [_thread_blocked, id=93771, stack(0x0000000175710000,0x0000000175913000)]
  0x0000000a42753600 JavaThread "Unconstrained build operations Thread 10" [_thread_blocked, id=35283, stack(0x000000017591c000,0x0000000175b1f000)]
  0x0000000a42750000 JavaThread "build event listener" [_thread_blocked, id=105755, stack(0x0000000175b28000,0x0000000175d2b000)]
  0x0000000a45688000 JavaThread "included builds" [_thread_blocked, id=53571, stack(0x0000000175d34000,0x0000000175f37000)]
  0x0000000a4568a400 JavaThread "Execution worker" [_thread_blocked, id=118663, stack(0x0000000175f40000,0x0000000176143000)]
  0x0000000a44792a00 JavaThread "Execution worker Thread 2" [_thread_blocked, id=49787, stack(0x000000017614c000,0x000000017634f000)]
  0x0000000a44793000 JavaThread "Execution worker Thread 3" [_thread_blocked, id=82899, stack(0x0000000176358000,0x000000017655b000)]
  0x0000000a4269b000 JavaThread "Execution worker Thread 4" [_thread_blocked, id=86067, stack(0x0000000176564000,0x0000000176767000)]
  0x0000000a4269b600 JavaThread "Execution worker Thread 5" [_thread_blocked, id=75459, stack(0x0000000176770000,0x0000000176973000)]
  0x0000000a4561cc00 JavaThread "Execution worker Thread 6" [_thread_blocked, id=49055, stack(0x000000017697c000,0x0000000176b7f000)]
  0x0000000a4561c600 JavaThread "Execution worker Thread 7" [_thread_blocked, id=127039, stack(0x0000000176b88000,0x0000000176d8b000)]
  0x0000000a4561d800 JavaThread "Execution worker Thread 8" [_thread_blocked, id=102163, stack(0x0000000176d94000,0x0000000176f97000)]
  0x0000000a41291800 JavaThread "Execution worker Thread 9" [_thread_blocked, id=94419, stack(0x00000001771ac000,0x00000001773af000)]
  0x0000000a44870000 JavaThread "Cache worker for execution history cache (/Users/kaisarahmadnajar/Workspace/taskvault/.gradle/8.7/executionHistory)" [_thread_blocked, id=53023, stack(0x00000001773b8000,0x00000001775bb000)]
  0x0000000a42c44600 JavaThread "Unconstrained build operations Thread 11" [_thread_blocked, id=98855, stack(0x00000001775c4000,0x00000001777c7000)]
  0x0000000a418f4600 JavaThread "Unconstrained build operations Thread 12" [_thread_blocked, id=48187, stack(0x00000001777d0000,0x00000001779d3000)]
  0x0000000a41d1de00 JavaThread "Unconstrained build operations Thread 13" [_thread_blocked, id=46835, stack(0x00000001779dc000,0x0000000177bdf000)]
  0x0000000a41d1cc00 JavaThread "Unconstrained build operations Thread 14" [_thread_blocked, id=91123, stack(0x0000000177be8000,0x0000000177deb000)]
  0x0000000a41d1d200 JavaThread "Unconstrained build operations Thread 15" [_thread_blocked, id=97695, stack(0x0000000177df4000,0x0000000177ff7000)]
  0x0000000a41d1e400 JavaThread "Unconstrained build operations Thread 16" [_thread_blocked, id=122407, stack(0x0000000178000000,0x0000000178203000)]
  0x0000000a41d1ea00 JavaThread "Unconstrained build operations Thread 17" [_thread_blocked, id=73703, stack(0x000000017820c000,0x000000017840f000)]
  0x0000000a41d1f000 JavaThread "Unconstrained build operations Thread 18" [_thread_blocked, id=55687, stack(0x0000000178418000,0x000000017861b000)]
  0x0000000a41d1c600 JavaThread "Unconstrained build operations Thread 19" [_thread_blocked, id=54027, stack(0x0000000178624000,0x0000000178827000)]
  0x0000000a418eb600 JavaThread "Unconstrained build operations Thread 20" [_thread_blocked, id=82347, stack(0x0000000178830000,0x0000000178a33000)]
  0x0000000a418e9200 JavaThread "Unconstrained build operations Thread 21" [_thread_blocked, id=71355, stack(0x0000000178a3c000,0x0000000178c3f000)]
  0x0000000a418e8c00 JavaThread "Unconstrained build operations Thread 22" [_thread_blocked, id=123527, stack(0x0000000178c48000,0x0000000178e4b000)]
  0x0000000a418e9800 JavaThread "Unconstrained build operations Thread 23" [_thread_blocked, id=97491, stack(0x0000000178e54000,0x0000000179057000)]
  0x0000000a418e9e00 JavaThread "Unconstrained build operations Thread 24" [_thread_blocked, id=77747, stack(0x0000000179060000,0x0000000179263000)]
  0x0000000a418e8000 JavaThread "Unconstrained build operations Thread 25" [_thread_blocked, id=70947, stack(0x000000017926c000,0x000000017946f000)]
  0x0000000a4436f600 JavaThread "Unconstrained build operations Thread 26" [_thread_blocked, id=75047, stack(0x0000000179684000,0x0000000179887000)]
  0x0000000a4436ea00 JavaThread "Unconstrained build operations Thread 27" [_thread_blocked, id=73267, stack(0x0000000179890000,0x0000000179a93000)]
  0x0000000a4436c000 JavaThread "Unconstrained build operations Thread 28" [_thread_blocked, id=122723, stack(0x0000000179a9c000,0x0000000179c9f000)]
  0x0000000a4436de00 JavaThread "Unconstrained build operations Thread 29" [_thread_blocked, id=90579, stack(0x0000000179ca8000,0x0000000179eab000)]
  0x0000000a42064600 JavaThread "Unconstrained build operations Thread 30" [_thread_blocked, id=62483, stack(0x0000000179eb4000,0x000000017a0b7000)]
  0x0000000a42064000 JavaThread "Unconstrained build operations Thread 31" [_thread_blocked, id=36723, stack(0x000000017a0c0000,0x000000017a2c3000)]
  0x0000000a42065200 JavaThread "Unconstrained build operations Thread 32" [_thread_blocked, id=63787, stack(0x000000017a2cc000,0x000000017a4cf000)]
  0x0000000a42065800 JavaThread "Unconstrained build operations Thread 33" [_thread_blocked, id=104715, stack(0x000000017a4d8000,0x000000017a6db000)]
  0x0000000a42064c00 JavaThread "Unconstrained build operations Thread 34" [_thread_blocked, id=103187, stack(0x000000017a6e4000,0x000000017a8e7000)]
  0x0000000a42738000 JavaThread "WorkerExecutor Queue Thread 2" [_thread_blocked, id=128643, stack(0x000000017a8f0000,0x000000017aaf3000)]
  0x0000000a44870c00 JavaThread "WorkerExecutor Queue Thread 3" [_thread_blocked, id=56907, stack(0x000000017aafc000,0x000000017acff000)]
  0x0000000a42c28000 JavaThread "WorkerExecutor Queue Thread 4" [_thread_blocked, id=98515, stack(0x000000017ad08000,0x000000017af0b000)]
  0x0000000a42c45e00 JavaThread "WorkerExecutor Queue Thread 5" [_thread_blocked, id=103443, stack(0x000000017af14000,0x000000017b117000)]
  0x0000000a459f0c00 JavaThread "WorkerExecutor Queue Thread 6" [_thread_blocked, id=103687, stack(0x000000017b120000,0x000000017b323000)]
  0x0000000a436c3000 JavaThread "WorkerExecutor Queue Thread 7" [_thread_blocked, id=79483, stack(0x000000017b32c000,0x000000017b52f000)]
  0x0000000a4185de00 JavaThread "WorkerExecutor Queue Thread 8" [_thread_blocked, id=85787, stack(0x000000017b538000,0x000000017b73b000)]
  0x0000000a4185e400 JavaThread "WorkerExecutor Queue Thread 9" [_thread_blocked, id=65827, stack(0x000000017b744000,0x000000017b947000)]
  0x0000000a4185f000 JavaThread "WorkerExecutor Queue Thread 10" [_thread_blocked, id=113427, stack(0x000000017b950000,0x000000017bb53000)]
  0x0000000a41d44000 JavaThread "Unconstrained build operations Thread 35" [_thread_blocked, id=113291, stack(0x000000017bb5c000,0x000000017bd5f000)]
  0x0000000a41d44c00 JavaThread "Unconstrained build operations Thread 36" [_thread_blocked, id=118483, stack(0x000000017bd68000,0x000000017bf6b000)]
  0x0000000a41d45200 JavaThread "Unconstrained build operations Thread 37" [_thread_blocked, id=80239, stack(0x000000017bf74000,0x000000017c177000)]
  0x0000000a41d46400 JavaThread "Unconstrained build operations Thread 38" [_thread_blocked, id=94775, stack(0x000000017c598000,0x000000017c79b000)]
  0x0000000a4273f000 JavaThread "Unconstrained build operations Thread 39" [_thread_blocked, id=96815, stack(0x000000017c7a4000,0x000000017c9a7000)]
  0x0000000a4273cc00 JavaThread "Unconstrained build operations Thread 40" [_thread_blocked, id=119051, stack(0x000000017cbbc000,0x000000017cdbf000)]
  0x0000000a4273c000 JavaThread "Unconstrained build operations Thread 41" [_thread_blocked, id=40579, stack(0x000000017cdc8000,0x000000017cfcb000)]
  0x0000000a4273d800 JavaThread "Unconstrained build operations Thread 42" [_thread_blocked, id=92531, stack(0x000000017cfd4000,0x000000017d1d7000)]
  0x0000000a45ae3000 JavaThread "Unconstrained build operations Thread 43" [_thread_blocked, id=78683, stack(0x000000017d1e0000,0x000000017d3e3000)]
  0x0000000a4208ea00 JavaThread "Unconstrained build operations Thread 44" [_thread_blocked, id=47991, stack(0x000000017d3ec000,0x000000017d5ef000)]
  0x0000000a4208d800 JavaThread "Unconstrained build operations Thread 45" [_thread_blocked, id=83043, stack(0x000000017d5f8000,0x000000017d7fb000)]
  0x0000000a4208de00 JavaThread "Unconstrained build operations Thread 46" [_thread_blocked, id=86911, stack(0x000000017d804000,0x000000017da07000)]
  0x0000000a4208d200 JavaThread "Unconstrained build operations Thread 47" [_thread_blocked, id=54603, stack(0x000000017de28000,0x000000017e02b000)]
  0x0000000a4208f000 JavaThread "Unconstrained build operations Thread 48" [_thread_blocked, id=70499, stack(0x000000017e034000,0x000000017e237000)]
  0x0000000a4208e400 JavaThread "Unconstrained build operations Thread 49" [_thread_in_Java, id=76419, stack(0x000000017e240000,0x000000017e443000)]
  0x0000000a4208f600 JavaThread "Unconstrained build operations Thread 50" [_thread_in_Java, id=52515, stack(0x000000017e44c000,0x000000017e64f000)]
  0x0000000a4208cc00 JavaThread "Unconstrained build operations Thread 51" [_thread_blocked, id=76171, stack(0x000000017e658000,0x000000017e85b000)]
  0x0000000a45684600 JavaThread "Unconstrained build operations Thread 52" [_thread_blocked, id=99523, stack(0x000000017e864000,0x000000017ea67000)]
  0x0000000a45687600 JavaThread "Unconstrained build operations Thread 53" [_thread_blocked, id=72523, stack(0x000000017ea70000,0x000000017ec73000)]
  0x0000000a4206c600 JavaThread "Unconstrained build operations Thread 54" [_thread_blocked, id=67119, stack(0x000000017ec7c000,0x000000017ee7f000)]
  0x0000000a4206c000 JavaThread "Unconstrained build operations Thread 55" [_thread_blocked, id=63267, stack(0x000000017ee88000,0x000000017f08b000)]
  0x0000000a4206cc00 JavaThread "Unconstrained build operations Thread 56" [_thread_blocked, id=103947, stack(0x000000017f094000,0x000000017f297000)]
  0x0000000a4206d200 JavaThread "Unconstrained build operations Thread 57" [_thread_blocked, id=93491, stack(0x000000017f2a0000,0x000000017f4a3000)]
  0x0000000a4206ea00 JavaThread "Unconstrained build operations Thread 58" [_thread_blocked, id=104211, stack(0x000000017f6b8000,0x000000017f8bb000)]
  0x0000000a4206f000 JavaThread "Unconstrained build operations Thread 59" [_thread_blocked, id=76579, stack(0x000000017f8c4000,0x000000017fac7000)]
  0x0000000a42067600 JavaThread "Unconstrained build operations Thread 60" [_thread_blocked, id=125795, stack(0x000000017fad0000,0x000000017fcd3000)]
  0x0000000a44370600 JavaThread "Unconstrained build operations Thread 61" [_thread_blocked, id=71911, stack(0x000000017fcdc000,0x000000017fedf000)]
  0x0000000a44372400 JavaThread "Unconstrained build operations Thread 62" [_thread_blocked, id=59915, stack(0x0000000300004000,0x0000000300207000)]
  0x0000000a44370000 JavaThread "Unconstrained build operations Thread 63" [_thread_blocked, id=69375, stack(0x0000000300210000,0x0000000300413000)]
  0x0000000a44371800 JavaThread "Unconstrained build operations Thread 64" [_thread_blocked, id=83499, stack(0x000000030041c000,0x000000030061f000)]
  0x0000000a44371e00 JavaThread "Unconstrained build operations Thread 65" [_thread_blocked, id=114959, stack(0x0000000300628000,0x000000030082b000)]
  0x0000000a41091e00 JavaThread "Unconstrained build operations Thread 66" [_thread_blocked, id=121843, stack(0x0000000300834000,0x0000000300a37000)]
  0x0000000a41091800 JavaThread "Unconstrained build operations Thread 67" [_thread_blocked, id=97239, stack(0x0000000300a40000,0x0000000300c43000)]
  0x0000000a419ae400 JavaThread "Unconstrained build operations Thread 68" [_thread_blocked, id=92979, stack(0x0000000300c4c000,0x0000000300e4f000)]
  0x0000000a40c62a00 JavaThread "Unconstrained build operations Thread 69" [_thread_blocked, id=79931, stack(0x0000000300e58000,0x000000030105b000)]
  0x0000000a41794c00 JavaThread "Unconstrained build operations Thread 70" [_thread_blocked, id=55823, stack(0x0000000301064000,0x0000000301267000)]
  0x0000000a41795200 JavaThread "Unconstrained build operations Thread 71" [_thread_blocked, id=100643, stack(0x0000000301270000,0x0000000301473000)]
  0x0000000a411cd200 JavaThread "Unconstrained build operations Thread 72" [_thread_blocked, id=121119, stack(0x000000030147c000,0x000000030167f000)]
  0x0000000a411cde00 JavaThread "Unconstrained build operations Thread 73" [_thread_blocked, id=88187, stack(0x0000000301688000,0x000000030188b000)]
  0x0000000a411cd800 JavaThread "Unconstrained build operations Thread 74" [_thread_blocked, id=129551, stack(0x0000000301894000,0x0000000301a97000)]
  0x0000000a411cea00 JavaThread "Unconstrained build operations Thread 75" [_thread_blocked, id=85203, stack(0x0000000301aa0000,0x0000000301ca3000)]
  0x0000000a411ccc00 JavaThread "Unconstrained build operations Thread 76" [_thread_blocked, id=89851, stack(0x0000000301cac000,0x0000000301eaf000)]
  0x0000000a444c6a00 JavaThread "Unconstrained build operations Thread 77" [_thread_blocked, id=90851, stack(0x0000000301eb8000,0x00000003020bb000)]
  0x0000000a40eb8000 JavaThread "Unconstrained build operations Thread 78" [_thread_blocked, id=108559, stack(0x00000003020c4000,0x00000003022c7000)]
  0x0000000a40eb8600 JavaThread "Unconstrained build operations Thread 79" [_thread_blocked, id=129291, stack(0x00000003022d0000,0x00000003024d3000)]
  0x0000000a40eb8c00 JavaThread "Unconstrained build operations Thread 80" [_thread_blocked, id=39963, stack(0x00000003024dc000,0x00000003026df000)]
  0x0000000a40eba400 JavaThread "Unconstrained build operations Thread 81" [_thread_blocked, id=93355, stack(0x00000003028f4000,0x0000000302af7000)]
  0x0000000a40ebaa00 JavaThread "Unconstrained build operations Thread 82" [_thread_blocked, id=105499, stack(0x0000000302b00000,0x0000000302d03000)]
  0x0000000a40ebb000 JavaThread "Unconstrained build operations Thread 83" [_thread_blocked, id=46435, stack(0x0000000302d0c000,0x0000000302f0f000)]
  0x0000000a40ebb600 JavaThread "Unconstrained build operations Thread 84" [_thread_blocked, id=104975, stack(0x0000000302f18000,0x000000030311b000)]
  0x0000000a40224000 JavaThread "Unconstrained build operations Thread 85" [_thread_blocked, id=98643, stack(0x0000000303330000,0x0000000303533000)]
  0x0000000a40224600 JavaThread "Unconstrained build operations Thread 86" [_thread_blocked, id=120247, stack(0x000000030353c000,0x000000030373f000)]
  0x0000000a40224c00 JavaThread "Unconstrained build operations Thread 87" [_thread_blocked, id=126419, stack(0x0000000303954000,0x0000000303b57000)]
  0x0000000a40225200 JavaThread "Unconstrained build operations Thread 88" [_thread_blocked, id=56435, stack(0x0000000303b60000,0x0000000303d63000)]
  0x0000000a40225800 JavaThread "Unconstrained build operations Thread 89" [_thread_blocked, id=39459, stack(0x0000000303d6c000,0x0000000303f6f000)]
  0x0000000a40227600 JavaThread "Unconstrained build operations Thread 90" [_thread_blocked, id=125475, stack(0x0000000303f78000,0x000000030417b000)]
  0x0000000a41cbf600 JavaThread "Unconstrained build operations Thread 91" [_thread_blocked, id=101739, stack(0x0000000304184000,0x0000000304387000)]
  0x0000000a40270000 JavaThread "Unconstrained build operations Thread 92" [_thread_blocked, id=59443, stack(0x00000003047a8000,0x00000003049ab000)]
  0x0000000a40270600 JavaThread "Unconstrained build operations Thread 93" [_thread_blocked, id=70131, stack(0x00000003049b4000,0x0000000304bb7000)]
  0x0000000a40270c00 JavaThread "Unconstrained build operations Thread 94" [_thread_blocked, id=57639, stack(0x0000000304bc0000,0x0000000304dc3000)]
  0x0000000a40271200 JavaThread "Unconstrained build operations Thread 95" [_thread_blocked, id=52787, stack(0x0000000304dcc000,0x0000000304fcf000)]
  0x0000000a40271800 JavaThread "Unconstrained build operations Thread 96" [_thread_blocked, id=55175, stack(0x0000000304fd8000,0x00000003051db000)]
  0x0000000a40272400 JavaThread "Unconstrained build operations Thread 97" [_thread_blocked, id=77379, stack(0x00000003051e4000,0x00000003053e7000)]
  0x0000000a40271e00 JavaThread "Unconstrained build operations Thread 98" [_thread_blocked, id=80611, stack(0x00000003053f0000,0x00000003055f3000)]
  0x0000000a40272a00 JavaThread "Unconstrained build operations Thread 99" [_thread_blocked, id=74559, stack(0x00000003055fc000,0x00000003057ff000)]
  0x0000000a40273000 JavaThread "Unconstrained build operations Thread 100" [_thread_blocked, id=96075, stack(0x0000000305808000,0x0000000305a0b000)]
  0x0000000a40275200 JavaThread "RMI TCP Connection(idle)" daemon [_thread_blocked, id=108327, stack(0x00000003026e8000,0x00000003028eb000)]
  0x0000000a3d965e00 JavaThread "WorkerExecutor Queue Thread 12" [_thread_blocked, id=68895, stack(0x0000000305c20000,0x0000000305e23000)]
  0x0000000a3d967600 JavaThread "pool-40-thread-1" [_thread_blocked, id=120923, stack(0x0000000305e2c000,0x000000030602f000)]
  0x0000000a41d1f600 JavaThread "process reaper (pid 5149)" daemon [_thread_in_native, id=117807, stack(0x000000016f06c000,0x000000016f0a3000)]
  0x0000000a41d1c000 JavaThread "stderr" [_thread_in_native, id=70207, stack(0x0000000306038000,0x000000030623b000)]
  0x0000000a3d966400 JavaThread "stdout" [_thread_in_native, id=84075, stack(0x0000000306244000,0x0000000306447000)]
  0x0000000a418f5200 JavaThread "process reaper (pid 5150)" daemon [_thread_in_native, id=109059, stack(0x000000017fee8000,0x000000017ff1f000)]
  0x0000000a40eb9e00 JavaThread "stderr" [_thread_in_native, id=111363, stack(0x0000000306450000,0x0000000306653000)]
  0x0000000a3d654600 JavaThread "stdout" [_thread_in_native, id=110851, stack(0x000000030665c000,0x000000030685f000)]
  0x0000000a3d654000 JavaThread "ForkJoinPool-2-worker-1" daemon [_thread_blocked, id=109315, stack(0x0000000306868000,0x0000000306a6b000)]
  0x0000000a3d654c00 JavaThread "ForkJoinPool-2-worker-2" daemon [_thread_in_Java, id=109571, stack(0x0000000306a74000,0x0000000306c77000)]
  0x0000000a3d655200 JavaThread "ForkJoinPool-2-worker-3" daemon [_thread_blocked, id=110083, stack(0x0000000306c80000,0x0000000306e83000)]
  0x0000000a3d655800 JavaThread "ForkJoinPool-2-worker-4" daemon [_thread_blocked, id=131331, stack(0x0000000306e8c000,0x000000030708f000)]
  0x0000000a3d655e00 JavaThread "ForkJoinPool-2-worker-5" daemon [_thread_blocked, id=131843, stack(0x0000000307098000,0x000000030729b000)]
  0x0000000a3d656400 JavaThread "ForkJoinPool-2-worker-6" daemon [_thread_blocked, id=132099, stack(0x00000003072a4000,0x00000003074a7000)]
  0x0000000a3d656a00 JavaThread "ForkJoinPool-2-worker-7" daemon [_thread_blocked, id=132611, stack(0x00000003074b0000,0x00000003076b3000)]
  0x0000000a3d657000 JavaThread "ForkJoinPool-2-worker-8" daemon [_thread_in_Java, id=133123, stack(0x00000003076bc000,0x00000003078bf000)]
  0x0000000a3d657600 JavaThread "ForkJoinPool-2-worker-9" daemon [_thread_blocked, id=133379, stack(0x00000003078c8000,0x0000000307acb000)]
  0x0000000a3d658600 JavaThread "ForkJoinPool-2-worker-10" daemon [_thread_blocked, id=173571, stack(0x0000000307ad4000,0x0000000307cd7000)]

Other Threads:
  0x0000000102846040 VMThread "VM Thread" [stack: 0x000000016e97c000,0x000000016eb7f000] [id=19971]
  0x0000000102838920 WatcherThread [stack: 0x0000000170118000,0x000000017031b000] [id=26627]
  0x000000010283eaa0 GCTaskThread "GC Thread#0" [stack: 0x000000016df40000,0x000000016e143000] [id=11779]
  0x0000000a46ea8f00 GCTaskThread "GC Thread#1" [stack: 0x0000000170324000,0x0000000170527000] [id=33027]
  0x0000000a46ea9200 GCTaskThread "GC Thread#2" [stack: 0x0000000170530000,0x0000000170733000] [id=43011]
  0x0000000a46ea9500 GCTaskThread "GC Thread#3" [stack: 0x000000017073c000,0x000000017093f000] [id=33283]
  0x0000000a46ea9800 GCTaskThread "GC Thread#4" [stack: 0x0000000170948000,0x0000000170b4b000] [id=42499]
  0x0000000a46ea9b00 GCTaskThread "GC Thread#5" [stack: 0x0000000170b54000,0x0000000170d57000] [id=33795]
  0x0000000a45417900 GCTaskThread "GC Thread#6" [stack: 0x0000000172e20000,0x0000000173023000] [id=65027]
  0x0000000a45417c00 GCTaskThread "GC Thread#7" [stack: 0x000000017302c000,0x000000017322f000] [id=44803]
  0x0000000a45a14000 GCTaskThread "GC Thread#8" [stack: 0x0000000173238000,0x000000017343b000] [id=64515]
  0x000000010283f290 ConcurrentGCThread "G1 Main Marker" [stack: 0x000000016e14c000,0x000000016e34f000] [id=13315]
  0x000000010283fb90 ConcurrentGCThread "G1 Conc#0" [stack: 0x000000016e358000,0x000000016e55b000] [id=12291]
  0x0000000a45a14300 ConcurrentGCThread "G1 Conc#1" [stack: 0x0000000173444000,0x0000000173647000] [id=64259]
  0x0000000102842250 ConcurrentGCThread "G1 Refine#0" [stack: 0x000000016e564000,0x000000016e767000] [id=16643]
  0x0000000a45a16a00 ConcurrentGCThread "G1 Refine#1" [stack: 0x0000000173e80000,0x0000000174083000] [id=45315]
  0x0000000a45a17000 ConcurrentGCThread "G1 Refine#2" [stack: 0x000000017408c000,0x000000017428f000] [id=61187]
  0x0000000a45a17300 ConcurrentGCThread "G1 Refine#3" [stack: 0x0000000174298000,0x000000017449b000] [id=45827]
  0x0000000a4386a100 ConcurrentGCThread "G1 Refine#4" [stack: 0x0000000304390000,0x0000000304593000] [id=116483]
  0x0000000a4386a400 ConcurrentGCThread "G1 Refine#5" [stack: 0x000000030459c000,0x000000030479f000] [id=102659]
  0x0000000a438c3900 ConcurrentGCThread "G1 Refine#6" [stack: 0x000000017c38c000,0x000000017c58f000] [id=127755]
  0x0000000a43ba6400 ConcurrentGCThread "G1 Refine#7" [stack: 0x000000017c180000,0x000000017c383000] [id=83747]
  0x0000000a456a4f00 ConcurrentGCThread "G1 Refine#8" [stack: 0x000000017f4ac000,0x000000017f6af000] [id=124179]
  0x0000000102842b50 ConcurrentGCThread "G1 Service" [stack: 0x000000016e770000,0x000000016e973000] [id=21251]

Threads with active compile tasks:
C2 CompilerThread0  9620023 100975       4       org.jetbrains.org.objectweb.asm.ClassReader::readElementValue (1237 bytes)

VM state: not at safepoint (normal execution)

VM Mutex/Monitor currently owned by a thread: None

Heap address: 0x000000052a800000, size: 2048 MB, Compressed Oops mode: Zero based, Oop shift amount: 3

CDS archive(s) mapped at: [0x0000007000000000-0x0000007000bc0000-0x0000007000bc0000), size 12320768, SharedBaseAddress: 0x0000007000000000, ArchiveRelocationMode: 1.
Compressed class space mapped at: 0x0000007001000000-0x0000007041000000, reserved size: 1073741824
Narrow klass base: 0x0000007000000000, Narrow klass shift: 0, Narrow klass range: 0x100000000

GC Precious Log:
 CPUs: 10 total, 10 available
 Memory: 16384M
 Large Page Support: Disabled
 NUMA Support: Disabled
 Compressed Oops: Enabled (Zero based)
 Heap Region Size: 1M
 Heap Min Capacity: 8M
 Heap Initial Capacity: 256M
 Heap Max Capacity: 2G
 Pre-touch: Disabled
 Parallel Workers: 9
 Concurrent Workers: 2
 Concurrent Refinement Workers: 9
 Periodic GC: Disabled

Heap:
 garbage-first heap   total 2097152K, used 1542302K [0x000000052a800000, 0x00000005aa800000)
  region size 1024K, 746 young (763904K), 32 survivors (32768K)
 Metaspace       used 355656K, committed 358144K, reserved 1376256K
  class space    used 44728K, committed 46272K, reserved 1048576K

Heap Regions: E=young(eden), S=young(survivor), O=old, HS=humongous(starts), HC=humongous(continues), CS=collection set, F=free, OA=open archive, CA=closed archive, TAMS=top-at-mark-start (previous, next)
|   0|0x000000052a800000, 0x000000052a900000, 0x000000052a900000|100%|HS|  |TAMS 0x000000052a900000, 0x000000052a800000| Complete 
|   1|0x000000052a900000, 0x000000052aa00000, 0x000000052aa00000|100%|HC|  |TAMS 0x000000052aa00000, 0x000000052a900000| Complete 
|   2|0x000000052aa00000, 0x000000052ab00000, 0x000000052ab00000|100%|HC|  |TAMS 0x000000052ab00000, 0x000000052aa00000| Complete 
|   3|0x000000052ab00000, 0x000000052ac00000, 0x000000052ac00000|100%|HC|  |TAMS 0x000000052ac00000, 0x000000052ab00000| Complete 
|   4|0x000000052ac00000, 0x000000052ad00000, 0x000000052ad00000|100%| O|  |TAMS 0x000000052ad00000, 0x000000052ac00000| Untracked 
|   5|0x000000052ad00000, 0x000000052ae00000, 0x000000052ae00000|100%| O|  |TAMS 0x000000052ae00000, 0x000000052ad00000| Untracked 
|   6|0x000000052ae00000, 0x000000052af00000, 0x000000052af00000|100%| O|  |TAMS 0x000000052af00000, 0x000000052ae00000| Untracked 
|   7|0x000000052af00000, 0x000000052affffd0, 0x000000052b000000| 99%| O|  |TAMS 0x000000052affffd0, 0x000000052af00000| Untracked 
|   8|0x000000052b000000, 0x000000052b0fffb0, 0x000000052b100000| 99%| O|  |TAMS 0x000000052b0fffb0, 0x000000052b000000| Untracked 
|   9|0x000000052b100000, 0x000000052b1ffff8, 0x000000052b200000| 99%| O|  |TAMS 0x000000052b1ffff8, 0x000000052b100000| Untracked 
|  10|0x000000052b200000, 0x000000052b2ffff8, 0x000000052b300000| 99%| O|  |TAMS 0x000000052b2ffff8, 0x000000052b200000| Untracked 
|  11|0x000000052b300000, 0x000000052b3ffff8, 0x000000052b400000| 99%| O|  |TAMS 0x000000052b3ffff8, 0x000000052b300000| Untracked 
|  12|0x000000052b400000, 0x000000052b4ffff0, 0x000000052b500000| 99%| O|  |TAMS 0x000000052b4ffff0, 0x000000052b400000| Untracked 
|  13|0x000000052b500000, 0x000000052b600000, 0x000000052b600000|100%| O|  |TAMS 0x000000052b600000, 0x000000052b500000| Untracked 
|  14|0x000000052b600000, 0x000000052b6fffe8, 0x000000052b700000| 99%| O|  |TAMS 0x000000052b6fffe8, 0x000000052b600000| Untracked 
|  15|0x000000052b700000, 0x000000052b7ffff0, 0x000000052b800000| 99%| O|  |TAMS 0x000000052b7ffff0, 0x000000052b700000| Untracked 
|  16|0x000000052b800000, 0x000000052b8fffa8, 0x000000052b900000| 99%| O|  |TAMS 0x000000052b8fffa8, 0x000000052b800000| Untracked 
|  17|0x000000052b900000, 0x000000052ba00000, 0x000000052ba00000|100%| O|  |TAMS 0x000000052ba00000, 0x000000052b900000| Untracked 
|  18|0x000000052ba00000, 0x000000052bafb5b8, 0x000000052bb00000| 98%| O|  |TAMS 0x000000052bafb5b8, 0x000000052ba00000| Untracked 
|  19|0x000000052bb00000, 0x000000052bbfffc8, 0x000000052bc00000| 99%| O|  |TAMS 0x000000052bbfffc8, 0x000000052bb00000| Untracked 
|  20|0x000000052bc00000, 0x000000052bcfffe8, 0x000000052bd00000| 99%| O|  |TAMS 0x000000052bcfffe8, 0x000000052bc00000| Untracked 
|  21|0x000000052bd00000, 0x000000052bdffff0, 0x000000052be00000| 99%| O|  |TAMS 0x000000052bdffff0, 0x000000052bd00000| Untracked 
|  22|0x000000052be00000, 0x000000052befff58, 0x000000052bf00000| 99%| O|  |TAMS 0x000000052befff58, 0x000000052be00000| Untracked 
|  23|0x000000052bf00000, 0x000000052bfffff0, 0x000000052c000000| 99%| O|  |TAMS 0x000000052bfffff0, 0x000000052bf00000| Untracked 
|  24|0x000000052c000000, 0x000000052c0ffe70, 0x000000052c100000| 99%| O|  |TAMS 0x000000052c0ffe70, 0x000000052c000000| Untracked 
|  25|0x000000052c100000, 0x000000052c1ffff8, 0x000000052c200000| 99%| O|  |TAMS 0x000000052c1ffff8, 0x000000052c100000| Untracked 
|  26|0x000000052c200000, 0x000000052c300000, 0x000000052c300000|100%| O|  |TAMS 0x000000052c300000, 0x000000052c200000| Updating 
|  27|0x000000052c300000, 0x000000052c3ffaa0, 0x000000052c400000| 99%| O|  |TAMS 0x000000052c3ffaa0, 0x000000052c300000| Untracked 
|  28|0x000000052c400000, 0x000000052c4fffe0, 0x000000052c500000| 99%| O|  |TAMS 0x000000052c4fffe0, 0x000000052c400000| Untracked 
|  29|0x000000052c500000, 0x000000052c600000, 0x000000052c600000|100%|HS|  |TAMS 0x000000052c600000, 0x000000052c500000| Complete 
|  30|0x000000052c600000, 0x000000052c700000, 0x000000052c700000|100%|HS|  |TAMS 0x000000052c700000, 0x000000052c600000| Complete 
|  31|0x000000052c700000, 0x000000052c800000, 0x000000052c800000|100%|HS|  |TAMS 0x000000052c800000, 0x000000052c700000| Complete 
|  32|0x000000052c800000, 0x000000052c900000, 0x000000052c900000|100%|HC|  |TAMS 0x000000052c900000, 0x000000052c800000| Complete 
|  33|0x000000052c900000, 0x000000052ca00000, 0x000000052ca00000|100%|HS|  |TAMS 0x000000052ca00000, 0x000000052c900000| Complete 
|  34|0x000000052ca00000, 0x000000052cb00000, 0x000000052cb00000|100%|HC|  |TAMS 0x000000052cb00000, 0x000000052ca00000| Complete 
|  35|0x000000052cb00000, 0x000000052cc00000, 0x000000052cc00000|100%|HS|  |TAMS 0x000000052cc00000, 0x000000052cb00000| Complete 
|  36|0x000000052cc00000, 0x000000052cd00000, 0x000000052cd00000|100%|HS|  |TAMS 0x000000052cd00000, 0x000000052cc00000| Complete 
|  37|0x000000052cd00000, 0x000000052ce00000, 0x000000052ce00000|100%|HC|  |TAMS 0x000000052ce00000, 0x000000052cd00000| Complete 
|  38|0x000000052ce00000, 0x000000052cf00000, 0x000000052cf00000|100%|HC|  |TAMS 0x000000052cf00000, 0x000000052ce00000| Complete 
|  39|0x000000052cf00000, 0x000000052d000000, 0x000000052d000000|100%|HC|  |TAMS 0x000000052d000000, 0x000000052cf00000| Complete 
|  40|0x000000052d000000, 0x000000052d0fd9d8, 0x000000052d100000| 99%| O|  |TAMS 0x000000052d0fd9d8, 0x000000052d000000| Updating 
|  41|0x000000052d100000, 0x000000052d1fffe8, 0x000000052d200000| 99%| O|  |TAMS 0x000000052d1fffe8, 0x000000052d100000| Untracked 
|  42|0x000000052d200000, 0x000000052d2f3c48, 0x000000052d300000| 95%| O|  |TAMS 0x000000052d2f3c48, 0x000000052d200000| Untracked 
|  43|0x000000052d300000, 0x000000052d3ffff8, 0x000000052d400000| 99%| O|  |TAMS 0x000000052d3ffff8, 0x000000052d300000| Untracked 
|  44|0x000000052d400000, 0x000000052d4fdfb0, 0x000000052d500000| 99%| O|  |TAMS 0x000000052d4fdfb0, 0x000000052d400000| Updating 
|  45|0x000000052d500000, 0x000000052d600000, 0x000000052d600000|100%|HS|  |TAMS 0x000000052d500000, 0x000000052d500000| Complete 
|  46|0x000000052d600000, 0x000000052d6d0860, 0x000000052d700000| 81%| O|  |TAMS 0x000000052d6d0860, 0x000000052d600000| Updating 
|  47|0x000000052d700000, 0x000000052d7fa158, 0x000000052d800000| 97%| O|  |TAMS 0x000000052d7fa158, 0x000000052d700000| Untracked 
|  48|0x000000052d800000, 0x000000052d900000, 0x000000052d900000|100%| O|  |TAMS 0x000000052d900000, 0x000000052d800000| Untracked 
|  49|0x000000052d900000, 0x000000052da00000, 0x000000052da00000|100%| O|  |TAMS 0x000000052da00000, 0x000000052d900000| Untracked 
|  50|0x000000052da00000, 0x000000052daffff8, 0x000000052db00000| 99%| O|  |TAMS 0x000000052daffff8, 0x000000052da00000| Untracked 
|  51|0x000000052db00000, 0x000000052dbffff8, 0x000000052dc00000| 99%| O|  |TAMS 0x000000052dbffff8, 0x000000052db00000| Untracked 
|  52|0x000000052dc00000, 0x000000052dcfffb8, 0x000000052dd00000| 99%| O|  |TAMS 0x000000052dcfffb8, 0x000000052dc00000| Updating 
|  53|0x000000052dd00000, 0x000000052ddfffc8, 0x000000052de00000| 99%| O|  |TAMS 0x000000052ddfffc8, 0x000000052dd00000| Untracked 
|  54|0x000000052de00000, 0x000000052df00000, 0x000000052df00000|100%|HS|  |TAMS 0x000000052de00000, 0x000000052de00000| Complete 
|  55|0x000000052df00000, 0x000000052dfffff8, 0x000000052e000000| 99%| O|  |TAMS 0x000000052dfffff8, 0x000000052df00000| Untracked 
|  56|0x000000052e000000, 0x000000052e0fffe8, 0x000000052e100000| 99%| O|  |TAMS 0x000000052e0fffe8, 0x000000052e000000| Untracked 
|  57|0x000000052e100000, 0x000000052e200000, 0x000000052e200000|100%| O|  |TAMS 0x000000052e200000, 0x000000052e100000| Untracked 
|  58|0x000000052e200000, 0x000000052e300000, 0x000000052e300000|100%|HS|  |TAMS 0x000000052e300000, 0x000000052e200000| Complete 
|  59|0x000000052e300000, 0x000000052e400000, 0x000000052e400000|100%|HS|  |TAMS 0x000000052e400000, 0x000000052e300000| Complete 
|  60|0x000000052e400000, 0x000000052e500000, 0x000000052e500000|100%|HS|  |TAMS 0x000000052e500000, 0x000000052e400000| Complete 
|  61|0x000000052e500000, 0x000000052e600000, 0x000000052e600000|100%| O|  |TAMS 0x000000052e600000, 0x000000052e500000| Updating 
|  62|0x000000052e600000, 0x000000052e6f1208, 0x000000052e700000| 94%| O|  |TAMS 0x000000052e6f1208, 0x000000052e600000| Untracked 
|  63|0x000000052e700000, 0x000000052e800000, 0x000000052e800000|100%|HS|  |TAMS 0x000000052e700000, 0x000000052e700000| Complete 
|  64|0x000000052e800000, 0x000000052e8fffc8, 0x000000052e900000| 99%| O|  |TAMS 0x000000052e8fffc8, 0x000000052e800000| Updating 
|  65|0x000000052e900000, 0x000000052ea00000, 0x000000052ea00000|100%| O|  |TAMS 0x000000052ea00000, 0x000000052e900000| Untracked 
|  66|0x000000052ea00000, 0x000000052eb00000, 0x000000052eb00000|100%|HS|  |TAMS 0x000000052eb00000, 0x000000052ea00000| Complete 
|  67|0x000000052eb00000, 0x000000052ebffff8, 0x000000052ec00000| 99%| O|  |TAMS 0x000000052ebffff8, 0x000000052eb00000| Updating 
|  68|0x000000052ec00000, 0x000000052ecffff0, 0x000000052ed00000| 99%| O|  |TAMS 0x000000052ecffff0, 0x000000052ec00000| Untracked 
|  69|0x000000052ed00000, 0x000000052edffff0, 0x000000052ee00000| 99%| O|  |TAMS 0x000000052edffff0, 0x000000052ed00000| Updating 
|  70|0x000000052ee00000, 0x000000052eeffff0, 0x000000052ef00000| 99%| O|  |TAMS 0x000000052eeffff0, 0x000000052ee00000| Updating 
|  71|0x000000052ef00000, 0x000000052f000000, 0x000000052f000000|100%|HS|  |TAMS 0x000000052f000000, 0x000000052ef00000| Complete 
|  72|0x000000052f000000, 0x000000052f100000, 0x000000052f100000|100%|HC|  |TAMS 0x000000052f100000, 0x000000052f000000| Complete 
|  73|0x000000052f100000, 0x000000052f200000, 0x000000052f200000|100%|HC|  |TAMS 0x000000052f200000, 0x000000052f100000| Complete 
|  74|0x000000052f200000, 0x000000052f300000, 0x000000052f300000|100%|HC|  |TAMS 0x000000052f300000, 0x000000052f200000| Complete 
|  75|0x000000052f300000, 0x000000052f3ffff0, 0x000000052f400000| 99%| O|  |TAMS 0x000000052f3ffff0, 0x000000052f300000| Untracked 
|  76|0x000000052f400000, 0x000000052f4ffff8, 0x000000052f500000| 99%| O|  |TAMS 0x000000052f4ffff8, 0x000000052f400000| Updating 
|  77|0x000000052f500000, 0x000000052f600000, 0x000000052f600000|100%|HS|  |TAMS 0x000000052f600000, 0x000000052f500000| Complete 
|  78|0x000000052f600000, 0x000000052f6ffff8, 0x000000052f700000| 99%| O|  |TAMS 0x000000052f6ffff8, 0x000000052f600000| Untracked 
|  79|0x000000052f700000, 0x000000052f7fffe8, 0x000000052f800000| 99%| O|  |TAMS 0x000000052f7fffe8, 0x000000052f700000| Updating 
|  80|0x000000052f800000, 0x000000052f8ffff0, 0x000000052f900000| 99%| O|  |TAMS 0x000000052f8ffff0, 0x000000052f800000| Updating 
|  81|0x000000052f900000, 0x000000052fa00000, 0x000000052fa00000|100%| O|  |TAMS 0x000000052fa00000, 0x000000052f900000| Updating 
|  82|0x000000052fa00000, 0x000000052faffff8, 0x000000052fb00000| 99%| O|  |TAMS 0x000000052faffff8, 0x000000052fa00000| Untracked 
|  83|0x000000052fb00000, 0x000000052fc00000, 0x000000052fc00000|100%|HS|  |TAMS 0x000000052fc00000, 0x000000052fb00000| Complete 
|  84|0x000000052fc00000, 0x000000052fd00000, 0x000000052fd00000|100%|HC|  |TAMS 0x000000052fd00000, 0x000000052fc00000| Complete 
|  85|0x000000052fd00000, 0x000000052fe00000, 0x000000052fe00000|100%| O|  |TAMS 0x000000052fe00000, 0x000000052fd00000| Updating 
|  86|0x000000052fe00000, 0x000000052fefffe0, 0x000000052ff00000| 99%| O|  |TAMS 0x000000052fefffe0, 0x000000052fe00000| Updating 
|  87|0x000000052ff00000, 0x000000052ffe3b48, 0x0000000530000000| 88%| O|  |TAMS 0x000000052ffe3b48, 0x000000052ff00000| Updating 
|  88|0x0000000530000000, 0x0000000530100000, 0x0000000530100000|100%| O|  |TAMS 0x0000000530100000, 0x0000000530000000| Updating 
|  89|0x0000000530100000, 0x0000000530200000, 0x0000000530200000|100%|HS|  |TAMS 0x0000000530200000, 0x0000000530100000| Complete 
|  90|0x0000000530200000, 0x00000005302ffff8, 0x0000000530300000| 99%| O|  |TAMS 0x00000005302ffff8, 0x0000000530200000| Updating 
|  91|0x0000000530300000, 0x0000000530400000, 0x0000000530400000|100%|HS|  |TAMS 0x0000000530400000, 0x0000000530300000| Complete 
|  92|0x0000000530400000, 0x00000005304fffa0, 0x0000000530500000| 99%| O|  |TAMS 0x00000005304fffa0, 0x0000000530400000| Updating 
|  93|0x0000000530500000, 0x00000005305fffe8, 0x0000000530600000| 99%| O|  |TAMS 0x00000005305fffe8, 0x0000000530500000| Updating 
|  94|0x0000000530600000, 0x00000005306fe838, 0x0000000530700000| 99%| O|  |TAMS 0x00000005306fe838, 0x0000000530600000| Untracked 
|  95|0x0000000530700000, 0x0000000530800000, 0x0000000530800000|100%|HS|  |TAMS 0x0000000530800000, 0x0000000530700000| Complete 
|  96|0x0000000530800000, 0x0000000530900000, 0x0000000530900000|100%|HS|  |TAMS 0x0000000530800000, 0x0000000530800000| Complete 
|  97|0x0000000530900000, 0x0000000530a00000, 0x0000000530a00000|100%|HC|  |TAMS 0x0000000530900000, 0x0000000530900000| Complete 
|  98|0x0000000530a00000, 0x0000000530b00000, 0x0000000530b00000|100%|HS|  |TAMS 0x0000000530a00000, 0x0000000530a00000| Complete 
|  99|0x0000000530b00000, 0x0000000530c00000, 0x0000000530c00000|100%| O|  |TAMS 0x0000000530c00000, 0x0000000530b00000| Updating 
| 100|0x0000000530c00000, 0x0000000530d00000, 0x0000000530d00000|100%|HS|  |TAMS 0x0000000530d00000, 0x0000000530c00000| Complete 
| 101|0x0000000530d00000, 0x0000000530e00000, 0x0000000530e00000|100%|HS|  |TAMS 0x0000000530d00000, 0x0000000530d00000| Complete 
| 102|0x0000000530e00000, 0x0000000530f00000, 0x0000000530f00000|100%| O|  |TAMS 0x0000000530f00000, 0x0000000530e00000| Untracked 
| 103|0x0000000530f00000, 0x0000000531000000, 0x0000000531000000|100%|HS|  |TAMS 0x0000000531000000, 0x0000000530f00000| Complete 
| 104|0x0000000531000000, 0x0000000531100000, 0x0000000531100000|100%| O|  |TAMS 0x0000000531100000, 0x0000000531000000| Updating 
| 105|0x0000000531100000, 0x0000000531200000, 0x0000000531200000|100%| O|  |TAMS 0x0000000531200000, 0x0000000531100000| Updating 
| 106|0x0000000531200000, 0x0000000531300000, 0x0000000531300000|100%| O|  |TAMS 0x0000000531300000, 0x0000000531200000| Untracked 
| 107|0x0000000531300000, 0x0000000531400000, 0x0000000531400000|100%| O|  |TAMS 0x0000000531400000, 0x0000000531300000| Updating 
| 108|0x0000000531400000, 0x0000000531500000, 0x0000000531500000|100%|HS|  |TAMS 0x0000000531400000, 0x0000000531400000| Complete 
| 109|0x0000000531500000, 0x0000000531600000, 0x0000000531600000|100%| O|  |TAMS 0x0000000531600000, 0x0000000531500000| Updating 
| 110|0x0000000531600000, 0x0000000531700000, 0x0000000531700000|100%|HS|  |TAMS 0x0000000531700000, 0x0000000531600000| Complete 
| 111|0x0000000531700000, 0x0000000531800000, 0x0000000531800000|100%|HC|  |TAMS 0x0000000531800000, 0x0000000531700000| Complete 
| 112|0x0000000531800000, 0x0000000531900000, 0x0000000531900000|100%|HC|  |TAMS 0x0000000531900000, 0x0000000531800000| Complete 
| 113|0x0000000531900000, 0x0000000531a00000, 0x0000000531a00000|100%| O|  |TAMS 0x0000000531a00000, 0x0000000531900000| Untracked 
| 114|0x0000000531a00000, 0x0000000531b00000, 0x0000000531b00000|100%| O|  |TAMS 0x0000000531b00000, 0x0000000531a00000| Untracked 
| 115|0x0000000531b00000, 0x0000000531c00000, 0x0000000531c00000|100%| O|  |TAMS 0x0000000531c00000, 0x0000000531b00000| Untracked 
| 116|0x0000000531c00000, 0x0000000531d00000, 0x0000000531d00000|100%| O|  |TAMS 0x0000000531d00000, 0x0000000531c00000| Updating 
| 117|0x0000000531d00000, 0x0000000531e00000, 0x0000000531e00000|100%|HS|  |TAMS 0x0000000531e00000, 0x0000000531d00000| Complete 
| 118|0x0000000531e00000, 0x0000000531f00000, 0x0000000531f00000|100%| O|  |TAMS 0x0000000531f00000, 0x0000000531e00000| Untracked 
| 119|0x0000000531f00000, 0x0000000532000000, 0x0000000532000000|100%| O|  |TAMS 0x0000000532000000, 0x0000000531f00000| Updating 
| 120|0x0000000532000000, 0x0000000532100000, 0x0000000532100000|100%|HS|  |TAMS 0x0000000532100000, 0x0000000532000000| Complete 
| 121|0x0000000532100000, 0x0000000532200000, 0x0000000532200000|100%|HC|  |TAMS 0x0000000532200000, 0x0000000532100000| Complete 
| 122|0x0000000532200000, 0x0000000532300000, 0x0000000532300000|100%| O|  |TAMS 0x0000000532300000, 0x0000000532200000| Untracked 
| 123|0x0000000532300000, 0x0000000532400000, 0x0000000532400000|100%|HS|  |TAMS 0x0000000532400000, 0x0000000532300000| Complete 
| 124|0x0000000532400000, 0x00000005324dc5b0, 0x0000000532500000| 86%| O|  |TAMS 0x00000005324dc5b0, 0x0000000532400000| Updating 
| 125|0x0000000532500000, 0x0000000532600000, 0x0000000532600000|100%| O|  |TAMS 0x0000000532600000, 0x0000000532500000| Updating 
| 126|0x0000000532600000, 0x0000000532700000, 0x0000000532700000|100%| O|  |TAMS 0x0000000532700000, 0x0000000532600000| Updating 
| 127|0x0000000532700000, 0x0000000532800000, 0x0000000532800000|100%| O|  |TAMS 0x0000000532800000, 0x0000000532700000| Updating 
| 128|0x0000000532800000, 0x0000000532900000, 0x0000000532900000|100%| O|  |TAMS 0x0000000532900000, 0x0000000532800000| Untracked 
| 129|0x0000000532900000, 0x0000000532a00000, 0x0000000532a00000|100%| O|  |TAMS 0x0000000532a00000, 0x0000000532900000| Updating 
| 130|0x0000000532a00000, 0x0000000532b00000, 0x0000000532b00000|100%| O|  |TAMS 0x0000000532b00000, 0x0000000532a00000| Updating 
| 131|0x0000000532b00000, 0x0000000532c00000, 0x0000000532c00000|100%| O|  |TAMS 0x0000000532c00000, 0x0000000532b00000| Updating 
| 132|0x0000000532c00000, 0x0000000532d00000, 0x0000000532d00000|100%| O|  |TAMS 0x0000000532d00000, 0x0000000532c00000| Untracked 
| 133|0x0000000532d00000, 0x0000000532e00000, 0x0000000532e00000|100%| O|  |TAMS 0x0000000532e00000, 0x0000000532d00000| Updating 
| 134|0x0000000532e00000, 0x0000000532f00000, 0x0000000532f00000|100%| O|  |TAMS 0x0000000532f00000, 0x0000000532e00000| Untracked 
| 135|0x0000000532f00000, 0x0000000533000000, 0x0000000533000000|100%| O|  |TAMS 0x0000000533000000, 0x0000000532f00000| Untracked 
| 136|0x0000000533000000, 0x0000000533100000, 0x0000000533100000|100%| O|  |TAMS 0x0000000533100000, 0x0000000533000000| Updating 
| 137|0x0000000533100000, 0x0000000533200000, 0x0000000533200000|100%|HS|  |TAMS 0x0000000533200000, 0x0000000533100000| Complete 
| 138|0x0000000533200000, 0x0000000533300000, 0x0000000533300000|100%|HC|  |TAMS 0x0000000533300000, 0x0000000533200000| Complete 
| 139|0x0000000533300000, 0x0000000533400000, 0x0000000533400000|100%| O|  |TAMS 0x0000000533400000, 0x0000000533300000| Untracked 
| 140|0x0000000533400000, 0x0000000533500000, 0x0000000533500000|100%| O|  |TAMS 0x0000000533500000, 0x0000000533400000| Updating 
| 141|0x0000000533500000, 0x0000000533600000, 0x0000000533600000|100%| O|  |TAMS 0x0000000533600000, 0x0000000533500000| Updating 
| 142|0x0000000533600000, 0x0000000533700000, 0x0000000533700000|100%| O|  |TAMS 0x0000000533700000, 0x0000000533600000| Untracked 
| 143|0x0000000533700000, 0x0000000533800000, 0x0000000533800000|100%| O|  |TAMS 0x0000000533800000, 0x0000000533700000| Updating 
| 144|0x0000000533800000, 0x0000000533900000, 0x0000000533900000|100%| O|  |TAMS 0x0000000533900000, 0x0000000533800000| Updating 
| 145|0x0000000533900000, 0x0000000533a00000, 0x0000000533a00000|100%| O|  |TAMS 0x0000000533a00000, 0x0000000533900000| Untracked 
| 146|0x0000000533a00000, 0x0000000533b00000, 0x0000000533b00000|100%| O|  |TAMS 0x0000000533b00000, 0x0000000533a00000| Untracked 
| 147|0x0000000533b00000, 0x0000000533c00000, 0x0000000533c00000|100%| O|  |TAMS 0x0000000533c00000, 0x0000000533b00000| Updating 
| 148|0x0000000533c00000, 0x0000000533d00000, 0x0000000533d00000|100%| O|  |TAMS 0x0000000533d00000, 0x0000000533c00000| Untracked 
| 149|0x0000000533d00000, 0x0000000533e00000, 0x0000000533e00000|100%| O|  |TAMS 0x0000000533e00000, 0x0000000533d00000| Untracked 
| 150|0x0000000533e00000, 0x0000000533f00000, 0x0000000533f00000|100%| O|  |TAMS 0x0000000533f00000, 0x0000000533e00000| Untracked 
| 151|0x0000000533f00000, 0x0000000534000000, 0x0000000534000000|100%|HS|  |TAMS 0x0000000534000000, 0x0000000533f00000| Complete 
| 152|0x0000000534000000, 0x0000000534100000, 0x0000000534100000|100%|HC|  |TAMS 0x0000000534100000, 0x0000000534000000| Complete 
| 153|0x0000000534100000, 0x0000000534200000, 0x0000000534200000|100%| O|  |TAMS 0x0000000534200000, 0x0000000534100000| Updating 
| 154|0x0000000534200000, 0x0000000534300000, 0x0000000534300000|100%|HS|  |TAMS 0x0000000534300000, 0x0000000534200000| Complete 
| 155|0x0000000534300000, 0x0000000534400000, 0x0000000534400000|100%|HC|  |TAMS 0x0000000534400000, 0x0000000534300000| Complete 
| 156|0x0000000534400000, 0x0000000534500000, 0x0000000534500000|100%|HC|  |TAMS 0x0000000534500000, 0x0000000534400000| Complete 
| 157|0x0000000534500000, 0x0000000534600000, 0x0000000534600000|100%| O|  |TAMS 0x0000000534600000, 0x0000000534500000| Untracked 
| 158|0x0000000534600000, 0x0000000534700000, 0x0000000534700000|100%| O|  |TAMS 0x0000000534700000, 0x0000000534600000| Updating 
| 159|0x0000000534700000, 0x0000000534800000, 0x0000000534800000|100%| O|  |TAMS 0x0000000534800000, 0x0000000534700000| Updating 
| 160|0x0000000534800000, 0x0000000534900000, 0x0000000534900000|100%| O|  |TAMS 0x0000000534900000, 0x0000000534800000| Updating 
| 161|0x0000000534900000, 0x0000000534a00000, 0x0000000534a00000|100%| O|  |TAMS 0x0000000534a00000, 0x0000000534900000| Untracked 
| 162|0x0000000534a00000, 0x0000000534b00000, 0x0000000534b00000|100%| O|  |TAMS 0x0000000534b00000, 0x0000000534a00000| Untracked 
| 163|0x0000000534b00000, 0x0000000534c00000, 0x0000000534c00000|100%| O|  |TAMS 0x0000000534c00000, 0x0000000534b00000| Untracked 
| 164|0x0000000534c00000, 0x0000000534d00000, 0x0000000534d00000|100%|HS|  |TAMS 0x0000000534d00000, 0x0000000534c00000| Complete 
| 165|0x0000000534d00000, 0x0000000534e00000, 0x0000000534e00000|100%|HC|  |TAMS 0x0000000534e00000, 0x0000000534d00000| Complete 
| 166|0x0000000534e00000, 0x0000000534f00000, 0x0000000534f00000|100%| O|  |TAMS 0x0000000534f00000, 0x0000000534e00000| Updating 
| 167|0x0000000534f00000, 0x0000000535000000, 0x0000000535000000|100%| O|  |TAMS 0x0000000535000000, 0x0000000534f00000| Updating 
| 168|0x0000000535000000, 0x0000000535100000, 0x0000000535100000|100%| O|  |TAMS 0x0000000535100000, 0x0000000535000000| Untracked 
| 169|0x0000000535100000, 0x0000000535200000, 0x0000000535200000|100%| O|  |TAMS 0x0000000535200000, 0x0000000535100000| Updating 
| 170|0x0000000535200000, 0x0000000535300000, 0x0000000535300000|100%|HS|  |TAMS 0x0000000535300000, 0x0000000535200000| Complete 
| 171|0x0000000535300000, 0x0000000535400000, 0x0000000535400000|100%| O|  |TAMS 0x0000000535400000, 0x0000000535300000| Untracked 
| 172|0x0000000535400000, 0x0000000535500000, 0x0000000535500000|100%| O|  |TAMS 0x0000000535500000, 0x0000000535400000| Updating 
| 173|0x0000000535500000, 0x0000000535600000, 0x0000000535600000|100%| O|  |TAMS 0x0000000535600000, 0x0000000535500000| Updating 
| 174|0x0000000535600000, 0x0000000535700000, 0x0000000535700000|100%| O|  |TAMS 0x0000000535700000, 0x0000000535600000| Untracked 
| 175|0x0000000535700000, 0x0000000535800000, 0x0000000535800000|100%| O|  |TAMS 0x0000000535800000, 0x0000000535700000| Untracked 
| 176|0x0000000535800000, 0x0000000535900000, 0x0000000535900000|100%| O|  |TAMS 0x0000000535900000, 0x0000000535800000| Untracked 
| 177|0x0000000535900000, 0x0000000535a00000, 0x0000000535a00000|100%|HS|  |TAMS 0x0000000535900000, 0x0000000535900000| Complete 
| 178|0x0000000535a00000, 0x0000000535b00000, 0x0000000535b00000|100%| O|  |TAMS 0x0000000535b00000, 0x0000000535a00000| Updating 
| 179|0x0000000535b00000, 0x0000000535c00000, 0x0000000535c00000|100%| O|  |TAMS 0x0000000535c00000, 0x0000000535b00000| Updating 
| 180|0x0000000535c00000, 0x0000000535d00000, 0x0000000535d00000|100%| O|  |TAMS 0x0000000535d00000, 0x0000000535c00000| Untracked 
| 181|0x0000000535d00000, 0x0000000535e00000, 0x0000000535e00000|100%| O|  |TAMS 0x0000000535e00000, 0x0000000535d00000| Updating 
| 182|0x0000000535e00000, 0x0000000535f00000, 0x0000000535f00000|100%|HS|  |TAMS 0x0000000535e00000, 0x0000000535e00000| Complete 
| 183|0x0000000535f00000, 0x0000000536000000, 0x0000000536000000|100%|HC|  |TAMS 0x0000000535f00000, 0x0000000535f00000| Complete 
| 184|0x0000000536000000, 0x0000000536100000, 0x0000000536100000|100%| O|  |TAMS 0x0000000536100000, 0x0000000536000000| Untracked 
| 185|0x0000000536100000, 0x0000000536200000, 0x0000000536200000|100%| O|  |TAMS 0x0000000536200000, 0x0000000536100000| Untracked 
| 186|0x0000000536200000, 0x0000000536300000, 0x0000000536300000|100%| O|  |TAMS 0x0000000536300000, 0x0000000536200000| Untracked 
| 187|0x0000000536300000, 0x0000000536400000, 0x0000000536400000|100%| O|  |TAMS 0x0000000536400000, 0x0000000536300000| Untracked 
| 188|0x0000000536400000, 0x0000000536500000, 0x0000000536500000|100%| O|  |TAMS 0x0000000536500000, 0x0000000536400000| Untracked 
| 189|0x0000000536500000, 0x0000000536600000, 0x0000000536600000|100%| O|  |TAMS 0x0000000536600000, 0x0000000536500000| Untracked 
| 190|0x0000000536600000, 0x0000000536700000, 0x0000000536700000|100%| O|  |TAMS 0x0000000536700000, 0x0000000536600000| Untracked 
| 191|0x0000000536700000, 0x0000000536800000, 0x0000000536800000|100%| O|  |TAMS 0x0000000536800000, 0x0000000536700000| Updating 
| 192|0x0000000536800000, 0x0000000536900000, 0x0000000536900000|100%|HS|  |TAMS 0x0000000536900000, 0x0000000536800000| Complete 
| 193|0x0000000536900000, 0x0000000536a00000, 0x0000000536a00000|100%|HC|  |TAMS 0x0000000536a00000, 0x0000000536900000| Complete 
| 194|0x0000000536a00000, 0x0000000536b00000, 0x0000000536b00000|100%| O|  |TAMS 0x0000000536b00000, 0x0000000536a00000| Updating 
| 195|0x0000000536b00000, 0x0000000536c00000, 0x0000000536c00000|100%| O|  |TAMS 0x0000000536c00000, 0x0000000536b00000| Untracked 
| 196|0x0000000536c00000, 0x0000000536d00000, 0x0000000536d00000|100%| O|  |TAMS 0x0000000536d00000, 0x0000000536c00000| Untracked 
| 197|0x0000000536d00000, 0x0000000536e00000, 0x0000000536e00000|100%|HS|  |TAMS 0x0000000536d00000, 0x0000000536d00000| Complete 
| 198|0x0000000536e00000, 0x0000000536f00000, 0x0000000536f00000|100%| O|  |TAMS 0x0000000536f00000, 0x0000000536e00000| Untracked 
| 199|0x0000000536f00000, 0x0000000537000000, 0x0000000537000000|100%| O|  |TAMS 0x0000000537000000, 0x0000000536f00000| Updating 
| 200|0x0000000537000000, 0x0000000537100000, 0x0000000537100000|100%|HS|  |TAMS 0x0000000537100000, 0x0000000537000000| Complete 
| 201|0x0000000537100000, 0x0000000537200000, 0x0000000537200000|100%|HC|  |TAMS 0x0000000537200000, 0x0000000537100000| Complete 
| 202|0x0000000537200000, 0x0000000537300000, 0x0000000537300000|100%| O|  |TAMS 0x0000000537300000, 0x0000000537200000| Untracked 
| 203|0x0000000537300000, 0x0000000537400000, 0x0000000537400000|100%| O|  |TAMS 0x0000000537400000, 0x0000000537300000| Untracked 
| 204|0x0000000537400000, 0x0000000537500000, 0x0000000537500000|100%| O|  |TAMS 0x0000000537500000, 0x0000000537400000| Updating 
| 205|0x0000000537500000, 0x0000000537600000, 0x0000000537600000|100%| O|  |TAMS 0x0000000537600000, 0x0000000537500000| Untracked 
| 206|0x0000000537600000, 0x0000000537700000, 0x0000000537700000|100%|HS|  |TAMS 0x0000000537700000, 0x0000000537600000| Complete 
| 207|0x0000000537700000, 0x0000000537800000, 0x0000000537800000|100%|HC|  |TAMS 0x0000000537800000, 0x0000000537700000| Complete 
| 208|0x0000000537800000, 0x0000000537900000, 0x0000000537900000|100%| O|  |TAMS 0x0000000537900000, 0x0000000537800000| Updating 
| 209|0x0000000537900000, 0x0000000537a00000, 0x0000000537a00000|100%|HS|  |TAMS 0x0000000537a00000, 0x0000000537900000| Complete 
| 210|0x0000000537a00000, 0x0000000537b00000, 0x0000000537b00000|100%|HC|  |TAMS 0x0000000537b00000, 0x0000000537a00000| Complete 
| 211|0x0000000537b00000, 0x0000000537c00000, 0x0000000537c00000|100%| O|  |TAMS 0x0000000537c00000, 0x0000000537b00000| Untracked 
| 212|0x0000000537c00000, 0x0000000537d00000, 0x0000000537d00000|100%| O|  |TAMS 0x0000000537d00000, 0x0000000537c00000| Untracked 
| 213|0x0000000537d00000, 0x0000000537e00000, 0x0000000537e00000|100%| O|  |TAMS 0x0000000537e00000, 0x0000000537d00000| Untracked 
| 214|0x0000000537e00000, 0x0000000537f00000, 0x0000000537f00000|100%| O|  |TAMS 0x0000000537f00000, 0x0000000537e00000| Untracked 
| 215|0x0000000537f00000, 0x0000000538000000, 0x0000000538000000|100%| O|  |TAMS 0x0000000538000000, 0x0000000537f00000| Untracked 
| 216|0x0000000538000000, 0x0000000538100000, 0x0000000538100000|100%| O|  |TAMS 0x0000000538100000, 0x0000000538000000| Untracked 
| 217|0x0000000538100000, 0x0000000538200000, 0x0000000538200000|100%| O|  |TAMS 0x0000000538200000, 0x0000000538100000| Updating 
| 218|0x0000000538200000, 0x0000000538300000, 0x0000000538300000|100%| O|  |TAMS 0x0000000538300000, 0x0000000538200000| Untracked 
| 219|0x0000000538300000, 0x0000000538400000, 0x0000000538400000|100%| O|  |TAMS 0x0000000538400000, 0x0000000538300000| Untracked 
| 220|0x0000000538400000, 0x0000000538500000, 0x0000000538500000|100%| O|  |TAMS 0x0000000538500000, 0x0000000538400000| Untracked 
| 221|0x0000000538500000, 0x0000000538600000, 0x0000000538600000|100%|HS|  |TAMS 0x0000000538500000, 0x0000000538500000| Complete 
| 222|0x0000000538600000, 0x0000000538700000, 0x0000000538700000|100%|HC|  |TAMS 0x0000000538600000, 0x0000000538600000| Complete 
| 223|0x0000000538700000, 0x0000000538800000, 0x0000000538800000|100%| O|  |TAMS 0x0000000538800000, 0x0000000538700000| Updating 
| 224|0x0000000538800000, 0x0000000538900000, 0x0000000538900000|100%| O|  |TAMS 0x0000000538900000, 0x0000000538800000| Untracked 
| 225|0x0000000538900000, 0x0000000538a00000, 0x0000000538a00000|100%| O|  |TAMS 0x0000000538a00000, 0x0000000538900000| Updating 
| 226|0x0000000538a00000, 0x0000000538b00000, 0x0000000538b00000|100%| O|  |TAMS 0x0000000538b00000, 0x0000000538a00000| Updating 
| 227|0x0000000538b00000, 0x0000000538c00000, 0x0000000538c00000|100%| O|  |TAMS 0x0000000538c00000, 0x0000000538b00000| Untracked 
| 228|0x0000000538c00000, 0x0000000538d00000, 0x0000000538d00000|100%|HS|  |TAMS 0x0000000538c00000, 0x0000000538c00000| Complete 
| 229|0x0000000538d00000, 0x0000000538e00000, 0x0000000538e00000|100%|HS|  |TAMS 0x0000000538e00000, 0x0000000538d00000| Complete 
| 230|0x0000000538e00000, 0x0000000538f00000, 0x0000000538f00000|100%|HC|  |TAMS 0x0000000538f00000, 0x0000000538e00000| Complete 
| 231|0x0000000538f00000, 0x0000000539000000, 0x0000000539000000|100%|HC|  |TAMS 0x0000000539000000, 0x0000000538f00000| Complete 
| 232|0x0000000539000000, 0x0000000539100000, 0x0000000539100000|100%| O|  |TAMS 0x0000000539100000, 0x0000000539000000| Updating 
| 233|0x0000000539100000, 0x0000000539200000, 0x0000000539200000|100%| O|  |TAMS 0x0000000539200000, 0x0000000539100000| Untracked 
| 234|0x0000000539200000, 0x0000000539300000, 0x0000000539300000|100%|HS|  |TAMS 0x0000000539200000, 0x0000000539200000| Complete 
| 235|0x0000000539300000, 0x0000000539400000, 0x0000000539400000|100%|HC|  |TAMS 0x0000000539300000, 0x0000000539300000| Complete 
| 236|0x0000000539400000, 0x0000000539500000, 0x0000000539500000|100%|HS|  |TAMS 0x0000000539500000, 0x0000000539400000| Complete 
| 237|0x0000000539500000, 0x0000000539600000, 0x0000000539600000|100%|HC|  |TAMS 0x0000000539600000, 0x0000000539500000| Complete 
| 238|0x0000000539600000, 0x0000000539700000, 0x0000000539700000|100%| O|  |TAMS 0x0000000539700000, 0x0000000539600000| Updating 
| 239|0x0000000539700000, 0x0000000539800000, 0x0000000539800000|100%| O|  |TAMS 0x0000000539800000, 0x0000000539700000| Updating 
| 240|0x0000000539800000, 0x0000000539900000, 0x0000000539900000|100%| O|  |TAMS 0x0000000539900000, 0x0000000539800000| Updating 
| 241|0x0000000539900000, 0x0000000539a00000, 0x0000000539a00000|100%| O|  |TAMS 0x0000000539a00000, 0x0000000539900000| Untracked 
| 242|0x0000000539a00000, 0x0000000539b00000, 0x0000000539b00000|100%| O|  |TAMS 0x0000000539b00000, 0x0000000539a00000| Untracked 
| 243|0x0000000539b00000, 0x0000000539c00000, 0x0000000539c00000|100%| O|  |TAMS 0x0000000539c00000, 0x0000000539b00000| Untracked 
| 244|0x0000000539c00000, 0x0000000539d00000, 0x0000000539d00000|100%| O|  |TAMS 0x0000000539d00000, 0x0000000539c00000| Untracked 
| 245|0x0000000539d00000, 0x0000000539e00000, 0x0000000539e00000|100%| O|  |TAMS 0x0000000539e00000, 0x0000000539d00000| Updating 
| 246|0x0000000539e00000, 0x0000000539f00000, 0x0000000539f00000|100%| O|  |TAMS 0x0000000539f00000, 0x0000000539e00000| Untracked 
| 247|0x0000000539f00000, 0x000000053a000000, 0x000000053a000000|100%| O|  |TAMS 0x000000053a000000, 0x0000000539f00000| Untracked 
| 248|0x000000053a000000, 0x000000053a100000, 0x000000053a100000|100%| O|  |TAMS 0x000000053a100000, 0x000000053a000000| Untracked 
| 249|0x000000053a100000, 0x000000053a200000, 0x000000053a200000|100%| O|  |TAMS 0x000000053a200000, 0x000000053a100000| Untracked 
| 250|0x000000053a200000, 0x000000053a300000, 0x000000053a300000|100%| O|  |TAMS 0x000000053a300000, 0x000000053a200000| Updating 
| 251|0x000000053a300000, 0x000000053a400000, 0x000000053a400000|100%| O|  |TAMS 0x000000053a400000, 0x000000053a300000| Updating 
| 252|0x000000053a400000, 0x000000053a500000, 0x000000053a500000|100%| O|  |TAMS 0x000000053a500000, 0x000000053a400000| Updating 
| 253|0x000000053a500000, 0x000000053a600000, 0x000000053a600000|100%| O|  |TAMS 0x000000053a600000, 0x000000053a500000| Untracked 
| 254|0x000000053a600000, 0x000000053a700000, 0x000000053a700000|100%|HS|  |TAMS 0x000000053a600000, 0x000000053a600000| Complete 
| 255|0x000000053a700000, 0x000000053a800000, 0x000000053a800000|100%|HS|  |TAMS 0x000000053a700000, 0x000000053a700000| Complete 
| 256|0x000000053a800000, 0x000000053a900000, 0x000000053a900000|100%| O|  |TAMS 0x000000053a900000, 0x000000053a800000| Updating 
| 257|0x000000053a900000, 0x000000053aa00000, 0x000000053aa00000|100%| O|  |TAMS 0x000000053aa00000, 0x000000053a900000| Untracked 
| 258|0x000000053aa00000, 0x000000053ab00000, 0x000000053ab00000|100%| O|  |TAMS 0x000000053ab00000, 0x000000053aa00000| Updating 
| 259|0x000000053ab00000, 0x000000053ac00000, 0x000000053ac00000|100%| O|  |TAMS 0x000000053ac00000, 0x000000053ab00000| Untracked 
| 260|0x000000053ac00000, 0x000000053ad00000, 0x000000053ad00000|100%| O|  |TAMS 0x000000053ad00000, 0x000000053ac00000| Updating 
| 261|0x000000053ad00000, 0x000000053ae00000, 0x000000053ae00000|100%| O|  |TAMS 0x000000053ae00000, 0x000000053ad00000| Updating 
| 262|0x000000053ae00000, 0x000000053af00000, 0x000000053af00000|100%| O|  |TAMS 0x000000053af00000, 0x000000053ae00000| Updating 
| 263|0x000000053af00000, 0x000000053b000000, 0x000000053b000000|100%| O|  |TAMS 0x000000053b000000, 0x000000053af00000| Untracked 
| 264|0x000000053b000000, 0x000000053b100000, 0x000000053b100000|100%| O|  |TAMS 0x000000053b100000, 0x000000053b000000| Untracked 
| 265|0x000000053b100000, 0x000000053b200000, 0x000000053b200000|100%| O|  |TAMS 0x000000053b200000, 0x000000053b100000| Updating 
| 266|0x000000053b200000, 0x000000053b300000, 0x000000053b300000|100%| O|  |TAMS 0x000000053b300000, 0x000000053b200000| Untracked 
| 267|0x000000053b300000, 0x000000053b400000, 0x000000053b400000|100%| O|  |TAMS 0x000000053b400000, 0x000000053b300000| Updating 
| 268|0x000000053b400000, 0x000000053b500000, 0x000000053b500000|100%| O|  |TAMS 0x000000053b500000, 0x000000053b400000| Untracked 
| 269|0x000000053b500000, 0x000000053b600000, 0x000000053b600000|100%| O|  |TAMS 0x000000053b600000, 0x000000053b500000| Untracked 
| 270|0x000000053b600000, 0x000000053b700000, 0x000000053b700000|100%| O|  |TAMS 0x000000053b700000, 0x000000053b600000| Untracked 
| 271|0x000000053b700000, 0x000000053b800000, 0x000000053b800000|100%| O|  |TAMS 0x000000053b800000, 0x000000053b700000| Updating 
| 272|0x000000053b800000, 0x000000053b900000, 0x000000053b900000|100%| O|  |TAMS 0x000000053b900000, 0x000000053b800000| Untracked 
| 273|0x000000053b900000, 0x000000053ba00000, 0x000000053ba00000|100%| O|  |TAMS 0x000000053ba00000, 0x000000053b900000| Untracked 
| 274|0x000000053ba00000, 0x000000053bb00000, 0x000000053bb00000|100%| O|  |TAMS 0x000000053bb00000, 0x000000053ba00000| Untracked 
| 275|0x000000053bb00000, 0x000000053bc00000, 0x000000053bc00000|100%| O|  |TAMS 0x000000053bc00000, 0x000000053bb00000| Updating 
| 276|0x000000053bc00000, 0x000000053bd00000, 0x000000053bd00000|100%| O|  |TAMS 0x000000053bd00000, 0x000000053bc00000| Untracked 
| 277|0x000000053bd00000, 0x000000053be00000, 0x000000053be00000|100%| O|  |TAMS 0x000000053be00000, 0x000000053bd00000| Updating 
| 278|0x000000053be00000, 0x000000053bf00000, 0x000000053bf00000|100%| O|  |TAMS 0x000000053bf00000, 0x000000053be00000| Untracked 
| 279|0x000000053bf00000, 0x000000053c000000, 0x000000053c000000|100%| O|  |TAMS 0x000000053c000000, 0x000000053bf00000| Untracked 
| 280|0x000000053c000000, 0x000000053c100000, 0x000000053c100000|100%| O|  |TAMS 0x000000053c100000, 0x000000053c000000| Untracked 
| 281|0x000000053c100000, 0x000000053c200000, 0x000000053c200000|100%| O|  |TAMS 0x000000053c200000, 0x000000053c100000| Untracked 
| 282|0x000000053c200000, 0x000000053c300000, 0x000000053c300000|100%| O|  |TAMS 0x000000053c300000, 0x000000053c200000| Untracked 
| 283|0x000000053c300000, 0x000000053c400000, 0x000000053c400000|100%| O|  |TAMS 0x000000053c400000, 0x000000053c300000| Updating 
| 284|0x000000053c400000, 0x000000053c500000, 0x000000053c500000|100%| O|  |TAMS 0x000000053c500000, 0x000000053c400000| Untracked 
| 285|0x000000053c500000, 0x000000053c600000, 0x000000053c600000|100%| O|  |TAMS 0x000000053c600000, 0x000000053c500000| Untracked 
| 286|0x000000053c600000, 0x000000053c700000, 0x000000053c700000|100%| O|  |TAMS 0x000000053c700000, 0x000000053c600000| Untracked 
| 287|0x000000053c700000, 0x000000053c800000, 0x000000053c800000|100%| O|  |TAMS 0x000000053c800000, 0x000000053c700000| Updating 
| 288|0x000000053c800000, 0x000000053c900000, 0x000000053c900000|100%| O|  |TAMS 0x000000053c900000, 0x000000053c800000| Updating 
| 289|0x000000053c900000, 0x000000053ca00000, 0x000000053ca00000|100%| O|  |TAMS 0x000000053ca00000, 0x000000053c900000| Untracked 
| 290|0x000000053ca00000, 0x000000053cb00000, 0x000000053cb00000|100%| O|  |TAMS 0x000000053cb00000, 0x000000053ca00000| Untracked 
| 291|0x000000053cb00000, 0x000000053cc00000, 0x000000053cc00000|100%| O|  |TAMS 0x000000053cc00000, 0x000000053cb00000| Untracked 
| 292|0x000000053cc00000, 0x000000053cd00000, 0x000000053cd00000|100%| O|  |TAMS 0x000000053cd00000, 0x000000053cc00000| Untracked 
| 293|0x000000053cd00000, 0x000000053ce00000, 0x000000053ce00000|100%| O|  |TAMS 0x000000053ce00000, 0x000000053cd00000| Untracked 
| 294|0x000000053ce00000, 0x000000053cf00000, 0x000000053cf00000|100%| O|  |TAMS 0x000000053cf00000, 0x000000053ce00000| Updating 
| 295|0x000000053cf00000, 0x000000053d000000, 0x000000053d000000|100%| O|  |TAMS 0x000000053d000000, 0x000000053cf00000| Untracked 
| 296|0x000000053d000000, 0x000000053d100000, 0x000000053d100000|100%| O|  |TAMS 0x000000053d100000, 0x000000053d000000| Untracked 
| 297|0x000000053d100000, 0x000000053d200000, 0x000000053d200000|100%| O|  |TAMS 0x000000053d200000, 0x000000053d100000| Untracked 
| 298|0x000000053d200000, 0x000000053d300000, 0x000000053d300000|100%| O|  |TAMS 0x000000053d300000, 0x000000053d200000| Untracked 
| 299|0x000000053d300000, 0x000000053d400000, 0x000000053d400000|100%| O|  |TAMS 0x000000053d400000, 0x000000053d300000| Updating 
| 300|0x000000053d400000, 0x000000053d500000, 0x000000053d500000|100%| O|  |TAMS 0x000000053d500000, 0x000000053d400000| Updating 
| 301|0x000000053d500000, 0x000000053d600000, 0x000000053d600000|100%| O|  |TAMS 0x000000053d600000, 0x000000053d500000| Untracked 
| 302|0x000000053d600000, 0x000000053d700000, 0x000000053d700000|100%| O|  |TAMS 0x000000053d700000, 0x000000053d600000| Untracked 
| 303|0x000000053d700000, 0x000000053d800000, 0x000000053d800000|100%| O|  |TAMS 0x000000053d800000, 0x000000053d700000| Untracked 
| 304|0x000000053d800000, 0x000000053d900000, 0x000000053d900000|100%| O|  |TAMS 0x000000053d900000, 0x000000053d800000| Untracked 
| 305|0x000000053d900000, 0x000000053da00000, 0x000000053da00000|100%| O|  |TAMS 0x000000053da00000, 0x000000053d900000| Updating 
| 306|0x000000053da00000, 0x000000053db00000, 0x000000053db00000|100%|HS|  |TAMS 0x000000053db00000, 0x000000053da00000| Complete 
| 307|0x000000053db00000, 0x000000053dc00000, 0x000000053dc00000|100%| O|  |TAMS 0x000000053dc00000, 0x000000053db00000| Untracked 
| 308|0x000000053dc00000, 0x000000053dd00000, 0x000000053dd00000|100%| O|  |TAMS 0x000000053dd00000, 0x000000053dc00000| Untracked 
| 309|0x000000053dd00000, 0x000000053de00000, 0x000000053de00000|100%| O|  |TAMS 0x000000053de00000, 0x000000053dd00000| Updating 
| 310|0x000000053de00000, 0x000000053df00000, 0x000000053df00000|100%| O|  |TAMS 0x000000053df00000, 0x000000053de00000| Untracked 
| 311|0x000000053df00000, 0x000000053e000000, 0x000000053e000000|100%| O|  |TAMS 0x000000053e000000, 0x000000053df00000| Untracked 
| 312|0x000000053e000000, 0x000000053e100000, 0x000000053e100000|100%| O|  |TAMS 0x000000053e100000, 0x000000053e000000| Untracked 
| 313|0x000000053e100000, 0x000000053e200000, 0x000000053e200000|100%| O|  |TAMS 0x000000053e200000, 0x000000053e100000| Untracked 
| 314|0x000000053e200000, 0x000000053e300000, 0x000000053e300000|100%| O|  |TAMS 0x000000053e300000, 0x000000053e200000| Updating 
| 315|0x000000053e300000, 0x000000053e400000, 0x000000053e400000|100%| O|  |TAMS 0x000000053e400000, 0x000000053e300000| Updating 
| 316|0x000000053e400000, 0x000000053e500000, 0x000000053e500000|100%|HS|  |TAMS 0x000000053e500000, 0x000000053e400000| Complete 
| 317|0x000000053e500000, 0x000000053e600000, 0x000000053e600000|100%| O|  |TAMS 0x000000053e600000, 0x000000053e500000| Updating 
| 318|0x000000053e600000, 0x000000053e700000, 0x000000053e700000|100%| O|  |TAMS 0x000000053e700000, 0x000000053e600000| Updating 
| 319|0x000000053e700000, 0x000000053e800000, 0x000000053e800000|100%| O|  |TAMS 0x000000053e800000, 0x000000053e700000| Updating 
| 320|0x000000053e800000, 0x000000053e900000, 0x000000053e900000|100%| O|  |TAMS 0x000000053e900000, 0x000000053e800000| Untracked 
| 321|0x000000053e900000, 0x000000053ea00000, 0x000000053ea00000|100%| O|  |TAMS 0x000000053ea00000, 0x000000053e900000| Untracked 
| 322|0x000000053ea00000, 0x000000053eb00000, 0x000000053eb00000|100%| O|  |TAMS 0x000000053eb00000, 0x000000053ea00000| Untracked 
| 323|0x000000053eb00000, 0x000000053ec00000, 0x000000053ec00000|100%| O|  |TAMS 0x000000053ec00000, 0x000000053eb00000| Untracked 
| 324|0x000000053ec00000, 0x000000053ed00000, 0x000000053ed00000|100%| O|  |TAMS 0x000000053ed00000, 0x000000053ec00000| Untracked 
| 325|0x000000053ed00000, 0x000000053ee00000, 0x000000053ee00000|100%| O|  |TAMS 0x000000053ee00000, 0x000000053ed00000| Untracked 
| 326|0x000000053ee00000, 0x000000053ef00000, 0x000000053ef00000|100%| O|  |TAMS 0x000000053ef00000, 0x000000053ee00000| Untracked 
| 327|0x000000053ef00000, 0x000000053f000000, 0x000000053f000000|100%| O|  |TAMS 0x000000053f000000, 0x000000053ef00000| Untracked 
| 328|0x000000053f000000, 0x000000053f100000, 0x000000053f100000|100%| O|  |TAMS 0x000000053f100000, 0x000000053f000000| Updating 
| 329|0x000000053f100000, 0x000000053f200000, 0x000000053f200000|100%| O|  |TAMS 0x000000053f200000, 0x000000053f100000| Updating 
| 330|0x000000053f200000, 0x000000053f300000, 0x000000053f300000|100%| O|  |TAMS 0x000000053f300000, 0x000000053f200000| Updating 
| 331|0x000000053f300000, 0x000000053f400000, 0x000000053f400000|100%| O|  |TAMS 0x000000053f400000, 0x000000053f300000| Untracked 
| 332|0x000000053f400000, 0x000000053f500000, 0x000000053f500000|100%| O|  |TAMS 0x000000053f500000, 0x000000053f400000| Untracked 
| 333|0x000000053f500000, 0x000000053f600000, 0x000000053f600000|100%| O|  |TAMS 0x000000053f600000, 0x000000053f500000| Untracked 
| 334|0x000000053f600000, 0x000000053f700000, 0x000000053f700000|100%| O|  |TAMS 0x000000053f700000, 0x000000053f600000| Updating 
| 335|0x000000053f700000, 0x000000053f800000, 0x000000053f800000|100%| O|  |TAMS 0x000000053f800000, 0x000000053f700000| Updating 
| 336|0x000000053f800000, 0x000000053f900000, 0x000000053f900000|100%| O|  |TAMS 0x000000053f900000, 0x000000053f800000| Updating 
| 337|0x000000053f900000, 0x000000053fa00000, 0x000000053fa00000|100%| O|  |TAMS 0x000000053fa00000, 0x000000053f900000| Updating 
| 338|0x000000053fa00000, 0x000000053fb00000, 0x000000053fb00000|100%| O|  |TAMS 0x000000053fb00000, 0x000000053fa00000| Updating 
| 339|0x000000053fb00000, 0x000000053fc00000, 0x000000053fc00000|100%| O|  |TAMS 0x000000053fc00000, 0x000000053fb00000| Untracked 
| 340|0x000000053fc00000, 0x000000053fd00000, 0x000000053fd00000|100%| O|  |TAMS 0x000000053fd00000, 0x000000053fc00000| Untracked 
| 341|0x000000053fd00000, 0x000000053fe00000, 0x000000053fe00000|100%|HS|  |TAMS 0x000000053fd00000, 0x000000053fd00000| Complete 
| 342|0x000000053fe00000, 0x000000053ff00000, 0x000000053ff00000|100%| O|  |TAMS 0x000000053ff00000, 0x000000053fe00000| Updating 
| 343|0x000000053ff00000, 0x0000000540000000, 0x0000000540000000|100%|HS|  |TAMS 0x000000053ff00000, 0x000000053ff00000| Complete 
| 344|0x0000000540000000, 0x0000000540100000, 0x0000000540100000|100%|HS|  |TAMS 0x0000000540000000, 0x0000000540000000| Complete 
| 345|0x0000000540100000, 0x0000000540200000, 0x0000000540200000|100%| O|  |TAMS 0x0000000540200000, 0x0000000540100000| Untracked 
| 346|0x0000000540200000, 0x0000000540300000, 0x0000000540300000|100%| O|  |TAMS 0x0000000540300000, 0x0000000540200000| Updating 
| 347|0x0000000540300000, 0x0000000540400000, 0x0000000540400000|100%| O|  |TAMS 0x0000000540400000, 0x0000000540300000| Updating 
| 348|0x0000000540400000, 0x0000000540500000, 0x0000000540500000|100%|HS|  |TAMS 0x0000000540500000, 0x0000000540400000| Complete 
| 349|0x0000000540500000, 0x0000000540600000, 0x0000000540600000|100%| O|  |TAMS 0x0000000540600000, 0x0000000540500000| Updating 
| 350|0x0000000540600000, 0x0000000540700000, 0x0000000540700000|100%| O|  |TAMS 0x0000000540700000, 0x0000000540600000| Untracked 
| 351|0x0000000540700000, 0x0000000540800000, 0x0000000540800000|100%| O|  |TAMS 0x0000000540800000, 0x0000000540700000| Untracked 
| 352|0x0000000540800000, 0x0000000540900000, 0x0000000540900000|100%| O|  |TAMS 0x0000000540900000, 0x0000000540800000| Untracked 
| 353|0x0000000540900000, 0x0000000540a00000, 0x0000000540a00000|100%| O|  |TAMS 0x0000000540a00000, 0x0000000540900000| Updating 
| 354|0x0000000540a00000, 0x0000000540b00000, 0x0000000540b00000|100%| O|  |TAMS 0x0000000540b00000, 0x0000000540a00000| Updating 
| 355|0x0000000540b00000, 0x0000000540c00000, 0x0000000540c00000|100%| O|  |TAMS 0x0000000540c00000, 0x0000000540b00000| Untracked 
| 356|0x0000000540c00000, 0x0000000540d00000, 0x0000000540d00000|100%| O|  |TAMS 0x0000000540d00000, 0x0000000540c00000| Updating 
| 357|0x0000000540d00000, 0x0000000540e00000, 0x0000000540e00000|100%| O|  |TAMS 0x0000000540e00000, 0x0000000540d00000| Updating 
| 358|0x0000000540e00000, 0x0000000540f00000, 0x0000000540f00000|100%| O|  |TAMS 0x0000000540f00000, 0x0000000540e00000| Untracked 
| 359|0x0000000540f00000, 0x0000000541000000, 0x0000000541000000|100%| O|  |TAMS 0x0000000541000000, 0x0000000540f00000| Updating 
| 360|0x0000000541000000, 0x0000000541000000, 0x0000000541100000|  0%| F|  |TAMS 0x0000000541000000, 0x0000000541000000| Untracked 
| 361|0x0000000541100000, 0x0000000541200000, 0x0000000541200000|100%| O|  |TAMS 0x0000000541200000, 0x0000000541100000| Updating 
| 362|0x0000000541200000, 0x0000000541300000, 0x0000000541300000|100%|HS|  |TAMS 0x0000000541200000, 0x0000000541200000| Complete 
| 363|0x0000000541300000, 0x0000000541400000, 0x0000000541400000|100%|HC|  |TAMS 0x0000000541300000, 0x0000000541300000| Complete 
| 364|0x0000000541400000, 0x0000000541500000, 0x0000000541500000|100%|HC|  |TAMS 0x0000000541400000, 0x0000000541400000| Complete 
| 365|0x0000000541500000, 0x0000000541600000, 0x0000000541600000|100%|HS|  |TAMS 0x0000000541500000, 0x0000000541500000| Complete 
| 366|0x0000000541600000, 0x0000000541700000, 0x0000000541700000|100%|HC|  |TAMS 0x0000000541600000, 0x0000000541600000| Complete 
| 367|0x0000000541700000, 0x0000000541700000, 0x0000000541800000|  0%| F|  |TAMS 0x0000000541700000, 0x0000000541700000| Untracked 
| 368|0x0000000541800000, 0x0000000541900000, 0x0000000541900000|100%| O|  |TAMS 0x0000000541900000, 0x0000000541800000| Updating 
| 369|0x0000000541900000, 0x0000000541a00000, 0x0000000541a00000|100%| O|  |TAMS 0x0000000541a00000, 0x0000000541900000| Updating 
| 370|0x0000000541a00000, 0x0000000541a90200, 0x0000000541b00000| 56%| O|  |TAMS 0x0000000541a90200, 0x0000000541a00000| Updating 
| 371|0x0000000541b00000, 0x0000000541b00000, 0x0000000541c00000|  0%| F|  |TAMS 0x0000000541b00000, 0x0000000541b00000| Untracked 
| 372|0x0000000541c00000, 0x0000000541d00000, 0x0000000541d00000|100%| O|  |TAMS 0x0000000541d00000, 0x0000000541c00000| Updating 
| 373|0x0000000541d00000, 0x0000000541d00000, 0x0000000541e00000|  0%| F|  |TAMS 0x0000000541d00000, 0x0000000541d00000| Untracked 
| 374|0x0000000541e00000, 0x0000000541e00000, 0x0000000541f00000|  0%| F|  |TAMS 0x0000000541e00000, 0x0000000541e00000| Untracked 
| 375|0x0000000541f00000, 0x0000000542000000, 0x0000000542000000|100%| O|  |TAMS 0x0000000542000000, 0x0000000541f00000| Updating 
| 376|0x0000000542000000, 0x0000000542100000, 0x0000000542100000|100%| O|  |TAMS 0x0000000542100000, 0x0000000542000000| Updating 
| 377|0x0000000542100000, 0x0000000542100000, 0x0000000542200000|  0%| F|  |TAMS 0x0000000542100000, 0x0000000542100000| Untracked 
| 378|0x0000000542200000, 0x0000000542200000, 0x0000000542300000|  0%| F|  |TAMS 0x0000000542200000, 0x0000000542200000| Untracked 
| 379|0x0000000542300000, 0x0000000542400000, 0x0000000542400000|100%| O|  |TAMS 0x0000000542400000, 0x0000000542300000| Updating 
| 380|0x0000000542400000, 0x0000000542400000, 0x0000000542500000|  0%| F|  |TAMS 0x0000000542400000, 0x0000000542400000| Untracked 
| 381|0x0000000542500000, 0x0000000542600000, 0x0000000542600000|100%| O|  |TAMS 0x0000000542600000, 0x0000000542500000| Updating 
| 382|0x0000000542600000, 0x0000000542700000, 0x0000000542700000|100%| O|  |TAMS 0x0000000542700000, 0x0000000542600000| Updating 
| 383|0x0000000542700000, 0x0000000542800000, 0x0000000542800000|100%| O|  |TAMS 0x0000000542800000, 0x0000000542700000| Updating 
| 384|0x0000000542800000, 0x0000000542900000, 0x0000000542900000|100%| O|  |TAMS 0x0000000542900000, 0x0000000542800000| Untracked 
| 385|0x0000000542900000, 0x0000000542a00000, 0x0000000542a00000|100%| O|  |TAMS 0x0000000542a00000, 0x0000000542900000| Untracked 
| 386|0x0000000542a00000, 0x0000000542b00000, 0x0000000542b00000|100%| O|  |TAMS 0x0000000542b00000, 0x0000000542a00000| Updating 
| 387|0x0000000542b00000, 0x0000000542b00000, 0x0000000542c00000|  0%| F|  |TAMS 0x0000000542b00000, 0x0000000542b00000| Untracked 
| 388|0x0000000542c00000, 0x0000000542d00000, 0x0000000542d00000|100%| O|  |TAMS 0x0000000542d00000, 0x0000000542c00000| Updating 
| 389|0x0000000542d00000, 0x0000000542e00000, 0x0000000542e00000|100%| O|  |TAMS 0x0000000542e00000, 0x0000000542d00000| Untracked 
| 390|0x0000000542e00000, 0x0000000542f00000, 0x0000000542f00000|100%| O|  |TAMS 0x0000000542f00000, 0x0000000542e00000| Untracked 
| 391|0x0000000542f00000, 0x0000000542f00000, 0x0000000543000000|  0%| F|  |TAMS 0x0000000542f00000, 0x0000000542f00000| Untracked 
| 392|0x0000000543000000, 0x0000000543100000, 0x0000000543100000|100%| O|  |TAMS 0x0000000543100000, 0x0000000543000000| Updating 
| 393|0x0000000543100000, 0x0000000543200000, 0x0000000543200000|100%| O|  |TAMS 0x0000000543200000, 0x0000000543100000| Updating 
| 394|0x0000000543200000, 0x0000000543300000, 0x0000000543300000|100%| O|  |TAMS 0x0000000543300000, 0x0000000543200000| Updating 
| 395|0x0000000543300000, 0x0000000543400000, 0x0000000543400000|100%| O|  |TAMS 0x0000000543400000, 0x0000000543300000| Untracked 
| 396|0x0000000543400000, 0x0000000543500000, 0x0000000543500000|100%| O|  |TAMS 0x0000000543500000, 0x0000000543400000| Updating 
| 397|0x0000000543500000, 0x0000000543600000, 0x0000000543600000|100%| O|  |TAMS 0x0000000543600000, 0x0000000543500000| Untracked 
| 398|0x0000000543600000, 0x0000000543600000, 0x0000000543700000|  0%| F|  |TAMS 0x0000000543600000, 0x0000000543600000| Untracked 
| 399|0x0000000543700000, 0x0000000543800000, 0x0000000543800000|100%| O|  |TAMS 0x0000000543800000, 0x0000000543700000| Untracked 
| 400|0x0000000543800000, 0x0000000543800000, 0x0000000543900000|  0%| F|  |TAMS 0x0000000543800000, 0x0000000543800000| Untracked 
| 401|0x0000000543900000, 0x0000000543a00000, 0x0000000543a00000|100%| O|  |TAMS 0x0000000543a00000, 0x0000000543900000| Untracked 
| 402|0x0000000543a00000, 0x0000000543b00000, 0x0000000543b00000|100%| O|  |TAMS 0x0000000543b00000, 0x0000000543a00000| Updating 
| 403|0x0000000543b00000, 0x0000000543c00000, 0x0000000543c00000|100%| O|  |TAMS 0x0000000543c00000, 0x0000000543b00000| Untracked 
| 404|0x0000000543c00000, 0x0000000543d00000, 0x0000000543d00000|100%| O|  |TAMS 0x0000000543d00000, 0x0000000543c00000| Updating 
| 405|0x0000000543d00000, 0x0000000543e00000, 0x0000000543e00000|100%| O|  |TAMS 0x0000000543e00000, 0x0000000543d00000| Updating 
| 406|0x0000000543e00000, 0x0000000543f00000, 0x0000000543f00000|100%| O|  |TAMS 0x0000000543f00000, 0x0000000543e00000| Untracked 
| 407|0x0000000543f00000, 0x0000000544000000, 0x0000000544000000|100%| O|  |TAMS 0x0000000544000000, 0x0000000543f00000| Untracked 
| 408|0x0000000544000000, 0x0000000544100000, 0x0000000544100000|100%| O|  |TAMS 0x0000000544100000, 0x0000000544000000| Untracked 
| 409|0x0000000544100000, 0x0000000544200000, 0x0000000544200000|100%| O|  |TAMS 0x0000000544200000, 0x0000000544100000| Updating 
| 410|0x0000000544200000, 0x0000000544300000, 0x0000000544300000|100%| O|  |TAMS 0x0000000544300000, 0x0000000544200000| Untracked 
| 411|0x0000000544300000, 0x0000000544300000, 0x0000000544400000|  0%| F|  |TAMS 0x0000000544300000, 0x0000000544300000| Untracked 
| 412|0x0000000544400000, 0x0000000544400000, 0x0000000544500000|  0%| F|  |TAMS 0x0000000544400000, 0x0000000544400000| Untracked 
| 413|0x0000000544500000, 0x0000000544500000, 0x0000000544600000|  0%| F|  |TAMS 0x0000000544500000, 0x0000000544500000| Untracked 
| 414|0x0000000544600000, 0x0000000544700000, 0x0000000544700000|100%| O|  |TAMS 0x0000000544700000, 0x0000000544600000| Updating 
| 415|0x0000000544700000, 0x0000000544700000, 0x0000000544800000|  0%| F|  |TAMS 0x0000000544700000, 0x0000000544700000| Untracked 
| 416|0x0000000544800000, 0x0000000544900000, 0x0000000544900000|100%| O|  |TAMS 0x0000000544900000, 0x0000000544800000| Untracked 
| 417|0x0000000544900000, 0x0000000544a00000, 0x0000000544a00000|100%| O|  |TAMS 0x0000000544a00000, 0x0000000544900000| Untracked 
| 418|0x0000000544a00000, 0x0000000544b00000, 0x0000000544b00000|100%| O|  |TAMS 0x0000000544b00000, 0x0000000544a00000| Untracked 
| 419|0x0000000544b00000, 0x0000000544b00000, 0x0000000544c00000|  0%| F|  |TAMS 0x0000000544b00000, 0x0000000544b00000| Untracked 
| 420|0x0000000544c00000, 0x0000000544c00000, 0x0000000544d00000|  0%| F|  |TAMS 0x0000000544c00000, 0x0000000544c00000| Untracked 
| 421|0x0000000544d00000, 0x0000000544e00000, 0x0000000544e00000|100%| O|  |TAMS 0x0000000544e00000, 0x0000000544d00000| Untracked 
| 422|0x0000000544e00000, 0x0000000544f00000, 0x0000000544f00000|100%|HS|  |TAMS 0x0000000544e00000, 0x0000000544e00000| Complete 
| 423|0x0000000544f00000, 0x0000000545000000, 0x0000000545000000|100%|HC|  |TAMS 0x0000000544f00000, 0x0000000544f00000| Complete 
| 424|0x0000000545000000, 0x0000000545100000, 0x0000000545100000|100%|HC|  |TAMS 0x0000000545000000, 0x0000000545000000| Complete 
| 425|0x0000000545100000, 0x0000000545200000, 0x0000000545200000|100%|HC|  |TAMS 0x0000000545100000, 0x0000000545100000| Complete 
| 426|0x0000000545200000, 0x0000000545300000, 0x0000000545300000|100%|HC|  |TAMS 0x0000000545200000, 0x0000000545200000| Complete 
| 427|0x0000000545300000, 0x0000000545400000, 0x0000000545400000|100%|HC|  |TAMS 0x0000000545300000, 0x0000000545300000| Complete 
| 428|0x0000000545400000, 0x0000000545400000, 0x0000000545500000|  0%| F|  |TAMS 0x0000000545400000, 0x0000000545400000| Untracked 
| 429|0x0000000545500000, 0x0000000545500000, 0x0000000545600000|  0%| F|  |TAMS 0x0000000545500000, 0x0000000545500000| Untracked 
| 430|0x0000000545600000, 0x0000000545600000, 0x0000000545700000|  0%| F|  |TAMS 0x0000000545600000, 0x0000000545600000| Untracked 
| 431|0x0000000545700000, 0x0000000545700000, 0x0000000545800000|  0%| F|  |TAMS 0x0000000545700000, 0x0000000545700000| Untracked 
| 432|0x0000000545800000, 0x0000000545800000, 0x0000000545900000|  0%| F|  |TAMS 0x0000000545800000, 0x0000000545800000| Untracked 
| 433|0x0000000545900000, 0x0000000545a00000, 0x0000000545a00000|100%| O|  |TAMS 0x0000000545a00000, 0x0000000545900000| Untracked 
| 434|0x0000000545a00000, 0x0000000545a00000, 0x0000000545b00000|  0%| F|  |TAMS 0x0000000545a00000, 0x0000000545a00000| Untracked 
| 435|0x0000000545b00000, 0x0000000545b00000, 0x0000000545c00000|  0%| F|  |TAMS 0x0000000545b00000, 0x0000000545b00000| Untracked 
| 436|0x0000000545c00000, 0x0000000545c00000, 0x0000000545d00000|  0%| F|  |TAMS 0x0000000545c00000, 0x0000000545c00000| Untracked 
| 437|0x0000000545d00000, 0x0000000545e00000, 0x0000000545e00000|100%| O|  |TAMS 0x0000000545e00000, 0x0000000545d00000| Updating 
| 438|0x0000000545e00000, 0x0000000545e00000, 0x0000000545f00000|  0%| F|  |TAMS 0x0000000545e00000, 0x0000000545e00000| Untracked 
| 439|0x0000000545f00000, 0x0000000545f00000, 0x0000000546000000|  0%| F|  |TAMS 0x0000000545f00000, 0x0000000545f00000| Untracked 
| 440|0x0000000546000000, 0x0000000546000000, 0x0000000546100000|  0%| F|  |TAMS 0x0000000546000000, 0x0000000546000000| Untracked 
| 441|0x0000000546100000, 0x0000000546200000, 0x0000000546200000|100%| O|  |TAMS 0x0000000546200000, 0x0000000546100000| Updating 
| 442|0x0000000546200000, 0x0000000546200000, 0x0000000546300000|  0%| F|  |TAMS 0x0000000546200000, 0x0000000546200000| Untracked 
| 443|0x0000000546300000, 0x0000000546400000, 0x0000000546400000|100%| O|  |TAMS 0x0000000546400000, 0x0000000546300000| Untracked 
| 444|0x0000000546400000, 0x0000000546500000, 0x0000000546500000|100%| O|  |TAMS 0x0000000546500000, 0x0000000546400000| Untracked 
| 445|0x0000000546500000, 0x0000000546500000, 0x0000000546600000|  0%| F|  |TAMS 0x0000000546500000, 0x0000000546500000| Untracked 
| 446|0x0000000546600000, 0x0000000546600000, 0x0000000546700000|  0%| F|  |TAMS 0x0000000546600000, 0x0000000546600000| Untracked 
| 447|0x0000000546700000, 0x0000000546700000, 0x0000000546800000|  0%| F|  |TAMS 0x0000000546700000, 0x0000000546700000| Untracked 
| 448|0x0000000546800000, 0x0000000546800000, 0x0000000546900000|  0%| F|  |TAMS 0x0000000546800000, 0x0000000546800000| Untracked 
| 449|0x0000000546900000, 0x0000000546900000, 0x0000000546a00000|  0%| F|  |TAMS 0x0000000546900000, 0x0000000546900000| Untracked 
| 450|0x0000000546a00000, 0x0000000546a00000, 0x0000000546b00000|  0%| F|  |TAMS 0x0000000546a00000, 0x0000000546a00000| Untracked 
| 451|0x0000000546b00000, 0x0000000546b00000, 0x0000000546c00000|  0%| F|  |TAMS 0x0000000546b00000, 0x0000000546b00000| Untracked 
| 452|0x0000000546c00000, 0x0000000546c00000, 0x0000000546d00000|  0%| F|  |TAMS 0x0000000546c00000, 0x0000000546c00000| Untracked 
| 453|0x0000000546d00000, 0x0000000546d00000, 0x0000000546e00000|  0%| F|  |TAMS 0x0000000546d00000, 0x0000000546d00000| Untracked 
| 454|0x0000000546e00000, 0x0000000546e00000, 0x0000000546f00000|  0%| F|  |TAMS 0x0000000546e00000, 0x0000000546e00000| Untracked 
| 455|0x0000000546f00000, 0x0000000547000000, 0x0000000547000000|100%| O|  |TAMS 0x0000000547000000, 0x0000000546f00000| Updating 
| 456|0x0000000547000000, 0x0000000547100000, 0x0000000547100000|100%| O|  |TAMS 0x0000000547100000, 0x0000000547000000| Updating 
| 457|0x0000000547100000, 0x0000000547100000, 0x0000000547200000|  0%| F|  |TAMS 0x0000000547100000, 0x0000000547100000| Untracked 
| 458|0x0000000547200000, 0x0000000547200000, 0x0000000547300000|  0%| F|  |TAMS 0x0000000547200000, 0x0000000547200000| Untracked 
| 459|0x0000000547300000, 0x0000000547300000, 0x0000000547400000|  0%| F|  |TAMS 0x0000000547300000, 0x0000000547300000| Untracked 
| 460|0x0000000547400000, 0x0000000547500000, 0x0000000547500000|100%| O|  |TAMS 0x0000000547500000, 0x0000000547400000| Updating 
| 461|0x0000000547500000, 0x0000000547500000, 0x0000000547600000|  0%| F|  |TAMS 0x0000000547500000, 0x0000000547500000| Untracked 
| 462|0x0000000547600000, 0x0000000547600000, 0x0000000547700000|  0%| F|  |TAMS 0x0000000547600000, 0x0000000547600000| Untracked 
| 463|0x0000000547700000, 0x0000000547700000, 0x0000000547800000|  0%| F|  |TAMS 0x0000000547700000, 0x0000000547700000| Untracked 
| 464|0x0000000547800000, 0x0000000547800000, 0x0000000547900000|  0%| F|  |TAMS 0x0000000547800000, 0x0000000547800000| Untracked 
| 465|0x0000000547900000, 0x0000000547900000, 0x0000000547a00000|  0%| F|  |TAMS 0x0000000547900000, 0x0000000547900000| Untracked 
| 466|0x0000000547a00000, 0x0000000547a00000, 0x0000000547b00000|  0%| F|  |TAMS 0x0000000547a00000, 0x0000000547a00000| Untracked 
| 467|0x0000000547b00000, 0x0000000547b00000, 0x0000000547c00000|  0%| F|  |TAMS 0x0000000547b00000, 0x0000000547b00000| Untracked 
| 468|0x0000000547c00000, 0x0000000547d00000, 0x0000000547d00000|100%| O|  |TAMS 0x0000000547d00000, 0x0000000547c00000| Updating 
| 469|0x0000000547d00000, 0x0000000547e00000, 0x0000000547e00000|100%| O|  |TAMS 0x0000000547e00000, 0x0000000547d00000| Updating 
| 470|0x0000000547e00000, 0x0000000547f00000, 0x0000000547f00000|100%| O|  |TAMS 0x0000000547f00000, 0x0000000547e00000| Untracked 
| 471|0x0000000547f00000, 0x0000000548000000, 0x0000000548000000|100%| O|  |TAMS 0x0000000548000000, 0x0000000547f00000| Untracked 
| 472|0x0000000548000000, 0x0000000548100000, 0x0000000548100000|100%| O|  |TAMS 0x0000000548100000, 0x0000000548000000| Updating 
| 473|0x0000000548100000, 0x0000000548100000, 0x0000000548200000|  0%| F|  |TAMS 0x0000000548100000, 0x0000000548100000| Untracked 
| 474|0x0000000548200000, 0x0000000548200000, 0x0000000548300000|  0%| F|  |TAMS 0x0000000548200000, 0x0000000548200000| Untracked 
| 475|0x0000000548300000, 0x0000000548300000, 0x0000000548400000|  0%| F|  |TAMS 0x0000000548300000, 0x0000000548300000| Untracked 
| 476|0x0000000548400000, 0x0000000548400000, 0x0000000548500000|  0%| F|  |TAMS 0x0000000548400000, 0x0000000548400000| Untracked 
| 477|0x0000000548500000, 0x0000000548500000, 0x0000000548600000|  0%| F|  |TAMS 0x0000000548500000, 0x0000000548500000| Untracked 
| 478|0x0000000548600000, 0x0000000548600000, 0x0000000548700000|  0%| F|  |TAMS 0x0000000548600000, 0x0000000548600000| Untracked 
| 479|0x0000000548700000, 0x0000000548700000, 0x0000000548800000|  0%| F|  |TAMS 0x0000000548700000, 0x0000000548700000| Untracked 
| 480|0x0000000548800000, 0x0000000548800000, 0x0000000548900000|  0%| F|  |TAMS 0x0000000548800000, 0x0000000548800000| Untracked 
| 481|0x0000000548900000, 0x0000000548a00000, 0x0000000548a00000|100%| O|  |TAMS 0x0000000548a00000, 0x0000000548900000| Updating 
| 482|0x0000000548a00000, 0x0000000548b00000, 0x0000000548b00000|100%| O|  |TAMS 0x0000000548b00000, 0x0000000548a00000| Updating 
| 483|0x0000000548b00000, 0x0000000548b00000, 0x0000000548c00000|  0%| F|  |TAMS 0x0000000548b00000, 0x0000000548b00000| Untracked 
| 484|0x0000000548c00000, 0x0000000548d00000, 0x0000000548d00000|100%| O|  |TAMS 0x0000000548d00000, 0x0000000548c00000| Untracked 
| 485|0x0000000548d00000, 0x0000000548e00000, 0x0000000548e00000|100%| O|  |TAMS 0x0000000548e00000, 0x0000000548d00000| Updating 
| 486|0x0000000548e00000, 0x0000000548f00000, 0x0000000548f00000|100%| O|  |TAMS 0x0000000548f00000, 0x0000000548e00000| Updating 
| 487|0x0000000548f00000, 0x0000000549000000, 0x0000000549000000|100%| O|  |TAMS 0x0000000549000000, 0x0000000548f00000| Updating 
| 488|0x0000000549000000, 0x0000000549100000, 0x0000000549100000|100%| O|  |TAMS 0x0000000549100000, 0x0000000549000000| Untracked 
| 489|0x0000000549100000, 0x0000000549200000, 0x0000000549200000|100%| O|  |TAMS 0x0000000549200000, 0x0000000549100000| Untracked 
| 490|0x0000000549200000, 0x0000000549200000, 0x0000000549300000|  0%| F|  |TAMS 0x0000000549200000, 0x0000000549200000| Untracked 
| 491|0x0000000549300000, 0x0000000549300000, 0x0000000549400000|  0%| F|  |TAMS 0x0000000549300000, 0x0000000549300000| Untracked 
| 492|0x0000000549400000, 0x0000000549400000, 0x0000000549500000|  0%| F|  |TAMS 0x0000000549400000, 0x0000000549400000| Untracked 
| 493|0x0000000549500000, 0x0000000549600000, 0x0000000549600000|100%| O|  |TAMS 0x0000000549600000, 0x0000000549500000| Untracked 
| 494|0x0000000549600000, 0x0000000549600000, 0x0000000549700000|  0%| F|  |TAMS 0x0000000549600000, 0x0000000549600000| Untracked 
| 495|0x0000000549700000, 0x0000000549700000, 0x0000000549800000|  0%| F|  |TAMS 0x0000000549700000, 0x0000000549700000| Untracked 
| 496|0x0000000549800000, 0x0000000549900000, 0x0000000549900000|100%| O|  |TAMS 0x0000000549900000, 0x0000000549800000| Untracked 
| 497|0x0000000549900000, 0x0000000549900000, 0x0000000549a00000|  0%| F|  |TAMS 0x0000000549900000, 0x0000000549900000| Untracked 
| 498|0x0000000549a00000, 0x0000000549b00000, 0x0000000549b00000|100%| O|  |TAMS 0x0000000549b00000, 0x0000000549a00000| Untracked 
| 499|0x0000000549b00000, 0x0000000549b00000, 0x0000000549c00000|  0%| F|  |TAMS 0x0000000549b00000, 0x0000000549b00000| Untracked 
| 500|0x0000000549c00000, 0x0000000549c00000, 0x0000000549d00000|  0%| F|  |TAMS 0x0000000549c00000, 0x0000000549c00000| Untracked 
| 501|0x0000000549d00000, 0x0000000549d00000, 0x0000000549e00000|  0%| F|  |TAMS 0x0000000549d00000, 0x0000000549d00000| Untracked 
| 502|0x0000000549e00000, 0x0000000549e00000, 0x0000000549f00000|  0%| F|  |TAMS 0x0000000549e00000, 0x0000000549e00000| Untracked 
| 503|0x0000000549f00000, 0x0000000549f00000, 0x000000054a000000|  0%| F|  |TAMS 0x0000000549f00000, 0x0000000549f00000| Untracked 
| 504|0x000000054a000000, 0x000000054a000000, 0x000000054a100000|  0%| F|  |TAMS 0x000000054a000000, 0x000000054a000000| Untracked 
| 505|0x000000054a100000, 0x000000054a100000, 0x000000054a200000|  0%| F|  |TAMS 0x000000054a100000, 0x000000054a100000| Untracked 
| 506|0x000000054a200000, 0x000000054a200000, 0x000000054a300000|  0%| F|  |TAMS 0x000000054a200000, 0x000000054a200000| Untracked 
| 507|0x000000054a300000, 0x000000054a400000, 0x000000054a400000|100%| O|  |TAMS 0x000000054a400000, 0x000000054a300000| Untracked 
| 508|0x000000054a400000, 0x000000054a400000, 0x000000054a500000|  0%| F|  |TAMS 0x000000054a400000, 0x000000054a400000| Untracked 
| 509|0x000000054a500000, 0x000000054a500000, 0x000000054a600000|  0%| F|  |TAMS 0x000000054a500000, 0x000000054a500000| Untracked 
| 510|0x000000054a600000, 0x000000054a600000, 0x000000054a700000|  0%| F|  |TAMS 0x000000054a600000, 0x000000054a600000| Untracked 
| 511|0x000000054a700000, 0x000000054a700000, 0x000000054a800000|  0%| F|  |TAMS 0x000000054a700000, 0x000000054a700000| Untracked 
| 512|0x000000054a800000, 0x000000054a900000, 0x000000054a900000|100%| O|  |TAMS 0x000000054a900000, 0x000000054a800000| Untracked 
| 513|0x000000054a900000, 0x000000054aa00000, 0x000000054aa00000|100%| O|  |TAMS 0x000000054aa00000, 0x000000054a900000| Untracked 
| 514|0x000000054aa00000, 0x000000054aa00000, 0x000000054ab00000|  0%| F|  |TAMS 0x000000054aa00000, 0x000000054aa00000| Untracked 
| 515|0x000000054ab00000, 0x000000054ac00000, 0x000000054ac00000|100%| O|  |TAMS 0x000000054ac00000, 0x000000054ab00000| Untracked 
| 516|0x000000054ac00000, 0x000000054ad00000, 0x000000054ad00000|100%| O|  |TAMS 0x000000054ad00000, 0x000000054ac00000| Untracked 
| 517|0x000000054ad00000, 0x000000054ad00000, 0x000000054ae00000|  0%| F|  |TAMS 0x000000054ad00000, 0x000000054ad00000| Untracked 
| 518|0x000000054ae00000, 0x000000054ae00000, 0x000000054af00000|  0%| F|  |TAMS 0x000000054ae00000, 0x000000054ae00000| Untracked 
| 519|0x000000054af00000, 0x000000054b000000, 0x000000054b000000|100%| O|  |TAMS 0x000000054b000000, 0x000000054af00000| Untracked 
| 520|0x000000054b000000, 0x000000054b000000, 0x000000054b100000|  0%| F|  |TAMS 0x000000054b000000, 0x000000054b000000| Untracked 
| 521|0x000000054b100000, 0x000000054b100000, 0x000000054b200000|  0%| F|  |TAMS 0x000000054b100000, 0x000000054b100000| Untracked 
| 522|0x000000054b200000, 0x000000054b200000, 0x000000054b300000|  0%| F|  |TAMS 0x000000054b200000, 0x000000054b200000| Untracked 
| 523|0x000000054b300000, 0x000000054b400000, 0x000000054b400000|100%| O|  |TAMS 0x000000054b400000, 0x000000054b300000| Untracked 
| 524|0x000000054b400000, 0x000000054b400000, 0x000000054b500000|  0%| F|  |TAMS 0x000000054b400000, 0x000000054b400000| Untracked 
| 525|0x000000054b500000, 0x000000054b500000, 0x000000054b600000|  0%| F|  |TAMS 0x000000054b500000, 0x000000054b500000| Untracked 
| 526|0x000000054b600000, 0x000000054b600000, 0x000000054b700000|  0%| F|  |TAMS 0x000000054b600000, 0x000000054b600000| Untracked 
| 527|0x000000054b700000, 0x000000054b800000, 0x000000054b800000|100%| O|  |TAMS 0x000000054b800000, 0x000000054b700000| Untracked 
| 528|0x000000054b800000, 0x000000054b900000, 0x000000054b900000|100%| O|  |TAMS 0x000000054b900000, 0x000000054b800000| Untracked 
| 529|0x000000054b900000, 0x000000054b900000, 0x000000054ba00000|  0%| F|  |TAMS 0x000000054b900000, 0x000000054b900000| Untracked 
| 530|0x000000054ba00000, 0x000000054bb00000, 0x000000054bb00000|100%| O|  |TAMS 0x000000054bb00000, 0x000000054ba00000| Untracked 
| 531|0x000000054bb00000, 0x000000054bb00000, 0x000000054bc00000|  0%| F|  |TAMS 0x000000054bb00000, 0x000000054bb00000| Untracked 
| 532|0x000000054bc00000, 0x000000054bc00000, 0x000000054bd00000|  0%| F|  |TAMS 0x000000054bc00000, 0x000000054bc00000| Untracked 
| 533|0x000000054bd00000, 0x000000054bd00000, 0x000000054be00000|  0%| F|  |TAMS 0x000000054bd00000, 0x000000054bd00000| Untracked 
| 534|0x000000054be00000, 0x000000054be00000, 0x000000054bf00000|  0%| F|  |TAMS 0x000000054be00000, 0x000000054be00000| Untracked 
| 535|0x000000054bf00000, 0x000000054bf00000, 0x000000054c000000|  0%| F|  |TAMS 0x000000054bf00000, 0x000000054bf00000| Untracked 
| 536|0x000000054c000000, 0x000000054c000000, 0x000000054c100000|  0%| F|  |TAMS 0x000000054c000000, 0x000000054c000000| Untracked 
| 537|0x000000054c100000, 0x000000054c200000, 0x000000054c200000|100%| O|  |TAMS 0x000000054c200000, 0x000000054c100000| Untracked 
| 538|0x000000054c200000, 0x000000054c300000, 0x000000054c300000|100%| O|  |TAMS 0x000000054c300000, 0x000000054c200000| Untracked 
| 539|0x000000054c300000, 0x000000054c300000, 0x000000054c400000|  0%| F|  |TAMS 0x000000054c300000, 0x000000054c300000| Untracked 
| 540|0x000000054c400000, 0x000000054c400000, 0x000000054c500000|  0%| F|  |TAMS 0x000000054c400000, 0x000000054c400000| Untracked 
| 541|0x000000054c500000, 0x000000054c500000, 0x000000054c600000|  0%| F|  |TAMS 0x000000054c500000, 0x000000054c500000| Untracked 
| 542|0x000000054c600000, 0x000000054c600000, 0x000000054c700000|  0%| F|  |TAMS 0x000000054c600000, 0x000000054c600000| Untracked 
| 543|0x000000054c700000, 0x000000054c800000, 0x000000054c800000|100%| O|  |TAMS 0x000000054c800000, 0x000000054c700000| Untracked 
| 544|0x000000054c800000, 0x000000054c800000, 0x000000054c900000|  0%| F|  |TAMS 0x000000054c800000, 0x000000054c800000| Untracked 
| 545|0x000000054c900000, 0x000000054ca00000, 0x000000054ca00000|100%| O|  |TAMS 0x000000054ca00000, 0x000000054c900000| Untracked 
| 546|0x000000054ca00000, 0x000000054ca00000, 0x000000054cb00000|  0%| F|  |TAMS 0x000000054ca00000, 0x000000054ca00000| Untracked 
| 547|0x000000054cb00000, 0x000000054cc00000, 0x000000054cc00000|100%| O|  |TAMS 0x000000054cc00000, 0x000000054cb00000| Untracked 
| 548|0x000000054cc00000, 0x000000054cc00000, 0x000000054cd00000|  0%| F|  |TAMS 0x000000054cc00000, 0x000000054cc00000| Untracked 
| 549|0x000000054cd00000, 0x000000054cd00000, 0x000000054ce00000|  0%| F|  |TAMS 0x000000054cd00000, 0x000000054cd00000| Untracked 
| 550|0x000000054ce00000, 0x000000054ce00000, 0x000000054cf00000|  0%| F|  |TAMS 0x000000054ce00000, 0x000000054ce00000| Untracked 
| 551|0x000000054cf00000, 0x000000054cf00000, 0x000000054d000000|  0%| F|  |TAMS 0x000000054cf00000, 0x000000054cf00000| Untracked 
| 552|0x000000054d000000, 0x000000054d000000, 0x000000054d100000|  0%| F|  |TAMS 0x000000054d000000, 0x000000054d000000| Untracked 
| 553|0x000000054d100000, 0x000000054d100000, 0x000000054d200000|  0%| F|  |TAMS 0x000000054d100000, 0x000000054d100000| Untracked 
| 554|0x000000054d200000, 0x000000054d200000, 0x000000054d300000|  0%| F|  |TAMS 0x000000054d200000, 0x000000054d200000| Untracked 
| 555|0x000000054d300000, 0x000000054d300000, 0x000000054d400000|  0%| F|  |TAMS 0x000000054d300000, 0x000000054d300000| Untracked 
| 556|0x000000054d400000, 0x000000054d400000, 0x000000054d500000|  0%| F|  |TAMS 0x000000054d400000, 0x000000054d400000| Untracked 
| 557|0x000000054d500000, 0x000000054d500000, 0x000000054d600000|  0%| F|  |TAMS 0x000000054d500000, 0x000000054d500000| Untracked 
| 558|0x000000054d600000, 0x000000054d600000, 0x000000054d700000|  0%| F|  |TAMS 0x000000054d600000, 0x000000054d600000| Untracked 
| 559|0x000000054d700000, 0x000000054d700000, 0x000000054d800000|  0%| F|  |TAMS 0x000000054d700000, 0x000000054d700000| Untracked 
| 560|0x000000054d800000, 0x000000054d800000, 0x000000054d900000|  0%| F|  |TAMS 0x000000054d800000, 0x000000054d800000| Untracked 
| 561|0x000000054d900000, 0x000000054d900000, 0x000000054da00000|  0%| F|  |TAMS 0x000000054d900000, 0x000000054d900000| Untracked 
| 562|0x000000054da00000, 0x000000054da00000, 0x000000054db00000|  0%| F|  |TAMS 0x000000054da00000, 0x000000054da00000| Untracked 
| 563|0x000000054db00000, 0x000000054dc00000, 0x000000054dc00000|100%| O|  |TAMS 0x000000054dc00000, 0x000000054db00000| Untracked 
| 564|0x000000054dc00000, 0x000000054dd00000, 0x000000054dd00000|100%| O|  |TAMS 0x000000054dd00000, 0x000000054dc00000| Untracked 
| 565|0x000000054dd00000, 0x000000054dd00000, 0x000000054de00000|  0%| F|  |TAMS 0x000000054dd00000, 0x000000054dd00000| Untracked 
| 566|0x000000054de00000, 0x000000054de00000, 0x000000054df00000|  0%| F|  |TAMS 0x000000054de00000, 0x000000054de00000| Untracked 
| 567|0x000000054df00000, 0x000000054df00000, 0x000000054e000000|  0%| F|  |TAMS 0x000000054df00000, 0x000000054df00000| Untracked 
| 568|0x000000054e000000, 0x000000054e100000, 0x000000054e100000|100%| O|  |TAMS 0x000000054e100000, 0x000000054e000000| Untracked 
| 569|0x000000054e100000, 0x000000054e100000, 0x000000054e200000|  0%| F|  |TAMS 0x000000054e100000, 0x000000054e100000| Untracked 
| 570|0x000000054e200000, 0x000000054e200000, 0x000000054e300000|  0%| F|  |TAMS 0x000000054e200000, 0x000000054e200000| Untracked 
| 571|0x000000054e300000, 0x000000054e300000, 0x000000054e400000|  0%| F|  |TAMS 0x000000054e300000, 0x000000054e300000| Untracked 
| 572|0x000000054e400000, 0x000000054e400000, 0x000000054e500000|  0%| F|  |TAMS 0x000000054e400000, 0x000000054e400000| Untracked 
| 573|0x000000054e500000, 0x000000054e500000, 0x000000054e600000|  0%| F|  |TAMS 0x000000054e500000, 0x000000054e500000| Untracked 
| 574|0x000000054e600000, 0x000000054e600000, 0x000000054e700000|  0%| F|  |TAMS 0x000000054e600000, 0x000000054e600000| Untracked 
| 575|0x000000054e700000, 0x000000054e700000, 0x000000054e800000|  0%| F|  |TAMS 0x000000054e700000, 0x000000054e700000| Untracked 
| 576|0x000000054e800000, 0x000000054e800000, 0x000000054e900000|  0%| F|  |TAMS 0x000000054e800000, 0x000000054e800000| Untracked 
| 577|0x000000054e900000, 0x000000054ea00000, 0x000000054ea00000|100%| O|  |TAMS 0x000000054ea00000, 0x000000054e900000| Untracked 
| 578|0x000000054ea00000, 0x000000054ea00000, 0x000000054eb00000|  0%| F|  |TAMS 0x000000054ea00000, 0x000000054ea00000| Untracked 
| 579|0x000000054eb00000, 0x000000054eb00000, 0x000000054ec00000|  0%| F|  |TAMS 0x000000054eb00000, 0x000000054eb00000| Untracked 
| 580|0x000000054ec00000, 0x000000054ed00000, 0x000000054ed00000|100%| O|  |TAMS 0x000000054ed00000, 0x000000054ec00000| Untracked 
| 581|0x000000054ed00000, 0x000000054ee00000, 0x000000054ee00000|100%| O|  |TAMS 0x000000054ee00000, 0x000000054ed00000| Untracked 
| 582|0x000000054ee00000, 0x000000054ee00000, 0x000000054ef00000|  0%| F|  |TAMS 0x000000054ee00000, 0x000000054ee00000| Untracked 
| 583|0x000000054ef00000, 0x000000054ef00000, 0x000000054f000000|  0%| F|  |TAMS 0x000000054ef00000, 0x000000054ef00000| Untracked 
| 584|0x000000054f000000, 0x000000054f000000, 0x000000054f100000|  0%| F|  |TAMS 0x000000054f000000, 0x000000054f000000| Untracked 
| 585|0x000000054f100000, 0x000000054f200000, 0x000000054f200000|100%| O|  |TAMS 0x000000054f200000, 0x000000054f100000| Untracked 
| 586|0x000000054f200000, 0x000000054f300000, 0x000000054f300000|100%|HS|  |TAMS 0x000000054f300000, 0x000000054f200000| Complete 
| 587|0x000000054f300000, 0x000000054f400000, 0x000000054f400000|100%|HC|  |TAMS 0x000000054f400000, 0x000000054f300000| Complete 
| 588|0x000000054f400000, 0x000000054f500000, 0x000000054f500000|100%|HC|  |TAMS 0x000000054f500000, 0x000000054f400000| Complete 
| 589|0x000000054f500000, 0x000000054f600000, 0x000000054f600000|100%|HC|  |TAMS 0x000000054f600000, 0x000000054f500000| Complete 
| 590|0x000000054f600000, 0x000000054f700000, 0x000000054f700000|100%| O|  |TAMS 0x000000054f700000, 0x000000054f600000| Untracked 
| 591|0x000000054f700000, 0x000000054f700000, 0x000000054f800000|  0%| F|  |TAMS 0x000000054f700000, 0x000000054f700000| Untracked 
| 592|0x000000054f800000, 0x000000054f800000, 0x000000054f900000|  0%| F|  |TAMS 0x000000054f800000, 0x000000054f800000| Untracked 
| 593|0x000000054f900000, 0x000000054fa00000, 0x000000054fa00000|100%|HS|  |TAMS 0x000000054fa00000, 0x000000054f900000| Complete 
| 594|0x000000054fa00000, 0x000000054fb00000, 0x000000054fb00000|100%|HC|  |TAMS 0x000000054fb00000, 0x000000054fa00000| Complete 
| 595|0x000000054fb00000, 0x000000054fc00000, 0x000000054fc00000|100%| O|  |TAMS 0x000000054fc00000, 0x000000054fb00000| Untracked 
| 596|0x000000054fc00000, 0x000000054fc00000, 0x000000054fd00000|  0%| F|  |TAMS 0x000000054fc00000, 0x000000054fc00000| Untracked 
| 597|0x000000054fd00000, 0x000000054fe00000, 0x000000054fe00000|100%| O|  |TAMS 0x000000054fe00000, 0x000000054fd00000| Untracked 
| 598|0x000000054fe00000, 0x000000054ff00000, 0x000000054ff00000|100%| O|  |TAMS 0x000000054ff00000, 0x000000054fe00000| Untracked 
| 599|0x000000054ff00000, 0x000000054ff00000, 0x0000000550000000|  0%| F|  |TAMS 0x000000054ff00000, 0x000000054ff00000| Untracked 
| 600|0x0000000550000000, 0x0000000550100000, 0x0000000550100000|100%|HS|  |TAMS 0x0000000550100000, 0x0000000550000000| Complete 
| 601|0x0000000550100000, 0x0000000550200000, 0x0000000550200000|100%|HC|  |TAMS 0x0000000550200000, 0x0000000550100000| Complete 
| 602|0x0000000550200000, 0x0000000550200000, 0x0000000550300000|  0%| F|  |TAMS 0x0000000550200000, 0x0000000550200000| Untracked 
| 603|0x0000000550300000, 0x0000000550300000, 0x0000000550400000|  0%| F|  |TAMS 0x0000000550300000, 0x0000000550300000| Untracked 
| 604|0x0000000550400000, 0x0000000550500000, 0x0000000550500000|100%|HS|  |TAMS 0x0000000550500000, 0x0000000550400000| Complete 
| 605|0x0000000550500000, 0x0000000550500000, 0x0000000550600000|  0%| F|  |TAMS 0x0000000550500000, 0x0000000550500000| Untracked 
| 606|0x0000000550600000, 0x0000000550600000, 0x0000000550700000|  0%| F|  |TAMS 0x0000000550600000, 0x0000000550600000| Untracked 
| 607|0x0000000550700000, 0x0000000550800000, 0x0000000550800000|100%|HS|  |TAMS 0x0000000550800000, 0x0000000550700000| Complete 
| 608|0x0000000550800000, 0x0000000550900000, 0x0000000550900000|100%|HC|  |TAMS 0x0000000550900000, 0x0000000550800000| Complete 
| 609|0x0000000550900000, 0x0000000550a00000, 0x0000000550a00000|100%|HC|  |TAMS 0x0000000550a00000, 0x0000000550900000| Complete 
| 610|0x0000000550a00000, 0x0000000550b00000, 0x0000000550b00000|100%| O|  |TAMS 0x0000000550b00000, 0x0000000550a00000| Untracked 
| 611|0x0000000550b00000, 0x0000000550c00000, 0x0000000550c00000|100%| O|  |TAMS 0x0000000550c00000, 0x0000000550b00000| Untracked 
| 612|0x0000000550c00000, 0x0000000550c00000, 0x0000000550d00000|  0%| F|  |TAMS 0x0000000550c00000, 0x0000000550c00000| Untracked 
| 613|0x0000000550d00000, 0x0000000550e00000, 0x0000000550e00000|100%| O|  |TAMS 0x0000000550e00000, 0x0000000550d00000| Untracked 
| 614|0x0000000550e00000, 0x0000000550e00000, 0x0000000550f00000|  0%| F|  |TAMS 0x0000000550e00000, 0x0000000550e00000| Untracked 
| 615|0x0000000550f00000, 0x0000000550f00000, 0x0000000551000000|  0%| F|  |TAMS 0x0000000550f00000, 0x0000000550f00000| Untracked 
| 616|0x0000000551000000, 0x0000000551000000, 0x0000000551100000|  0%| F|  |TAMS 0x0000000551000000, 0x0000000551000000| Untracked 
| 617|0x0000000551100000, 0x0000000551100000, 0x0000000551200000|  0%| F|  |TAMS 0x0000000551100000, 0x0000000551100000| Untracked 
| 618|0x0000000551200000, 0x0000000551200000, 0x0000000551300000|  0%| F|  |TAMS 0x0000000551200000, 0x0000000551200000| Untracked 
| 619|0x0000000551300000, 0x0000000551300000, 0x0000000551400000|  0%| F|  |TAMS 0x0000000551300000, 0x0000000551300000| Untracked 
| 620|0x0000000551400000, 0x0000000551400000, 0x0000000551500000|  0%| F|  |TAMS 0x0000000551400000, 0x0000000551400000| Untracked 
| 621|0x0000000551500000, 0x0000000551600000, 0x0000000551600000|100%| O|  |TAMS 0x0000000551600000, 0x0000000551500000| Updating 
| 622|0x0000000551600000, 0x0000000551700000, 0x0000000551700000|100%| O|  |TAMS 0x0000000551700000, 0x0000000551600000| Untracked 
| 623|0x0000000551700000, 0x0000000551800000, 0x0000000551800000|100%| O|  |TAMS 0x0000000551800000, 0x0000000551700000| Untracked 
| 624|0x0000000551800000, 0x0000000551900000, 0x0000000551900000|100%| O|  |TAMS 0x0000000551900000, 0x0000000551800000| Untracked 
| 625|0x0000000551900000, 0x0000000551a00000, 0x0000000551a00000|100%| O|  |TAMS 0x0000000551a00000, 0x0000000551900000| Untracked 
| 626|0x0000000551a00000, 0x0000000551b00000, 0x0000000551b00000|100%| O|  |TAMS 0x0000000551b00000, 0x0000000551a00000| Untracked 
| 627|0x0000000551b00000, 0x0000000551c00000, 0x0000000551c00000|100%| O|  |TAMS 0x0000000551c00000, 0x0000000551b00000| Untracked 
| 628|0x0000000551c00000, 0x0000000551d00000, 0x0000000551d00000|100%| O|  |TAMS 0x0000000551d00000, 0x0000000551c00000| Untracked 
| 629|0x0000000551d00000, 0x0000000551e00000, 0x0000000551e00000|100%| O|  |TAMS 0x0000000551e00000, 0x0000000551d00000| Untracked 
| 630|0x0000000551e00000, 0x0000000551f00000, 0x0000000551f00000|100%| O|  |TAMS 0x0000000551f00000, 0x0000000551e00000| Untracked 
| 631|0x0000000551f00000, 0x0000000552000000, 0x0000000552000000|100%| O|  |TAMS 0x0000000552000000, 0x0000000551f00000| Untracked 
| 632|0x0000000552000000, 0x0000000552100000, 0x0000000552100000|100%| O|  |TAMS 0x0000000552100000, 0x0000000552000000| Untracked 
| 633|0x0000000552100000, 0x0000000552200000, 0x0000000552200000|100%| O|  |TAMS 0x0000000552200000, 0x0000000552100000| Untracked 
| 634|0x0000000552200000, 0x0000000552300000, 0x0000000552300000|100%| O|  |TAMS 0x0000000552300000, 0x0000000552200000| Untracked 
| 635|0x0000000552300000, 0x0000000552400000, 0x0000000552400000|100%| O|  |TAMS 0x0000000552400000, 0x0000000552300000| Untracked 
| 636|0x0000000552400000, 0x0000000552500000, 0x0000000552500000|100%| O|  |TAMS 0x0000000552500000, 0x0000000552400000| Untracked 
| 637|0x0000000552500000, 0x0000000552600000, 0x0000000552600000|100%| O|  |TAMS 0x0000000552600000, 0x0000000552500000| Untracked 
| 638|0x0000000552600000, 0x0000000552700000, 0x0000000552700000|100%| O|  |TAMS 0x0000000552700000, 0x0000000552600000| Untracked 
| 639|0x0000000552700000, 0x0000000552800000, 0x0000000552800000|100%| O|  |TAMS 0x0000000552800000, 0x0000000552700000| Untracked 
| 640|0x0000000552800000, 0x0000000552900000, 0x0000000552900000|100%| O|  |TAMS 0x0000000552900000, 0x0000000552800000| Untracked 
| 641|0x0000000552900000, 0x0000000552a00000, 0x0000000552a00000|100%| O|  |TAMS 0x0000000552a00000, 0x0000000552900000| Untracked 
| 642|0x0000000552a00000, 0x0000000552b00000, 0x0000000552b00000|100%| O|  |TAMS 0x0000000552b00000, 0x0000000552a00000| Untracked 
| 643|0x0000000552b00000, 0x0000000552c00000, 0x0000000552c00000|100%| O|  |TAMS 0x0000000552c00000, 0x0000000552b00000| Untracked 
| 644|0x0000000552c00000, 0x0000000552d00000, 0x0000000552d00000|100%| O|  |TAMS 0x0000000552d00000, 0x0000000552c00000| Updating 
| 645|0x0000000552d00000, 0x0000000552e00000, 0x0000000552e00000|100%| O|  |TAMS 0x0000000552e00000, 0x0000000552d00000| Untracked 
| 646|0x0000000552e00000, 0x0000000552f00000, 0x0000000552f00000|100%| O|  |TAMS 0x0000000552f00000, 0x0000000552e00000| Untracked 
| 647|0x0000000552f00000, 0x0000000553000000, 0x0000000553000000|100%| O|  |TAMS 0x0000000553000000, 0x0000000552f00000| Untracked 
| 648|0x0000000553000000, 0x0000000553100000, 0x0000000553100000|100%| O|  |TAMS 0x0000000553100000, 0x0000000553000000| Untracked 
| 649|0x0000000553100000, 0x0000000553200000, 0x0000000553200000|100%| O|  |TAMS 0x0000000553200000, 0x0000000553100000| Untracked 
| 650|0x0000000553200000, 0x0000000553300000, 0x0000000553300000|100%| O|  |TAMS 0x0000000553300000, 0x0000000553200000| Untracked 
| 651|0x0000000553300000, 0x0000000553400000, 0x0000000553400000|100%|HS|  |TAMS 0x0000000553400000, 0x0000000553300000| Complete 
| 652|0x0000000553400000, 0x0000000553500000, 0x0000000553500000|100%|HC|  |TAMS 0x0000000553500000, 0x0000000553400000| Complete 
| 653|0x0000000553500000, 0x0000000553600000, 0x0000000553600000|100%|HS|  |TAMS 0x0000000553600000, 0x0000000553500000| Complete 
| 654|0x0000000553600000, 0x0000000553700000, 0x0000000553700000|100%|HC|  |TAMS 0x0000000553700000, 0x0000000553600000| Complete 
| 655|0x0000000553700000, 0x0000000553800000, 0x0000000553800000|100%|HS|  |TAMS 0x0000000553800000, 0x0000000553700000| Complete 
| 656|0x0000000553800000, 0x0000000553900000, 0x0000000553900000|100%|HC|  |TAMS 0x0000000553900000, 0x0000000553800000| Complete 
| 657|0x0000000553900000, 0x0000000553a00000, 0x0000000553a00000|100%|HC|  |TAMS 0x0000000553a00000, 0x0000000553900000| Complete 
| 658|0x0000000553a00000, 0x0000000553a00000, 0x0000000553b00000|  0%| F|  |TAMS 0x0000000553a00000, 0x0000000553a00000| Untracked 
| 659|0x0000000553b00000, 0x0000000553c00000, 0x0000000553c00000|100%|HS|  |TAMS 0x0000000553c00000, 0x0000000553b00000| Complete 
| 660|0x0000000553c00000, 0x0000000553d00000, 0x0000000553d00000|100%|HC|  |TAMS 0x0000000553d00000, 0x0000000553c00000| Complete 
| 661|0x0000000553d00000, 0x0000000553e00000, 0x0000000553e00000|100%|HS|  |TAMS 0x0000000553e00000, 0x0000000553d00000| Complete 
| 662|0x0000000553e00000, 0x0000000553f00000, 0x0000000553f00000|100%|HC|  |TAMS 0x0000000553f00000, 0x0000000553e00000| Complete 
| 663|0x0000000553f00000, 0x0000000554000000, 0x0000000554000000|100%|HS|  |TAMS 0x0000000554000000, 0x0000000553f00000| Complete 
| 664|0x0000000554000000, 0x0000000554100000, 0x0000000554100000|100%|HC|  |TAMS 0x0000000554100000, 0x0000000554000000| Complete 
| 665|0x0000000554100000, 0x0000000554200000, 0x0000000554200000|100%|HC|  |TAMS 0x0000000554200000, 0x0000000554100000| Complete 
| 666|0x0000000554200000, 0x0000000554300000, 0x0000000554300000|100%| O|  |TAMS 0x0000000554300000, 0x0000000554200000| Untracked 
| 667|0x0000000554300000, 0x0000000554400000, 0x0000000554400000|100%| O|  |TAMS 0x0000000554400000, 0x0000000554300000| Untracked 
| 668|0x0000000554400000, 0x0000000554500000, 0x0000000554500000|100%| O|  |TAMS 0x0000000554500000, 0x0000000554400000| Untracked 
| 669|0x0000000554500000, 0x0000000554600000, 0x0000000554600000|100%| O|  |TAMS 0x0000000554600000, 0x0000000554500000| Untracked 
| 670|0x0000000554600000, 0x0000000554700000, 0x0000000554700000|100%| O|  |TAMS 0x0000000554700000, 0x0000000554600000| Untracked 
| 671|0x0000000554700000, 0x0000000554700000, 0x0000000554800000|  0%| F|  |TAMS 0x0000000554700000, 0x0000000554700000| Untracked 
| 672|0x0000000554800000, 0x0000000554800000, 0x0000000554900000|  0%| F|  |TAMS 0x0000000554800000, 0x0000000554800000| Untracked 
| 673|0x0000000554900000, 0x0000000554900000, 0x0000000554a00000|  0%| F|  |TAMS 0x0000000554900000, 0x0000000554900000| Untracked 
| 674|0x0000000554a00000, 0x0000000554a00000, 0x0000000554b00000|  0%| F|  |TAMS 0x0000000554a00000, 0x0000000554a00000| Untracked 
| 675|0x0000000554b00000, 0x0000000554c00000, 0x0000000554c00000|100%| O|  |TAMS 0x0000000554c00000, 0x0000000554b00000| Untracked 
| 676|0x0000000554c00000, 0x0000000554d00000, 0x0000000554d00000|100%| O|  |TAMS 0x0000000554d00000, 0x0000000554c00000| Untracked 
| 677|0x0000000554d00000, 0x0000000554e00000, 0x0000000554e00000|100%| O|  |TAMS 0x0000000554e00000, 0x0000000554d00000| Untracked 
| 678|0x0000000554e00000, 0x0000000554f00000, 0x0000000554f00000|100%| O|  |TAMS 0x0000000554f00000, 0x0000000554e00000| Untracked 
| 679|0x0000000554f00000, 0x0000000555000000, 0x0000000555000000|100%| O|  |TAMS 0x0000000555000000, 0x0000000554f00000| Untracked 
| 680|0x0000000555000000, 0x0000000555100000, 0x0000000555100000|100%| O|  |TAMS 0x0000000555100000, 0x0000000555000000| Untracked 
| 681|0x0000000555100000, 0x0000000555200000, 0x0000000555200000|100%| O|  |TAMS 0x0000000555200000, 0x0000000555100000| Untracked 
| 682|0x0000000555200000, 0x0000000555300000, 0x0000000555300000|100%| O|  |TAMS 0x0000000555300000, 0x0000000555200000| Untracked 
| 683|0x0000000555300000, 0x0000000555300000, 0x0000000555400000|  0%| F|  |TAMS 0x0000000555300000, 0x0000000555300000| Untracked 
| 684|0x0000000555400000, 0x0000000555400000, 0x0000000555500000|  0%| F|  |TAMS 0x0000000555400000, 0x0000000555400000| Untracked 
| 685|0x0000000555500000, 0x0000000555500000, 0x0000000555600000|  0%| F|  |TAMS 0x0000000555500000, 0x0000000555500000| Untracked 
| 686|0x0000000555600000, 0x0000000555700000, 0x0000000555700000|100%| O|  |TAMS 0x0000000555700000, 0x0000000555600000| Untracked 
| 687|0x0000000555700000, 0x0000000555800000, 0x0000000555800000|100%| O|  |TAMS 0x0000000555800000, 0x0000000555700000| Untracked 
| 688|0x0000000555800000, 0x0000000555900000, 0x0000000555900000|100%| O|  |TAMS 0x0000000555900000, 0x0000000555800000| Untracked 
| 689|0x0000000555900000, 0x0000000555a00000, 0x0000000555a00000|100%| O|  |TAMS 0x0000000555a00000, 0x0000000555900000| Untracked 
| 690|0x0000000555a00000, 0x0000000555b00000, 0x0000000555b00000|100%| O|  |TAMS 0x0000000555b00000, 0x0000000555a00000| Untracked 
| 691|0x0000000555b00000, 0x0000000555b00000, 0x0000000555c00000|  0%| F|  |TAMS 0x0000000555b00000, 0x0000000555b00000| Untracked 
| 692|0x0000000555c00000, 0x0000000555c00000, 0x0000000555d00000|  0%| F|  |TAMS 0x0000000555c00000, 0x0000000555c00000| Untracked 
| 693|0x0000000555d00000, 0x0000000555e00000, 0x0000000555e00000|100%| O|  |TAMS 0x0000000555e00000, 0x0000000555d00000| Untracked 
| 694|0x0000000555e00000, 0x0000000555f00000, 0x0000000555f00000|100%| O|  |TAMS 0x0000000555f00000, 0x0000000555e00000| Untracked 
| 695|0x0000000555f00000, 0x0000000556000000, 0x0000000556000000|100%|HS|  |TAMS 0x0000000556000000, 0x0000000555f00000| Complete 
| 696|0x0000000556000000, 0x0000000556000000, 0x0000000556100000|  0%| F|  |TAMS 0x0000000556000000, 0x0000000556000000| Untracked 
| 697|0x0000000556100000, 0x0000000556200000, 0x0000000556200000|100%| O|  |TAMS 0x0000000556200000, 0x0000000556100000| Untracked 
| 698|0x0000000556200000, 0x0000000556300000, 0x0000000556300000|100%| O|  |TAMS 0x0000000556300000, 0x0000000556200000| Untracked 
| 699|0x0000000556300000, 0x0000000556300000, 0x0000000556400000|  0%| F|  |TAMS 0x0000000556300000, 0x0000000556300000| Untracked 
| 700|0x0000000556400000, 0x0000000556500000, 0x0000000556500000|100%| O|  |TAMS 0x0000000556500000, 0x0000000556400000| Untracked 
| 701|0x0000000556500000, 0x0000000556600000, 0x0000000556600000|100%| O|  |TAMS 0x0000000556600000, 0x0000000556500000| Untracked 
| 702|0x0000000556600000, 0x0000000556700000, 0x0000000556700000|100%| O|  |TAMS 0x0000000556700000, 0x0000000556600000| Untracked 
| 703|0x0000000556700000, 0x0000000556800000, 0x0000000556800000|100%| O|  |TAMS 0x0000000556800000, 0x0000000556700000| Untracked 
| 704|0x0000000556800000, 0x0000000556900000, 0x0000000556900000|100%| O|  |TAMS 0x0000000556900000, 0x0000000556800000| Untracked 
| 705|0x0000000556900000, 0x0000000556a00000, 0x0000000556a00000|100%| O|  |TAMS 0x0000000556a00000, 0x0000000556900000| Untracked 
| 706|0x0000000556a00000, 0x0000000556b00000, 0x0000000556b00000|100%| O|  |TAMS 0x0000000556b00000, 0x0000000556a00000| Untracked 
| 707|0x0000000556b00000, 0x0000000556c00000, 0x0000000556c00000|100%| O|  |TAMS 0x0000000556c00000, 0x0000000556b00000| Untracked 
| 708|0x0000000556c00000, 0x0000000556d00000, 0x0000000556d00000|100%| O|  |TAMS 0x0000000556d00000, 0x0000000556c00000| Untracked 
| 709|0x0000000556d00000, 0x0000000556e00000, 0x0000000556e00000|100%| O|  |TAMS 0x0000000556e00000, 0x0000000556d00000| Untracked 
| 710|0x0000000556e00000, 0x0000000556f00000, 0x0000000556f00000|100%| O|  |TAMS 0x0000000556f00000, 0x0000000556e00000| Untracked 
| 711|0x0000000556f00000, 0x0000000557000000, 0x0000000557000000|100%| O|  |TAMS 0x0000000557000000, 0x0000000556f00000| Updating 
| 712|0x0000000557000000, 0x0000000557000000, 0x0000000557100000|  0%| F|  |TAMS 0x0000000557000000, 0x0000000557000000| Untracked 
| 713|0x0000000557100000, 0x0000000557100000, 0x0000000557200000|  0%| F|  |TAMS 0x0000000557100000, 0x0000000557100000| Untracked 
| 714|0x0000000557200000, 0x0000000557200000, 0x0000000557300000|  0%| F|  |TAMS 0x0000000557200000, 0x0000000557200000| Untracked 
| 715|0x0000000557300000, 0x0000000557300000, 0x0000000557400000|  0%| F|  |TAMS 0x0000000557300000, 0x0000000557300000| Untracked 
| 716|0x0000000557400000, 0x0000000557400000, 0x0000000557500000|  0%| F|  |TAMS 0x0000000557400000, 0x0000000557400000| Untracked 
| 717|0x0000000557500000, 0x0000000557600000, 0x0000000557600000|100%| O|  |TAMS 0x0000000557600000, 0x0000000557500000| Untracked 
| 718|0x0000000557600000, 0x0000000557700000, 0x0000000557700000|100%| O|  |TAMS 0x0000000557700000, 0x0000000557600000| Untracked 
| 719|0x0000000557700000, 0x0000000557700000, 0x0000000557800000|  0%| F|  |TAMS 0x0000000557700000, 0x0000000557700000| Untracked 
| 720|0x0000000557800000, 0x0000000557800000, 0x0000000557900000|  0%| F|  |TAMS 0x0000000557800000, 0x0000000557800000| Untracked 
| 721|0x0000000557900000, 0x0000000557a00000, 0x0000000557a00000|100%| O|  |TAMS 0x0000000557a00000, 0x0000000557900000| Untracked 
| 722|0x0000000557a00000, 0x0000000557b00000, 0x0000000557b00000|100%| O|  |TAMS 0x0000000557b00000, 0x0000000557a00000| Updating 
| 723|0x0000000557b00000, 0x0000000557c00000, 0x0000000557c00000|100%| O|  |TAMS 0x0000000557c00000, 0x0000000557b00000| Untracked 
| 724|0x0000000557c00000, 0x0000000557d00000, 0x0000000557d00000|100%| O|  |TAMS 0x0000000557d00000, 0x0000000557c00000| Untracked 
| 725|0x0000000557d00000, 0x0000000557e00000, 0x0000000557e00000|100%| O|  |TAMS 0x0000000557e00000, 0x0000000557d00000| Untracked 
| 726|0x0000000557e00000, 0x0000000557f00000, 0x0000000557f00000|100%| O|  |TAMS 0x0000000557f00000, 0x0000000557e00000| Untracked 
| 727|0x0000000557f00000, 0x0000000558000000, 0x0000000558000000|100%| O|  |TAMS 0x0000000558000000, 0x0000000557f00000| Untracked 
| 728|0x0000000558000000, 0x0000000558100000, 0x0000000558100000|100%| O|  |TAMS 0x0000000558100000, 0x0000000558000000| Untracked 
| 729|0x0000000558100000, 0x0000000558200000, 0x0000000558200000|100%| O|  |TAMS 0x0000000558200000, 0x0000000558100000| Untracked 
| 730|0x0000000558200000, 0x0000000558300000, 0x0000000558300000|100%| O|  |TAMS 0x0000000558300000, 0x0000000558200000| Untracked 
| 731|0x0000000558300000, 0x0000000558400000, 0x0000000558400000|100%| O|  |TAMS 0x0000000558400000, 0x0000000558300000| Updating 
| 732|0x0000000558400000, 0x0000000558500000, 0x0000000558500000|100%| O|  |TAMS 0x0000000558500000, 0x0000000558400000| Untracked 
| 733|0x0000000558500000, 0x0000000558600000, 0x0000000558600000|100%| O|  |TAMS 0x0000000558600000, 0x0000000558500000| Untracked 
| 734|0x0000000558600000, 0x0000000558700000, 0x0000000558700000|100%| O|  |TAMS 0x0000000558700000, 0x0000000558600000| Untracked 
| 735|0x0000000558700000, 0x0000000558800000, 0x0000000558800000|100%| O|  |TAMS 0x0000000558800000, 0x0000000558700000| Updating 
| 736|0x0000000558800000, 0x0000000558900000, 0x0000000558900000|100%| O|  |TAMS 0x0000000558900000, 0x0000000558800000| Untracked 
| 737|0x0000000558900000, 0x0000000558a00000, 0x0000000558a00000|100%| O|  |TAMS 0x0000000558a00000, 0x0000000558900000| Updating 
| 738|0x0000000558a00000, 0x0000000558a00000, 0x0000000558b00000|  0%| F|  |TAMS 0x0000000558a00000, 0x0000000558a00000| Untracked 
| 739|0x0000000558b00000, 0x0000000558b00000, 0x0000000558c00000|  0%| F|  |TAMS 0x0000000558b00000, 0x0000000558b00000| Untracked 
| 740|0x0000000558c00000, 0x0000000558c00000, 0x0000000558d00000|  0%| F|  |TAMS 0x0000000558c00000, 0x0000000558c00000| Untracked 
| 741|0x0000000558d00000, 0x0000000558d00000, 0x0000000558e00000|  0%| F|  |TAMS 0x0000000558d00000, 0x0000000558d00000| Untracked 
| 742|0x0000000558e00000, 0x0000000558e00000, 0x0000000558f00000|  0%| F|  |TAMS 0x0000000558e00000, 0x0000000558e00000| Untracked 
| 743|0x0000000558f00000, 0x0000000558f00000, 0x0000000559000000|  0%| F|  |TAMS 0x0000000558f00000, 0x0000000558f00000| Untracked 
| 744|0x0000000559000000, 0x0000000559000000, 0x0000000559100000|  0%| F|  |TAMS 0x0000000559000000, 0x0000000559000000| Untracked 
| 745|0x0000000559100000, 0x0000000559200000, 0x0000000559200000|100%| O|  |TAMS 0x0000000559200000, 0x0000000559100000| Updating 
| 746|0x0000000559200000, 0x0000000559300000, 0x0000000559300000|100%| O|  |TAMS 0x0000000559300000, 0x0000000559200000| Updating 
| 747|0x0000000559300000, 0x0000000559400000, 0x0000000559400000|100%|HS|  |TAMS 0x0000000559400000, 0x0000000559300000| Complete 
| 748|0x0000000559400000, 0x0000000559500000, 0x0000000559500000|100%|HC|  |TAMS 0x0000000559500000, 0x0000000559400000| Complete 
| 749|0x0000000559500000, 0x0000000559600000, 0x0000000559600000|100%|HC|  |TAMS 0x0000000559600000, 0x0000000559500000| Complete 
| 750|0x0000000559600000, 0x0000000559700000, 0x0000000559700000|100%|HC|  |TAMS 0x0000000559700000, 0x0000000559600000| Complete 
| 751|0x0000000559700000, 0x0000000559800000, 0x0000000559800000|100%|HC|  |TAMS 0x0000000559800000, 0x0000000559700000| Complete 
| 752|0x0000000559800000, 0x0000000559900000, 0x0000000559900000|100%|HC|  |TAMS 0x0000000559900000, 0x0000000559800000| Complete 
| 753|0x0000000559900000, 0x0000000559a00000, 0x0000000559a00000|100%|HC|  |TAMS 0x0000000559a00000, 0x0000000559900000| Complete 
| 754|0x0000000559a00000, 0x0000000559b00000, 0x0000000559b00000|100%|HC|  |TAMS 0x0000000559b00000, 0x0000000559a00000| Complete 
| 755|0x0000000559b00000, 0x0000000559c00000, 0x0000000559c00000|100%|HC|  |TAMS 0x0000000559c00000, 0x0000000559b00000| Complete 
| 756|0x0000000559c00000, 0x0000000559d00000, 0x0000000559d00000|100%|HC|  |TAMS 0x0000000559d00000, 0x0000000559c00000| Complete 
| 757|0x0000000559d00000, 0x0000000559e00000, 0x0000000559e00000|100%|HC|  |TAMS 0x0000000559e00000, 0x0000000559d00000| Complete 
| 758|0x0000000559e00000, 0x0000000559f00000, 0x0000000559f00000|100%|HC|  |TAMS 0x0000000559f00000, 0x0000000559e00000| Complete 
| 759|0x0000000559f00000, 0x000000055a000000, 0x000000055a000000|100%|HC|  |TAMS 0x000000055a000000, 0x0000000559f00000| Complete 
| 760|0x000000055a000000, 0x000000055a100000, 0x000000055a100000|100%|HC|  |TAMS 0x000000055a100000, 0x000000055a000000| Complete 
| 761|0x000000055a100000, 0x000000055a200000, 0x000000055a200000|100%|HC|  |TAMS 0x000000055a200000, 0x000000055a100000| Complete 
| 762|0x000000055a200000, 0x000000055a300000, 0x000000055a300000|100%|HC|  |TAMS 0x000000055a300000, 0x000000055a200000| Complete 
| 763|0x000000055a300000, 0x000000055a400000, 0x000000055a400000|100%|HC|  |TAMS 0x000000055a400000, 0x000000055a300000| Complete 
| 764|0x000000055a400000, 0x000000055a500000, 0x000000055a500000|100%|HC|  |TAMS 0x000000055a500000, 0x000000055a400000| Complete 
| 765|0x000000055a500000, 0x000000055a600000, 0x000000055a600000|100%|HC|  |TAMS 0x000000055a600000, 0x000000055a500000| Complete 
| 766|0x000000055a600000, 0x000000055a700000, 0x000000055a700000|100%|HC|  |TAMS 0x000000055a700000, 0x000000055a600000| Complete 
| 767|0x000000055a700000, 0x000000055a800000, 0x000000055a800000|100%|HC|  |TAMS 0x000000055a800000, 0x000000055a700000| Complete 
| 768|0x000000055a800000, 0x000000055a900000, 0x000000055a900000|100%|HC|  |TAMS 0x000000055a900000, 0x000000055a800000| Complete 
| 769|0x000000055a900000, 0x000000055aa00000, 0x000000055aa00000|100%|HC|  |TAMS 0x000000055aa00000, 0x000000055a900000| Complete 
| 770|0x000000055aa00000, 0x000000055ab00000, 0x000000055ab00000|100%|HC|  |TAMS 0x000000055ab00000, 0x000000055aa00000| Complete 
| 771|0x000000055ab00000, 0x000000055ac00000, 0x000000055ac00000|100%|HC|  |TAMS 0x000000055ac00000, 0x000000055ab00000| Complete 
| 772|0x000000055ac00000, 0x000000055ad00000, 0x000000055ad00000|100%|HC|  |TAMS 0x000000055ad00000, 0x000000055ac00000| Complete 
| 773|0x000000055ad00000, 0x000000055ae00000, 0x000000055ae00000|100%|HC|  |TAMS 0x000000055ae00000, 0x000000055ad00000| Complete 
| 774|0x000000055ae00000, 0x000000055af00000, 0x000000055af00000|100%|HC|  |TAMS 0x000000055af00000, 0x000000055ae00000| Complete 
| 775|0x000000055af00000, 0x000000055b000000, 0x000000055b000000|100%|HC|  |TAMS 0x000000055b000000, 0x000000055af00000| Complete 
| 776|0x000000055b000000, 0x000000055b100000, 0x000000055b100000|100%|HC|  |TAMS 0x000000055b100000, 0x000000055b000000| Complete 
| 777|0x000000055b100000, 0x000000055b200000, 0x000000055b200000|100%| O|  |TAMS 0x000000055b200000, 0x000000055b100000| Untracked 
| 778|0x000000055b200000, 0x000000055b300000, 0x000000055b300000|100%| O|  |TAMS 0x000000055b300000, 0x000000055b200000| Updating 
| 779|0x000000055b300000, 0x000000055b400000, 0x000000055b400000|100%| O|  |TAMS 0x000000055b400000, 0x000000055b300000| Untracked 
| 780|0x000000055b400000, 0x000000055b400000, 0x000000055b500000|  0%| F|  |TAMS 0x000000055b400000, 0x000000055b400000| Untracked 
| 781|0x000000055b500000, 0x000000055b500000, 0x000000055b600000|  0%| F|  |TAMS 0x000000055b500000, 0x000000055b500000| Untracked 
| 782|0x000000055b600000, 0x000000055b600000, 0x000000055b700000|  0%| F|  |TAMS 0x000000055b600000, 0x000000055b600000| Untracked 
| 783|0x000000055b700000, 0x000000055b800000, 0x000000055b800000|100%| O|  |TAMS 0x000000055b800000, 0x000000055b700000| Updating 
| 784|0x000000055b800000, 0x000000055b900000, 0x000000055b900000|100%| O|  |TAMS 0x000000055b900000, 0x000000055b800000| Untracked 
| 785|0x000000055b900000, 0x000000055b900000, 0x000000055ba00000|  0%| F|  |TAMS 0x000000055b900000, 0x000000055b900000| Untracked 
| 786|0x000000055ba00000, 0x000000055ba00000, 0x000000055bb00000|  0%| F|  |TAMS 0x000000055ba00000, 0x000000055ba00000| Untracked 
| 787|0x000000055bb00000, 0x000000055bc00000, 0x000000055bc00000|100%| O|  |TAMS 0x000000055bc00000, 0x000000055bb00000| Untracked 
| 788|0x000000055bc00000, 0x000000055bd00000, 0x000000055bd00000|100%| O|  |TAMS 0x000000055bd00000, 0x000000055bc00000| Updating 
| 789|0x000000055bd00000, 0x000000055bd00000, 0x000000055be00000|  0%| F|  |TAMS 0x000000055bd00000, 0x000000055bd00000| Untracked 
| 790|0x000000055be00000, 0x000000055be00000, 0x000000055bf00000|  0%| F|  |TAMS 0x000000055be00000, 0x000000055be00000| Untracked 
| 791|0x000000055bf00000, 0x000000055c000000, 0x000000055c000000|100%| O|  |TAMS 0x000000055c000000, 0x000000055bf00000| Untracked 
| 792|0x000000055c000000, 0x000000055c100000, 0x000000055c100000|100%| O|  |TAMS 0x000000055c100000, 0x000000055c000000| Updating 
| 793|0x000000055c100000, 0x000000055c200000, 0x000000055c200000|100%| O|  |TAMS 0x000000055c200000, 0x000000055c100000| Updating 
| 794|0x000000055c200000, 0x000000055c300000, 0x000000055c300000|100%| O|  |TAMS 0x000000055c300000, 0x000000055c200000| Updating 
| 795|0x000000055c300000, 0x000000055c400000, 0x000000055c400000|100%| O|  |TAMS 0x000000055c400000, 0x000000055c300000| Updating 
| 796|0x000000055c400000, 0x000000055c400000, 0x000000055c500000|  0%| F|  |TAMS 0x000000055c400000, 0x000000055c400000| Untracked 
| 797|0x000000055c500000, 0x000000055c500000, 0x000000055c600000|  0%| F|  |TAMS 0x000000055c500000, 0x000000055c500000| Untracked 
| 798|0x000000055c600000, 0x000000055c600000, 0x000000055c700000|  0%| F|  |TAMS 0x000000055c600000, 0x000000055c600000| Untracked 
| 799|0x000000055c700000, 0x000000055c700000, 0x000000055c800000|  0%| F|  |TAMS 0x000000055c700000, 0x000000055c700000| Untracked 
| 800|0x000000055c800000, 0x000000055c800000, 0x000000055c900000|  0%| F|  |TAMS 0x000000055c800000, 0x000000055c800000| Untracked 
| 801|0x000000055c900000, 0x000000055c900000, 0x000000055ca00000|  0%| F|  |TAMS 0x000000055c900000, 0x000000055c900000| Untracked 
| 802|0x000000055ca00000, 0x000000055ca00000, 0x000000055cb00000|  0%| F|  |TAMS 0x000000055ca00000, 0x000000055ca00000| Untracked 
| 803|0x000000055cb00000, 0x000000055cb00000, 0x000000055cc00000|  0%| F|  |TAMS 0x000000055cb00000, 0x000000055cb00000| Untracked 
| 804|0x000000055cc00000, 0x000000055cc00000, 0x000000055cd00000|  0%| F|  |TAMS 0x000000055cc00000, 0x000000055cc00000| Untracked 
| 805|0x000000055cd00000, 0x000000055cd00000, 0x000000055ce00000|  0%| F|  |TAMS 0x000000055cd00000, 0x000000055cd00000| Untracked 
| 806|0x000000055ce00000, 0x000000055ce00000, 0x000000055cf00000|  0%| F|  |TAMS 0x000000055ce00000, 0x000000055ce00000| Untracked 
| 807|0x000000055cf00000, 0x000000055cf00000, 0x000000055d000000|  0%| F|  |TAMS 0x000000055cf00000, 0x000000055cf00000| Untracked 
| 808|0x000000055d000000, 0x000000055d100000, 0x000000055d100000|100%| O|  |TAMS 0x000000055d100000, 0x000000055d000000| Updating 
| 809|0x000000055d100000, 0x000000055d100000, 0x000000055d200000|  0%| F|  |TAMS 0x000000055d100000, 0x000000055d100000| Untracked 
| 810|0x000000055d200000, 0x000000055d200000, 0x000000055d300000|  0%| F|  |TAMS 0x000000055d200000, 0x000000055d200000| Untracked 
| 811|0x000000055d300000, 0x000000055d300000, 0x000000055d400000|  0%| F|  |TAMS 0x000000055d300000, 0x000000055d300000| Untracked 
| 812|0x000000055d400000, 0x000000055d500000, 0x000000055d500000|100%| O|  |TAMS 0x000000055d500000, 0x000000055d400000| Updating 
| 813|0x000000055d500000, 0x000000055d600000, 0x000000055d600000|100%| O|  |TAMS 0x000000055d600000, 0x000000055d500000| Updating 
| 814|0x000000055d600000, 0x000000055d700000, 0x000000055d700000|100%| O|  |TAMS 0x000000055d700000, 0x000000055d600000| Updating 
| 815|0x000000055d700000, 0x000000055d800000, 0x000000055d800000|100%| O|  |TAMS 0x000000055d800000, 0x000000055d700000| Updating 
| 816|0x000000055d800000, 0x000000055d800000, 0x000000055d900000|  0%| F|  |TAMS 0x000000055d800000, 0x000000055d800000| Untracked 
| 817|0x000000055d900000, 0x000000055d900000, 0x000000055da00000|  0%| F|  |TAMS 0x000000055d900000, 0x000000055d900000| Untracked 
| 818|0x000000055da00000, 0x000000055db00000, 0x000000055db00000|100%| O|  |TAMS 0x000000055db00000, 0x000000055da00000| Updating 
| 819|0x000000055db00000, 0x000000055dc00000, 0x000000055dc00000|100%| O|  |TAMS 0x000000055dc00000, 0x000000055db00000| Updating 
| 820|0x000000055dc00000, 0x000000055dd00000, 0x000000055dd00000|100%| O|  |TAMS 0x000000055dd00000, 0x000000055dc00000| Updating 
| 821|0x000000055dd00000, 0x000000055de00000, 0x000000055de00000|100%| O|  |TAMS 0x000000055de00000, 0x000000055dd00000| Updating 
| 822|0x000000055de00000, 0x000000055df00000, 0x000000055df00000|100%| O|  |TAMS 0x000000055df00000, 0x000000055de00000| Updating 
| 823|0x000000055df00000, 0x000000055e000000, 0x000000055e000000|100%| O|  |TAMS 0x000000055e000000, 0x000000055df00000| Updating 
| 824|0x000000055e000000, 0x000000055e100000, 0x000000055e100000|100%| O|  |TAMS 0x000000055e100000, 0x000000055e000000| Updating 
| 825|0x000000055e100000, 0x000000055e200000, 0x000000055e200000|100%| O|  |TAMS 0x000000055e200000, 0x000000055e100000| Updating 
| 826|0x000000055e200000, 0x000000055e200000, 0x000000055e300000|  0%| F|  |TAMS 0x000000055e200000, 0x000000055e200000| Untracked 
| 827|0x000000055e300000, 0x000000055e400000, 0x000000055e400000|100%| O|  |TAMS 0x000000055e400000, 0x000000055e300000| Updating 
| 828|0x000000055e400000, 0x000000055e500000, 0x000000055e500000|100%| O|  |TAMS 0x000000055e500000, 0x000000055e400000| Untracked 
| 829|0x000000055e500000, 0x000000055e600000, 0x000000055e600000|100%| O|  |TAMS 0x000000055e600000, 0x000000055e500000| Updating 
| 830|0x000000055e600000, 0x000000055e700000, 0x000000055e700000|100%| O|  |TAMS 0x000000055e700000, 0x000000055e600000| Untracked 
| 831|0x000000055e700000, 0x000000055e800000, 0x000000055e800000|100%| O|  |TAMS 0x000000055e800000, 0x000000055e700000| Updating 
| 832|0x000000055e800000, 0x000000055e900000, 0x000000055e900000|100%| O|  |TAMS 0x000000055e900000, 0x000000055e800000| Updating 
| 833|0x000000055e900000, 0x000000055e900000, 0x000000055ea00000|  0%| F|  |TAMS 0x000000055e900000, 0x000000055e900000| Untracked 
| 834|0x000000055ea00000, 0x000000055eb00000, 0x000000055eb00000|100%| O|  |TAMS 0x000000055eb00000, 0x000000055ea00000| Untracked 
| 835|0x000000055eb00000, 0x000000055ec00000, 0x000000055ec00000|100%| O|  |TAMS 0x000000055ec00000, 0x000000055eb00000| Updating 
| 836|0x000000055ec00000, 0x000000055ed00000, 0x000000055ed00000|100%| O|  |TAMS 0x000000055ed00000, 0x000000055ec00000| Updating 
| 837|0x000000055ed00000, 0x000000055ed00000, 0x000000055ee00000|  0%| F|  |TAMS 0x000000055ed00000, 0x000000055ed00000| Untracked 
| 838|0x000000055ee00000, 0x000000055ee00000, 0x000000055ef00000|  0%| F|  |TAMS 0x000000055ee00000, 0x000000055ee00000| Untracked 
| 839|0x000000055ef00000, 0x000000055f000000, 0x000000055f000000|100%| O|  |TAMS 0x000000055f000000, 0x000000055ef00000| Updating 
| 840|0x000000055f000000, 0x000000055f000000, 0x000000055f100000|  0%| F|  |TAMS 0x000000055f000000, 0x000000055f000000| Untracked 
| 841|0x000000055f100000, 0x000000055f200000, 0x000000055f200000|100%| O|  |TAMS 0x000000055f200000, 0x000000055f100000| Untracked 
| 842|0x000000055f200000, 0x000000055f300000, 0x000000055f300000|100%| O|  |TAMS 0x000000055f300000, 0x000000055f200000| Updating 
| 843|0x000000055f300000, 0x000000055f300000, 0x000000055f400000|  0%| F|  |TAMS 0x000000055f300000, 0x000000055f300000| Untracked 
| 844|0x000000055f400000, 0x000000055f400000, 0x000000055f500000|  0%| F|  |TAMS 0x000000055f400000, 0x000000055f400000| Untracked 
| 845|0x000000055f500000, 0x000000055f500000, 0x000000055f600000|  0%| F|  |TAMS 0x000000055f500000, 0x000000055f500000| Untracked 
| 846|0x000000055f600000, 0x000000055f600000, 0x000000055f700000|  0%| F|  |TAMS 0x000000055f600000, 0x000000055f600000| Untracked 
| 847|0x000000055f700000, 0x000000055f700000, 0x000000055f800000|  0%| F|  |TAMS 0x000000055f700000, 0x000000055f700000| Untracked 
| 848|0x000000055f800000, 0x000000055f800000, 0x000000055f900000|  0%| F|  |TAMS 0x000000055f800000, 0x000000055f800000| Untracked 
| 849|0x000000055f900000, 0x000000055fa00000, 0x000000055fa00000|100%| O|  |TAMS 0x000000055fa00000, 0x000000055f900000| Updating 
| 850|0x000000055fa00000, 0x000000055fa00000, 0x000000055fb00000|  0%| F|  |TAMS 0x000000055fa00000, 0x000000055fa00000| Untracked 
| 851|0x000000055fb00000, 0x000000055fc00000, 0x000000055fc00000|100%| O|  |TAMS 0x000000055fc00000, 0x000000055fb00000| Updating 
| 852|0x000000055fc00000, 0x000000055fd00000, 0x000000055fd00000|100%| O|  |TAMS 0x000000055fd00000, 0x000000055fc00000| Updating 
| 853|0x000000055fd00000, 0x000000055fe00000, 0x000000055fe00000|100%| O|  |TAMS 0x000000055fe00000, 0x000000055fd00000| Updating 
| 854|0x000000055fe00000, 0x000000055ff00000, 0x000000055ff00000|100%| O|  |TAMS 0x000000055ff00000, 0x000000055fe00000| Updating 
| 855|0x000000055ff00000, 0x0000000560000000, 0x0000000560000000|100%| O|  |TAMS 0x0000000560000000, 0x000000055ff00000| Updating 
| 856|0x0000000560000000, 0x0000000560100000, 0x0000000560100000|100%| O|  |TAMS 0x0000000560100000, 0x0000000560000000| Updating 
| 857|0x0000000560100000, 0x0000000560200000, 0x0000000560200000|100%| O|  |TAMS 0x0000000560200000, 0x0000000560100000| Updating 
| 858|0x0000000560200000, 0x0000000560300000, 0x0000000560300000|100%| O|  |TAMS 0x0000000560300000, 0x0000000560200000| Updating 
| 859|0x0000000560300000, 0x0000000560400000, 0x0000000560400000|100%| O|  |TAMS 0x0000000560400000, 0x0000000560300000| Untracked 
| 860|0x0000000560400000, 0x0000000560400000, 0x0000000560500000|  0%| F|  |TAMS 0x0000000560400000, 0x0000000560400000| Untracked 
| 861|0x0000000560500000, 0x0000000560600000, 0x0000000560600000|100%| O|  |TAMS 0x0000000560600000, 0x0000000560500000| Updating 
| 862|0x0000000560600000, 0x0000000560700000, 0x0000000560700000|100%| O|  |TAMS 0x0000000560700000, 0x0000000560600000| Untracked 
| 863|0x0000000560700000, 0x0000000560800000, 0x0000000560800000|100%| O|  |TAMS 0x0000000560800000, 0x0000000560700000| Untracked 
| 864|0x0000000560800000, 0x0000000560900000, 0x0000000560900000|100%| O|  |TAMS 0x0000000560900000, 0x0000000560800000| Updating 
| 865|0x0000000560900000, 0x0000000560900000, 0x0000000560a00000|  0%| F|  |TAMS 0x0000000560900000, 0x0000000560900000| Untracked 
| 866|0x0000000560a00000, 0x0000000560a00000, 0x0000000560b00000|  0%| F|  |TAMS 0x0000000560a00000, 0x0000000560a00000| Untracked 
| 867|0x0000000560b00000, 0x0000000560b00000, 0x0000000560c00000|  0%| F|  |TAMS 0x0000000560b00000, 0x0000000560b00000| Untracked 
| 868|0x0000000560c00000, 0x0000000560d00000, 0x0000000560d00000|100%| O|  |TAMS 0x0000000560d00000, 0x0000000560c00000| Untracked 
| 869|0x0000000560d00000, 0x0000000560e00000, 0x0000000560e00000|100%| O|  |TAMS 0x0000000560e00000, 0x0000000560d00000| Updating 
| 870|0x0000000560e00000, 0x0000000560f00000, 0x0000000560f00000|100%| O|  |TAMS 0x0000000560f00000, 0x0000000560e00000| Updating 
| 871|0x0000000560f00000, 0x0000000560f00000, 0x0000000561000000|  0%| F|  |TAMS 0x0000000560f00000, 0x0000000560f00000| Untracked 
| 872|0x0000000561000000, 0x0000000561000000, 0x0000000561100000|  0%| F|  |TAMS 0x0000000561000000, 0x0000000561000000| Untracked 
| 873|0x0000000561100000, 0x0000000561100000, 0x0000000561200000|  0%| F|  |TAMS 0x0000000561100000, 0x0000000561100000| Untracked 
| 874|0x0000000561200000, 0x0000000561300000, 0x0000000561300000|100%|HS|  |TAMS 0x0000000561300000, 0x0000000561200000| Complete 
| 875|0x0000000561300000, 0x0000000561400000, 0x0000000561400000|100%|HC|  |TAMS 0x0000000561400000, 0x0000000561300000| Complete 
| 876|0x0000000561400000, 0x0000000561500000, 0x0000000561500000|100%|HS|  |TAMS 0x0000000561500000, 0x0000000561400000| Complete 
| 877|0x0000000561500000, 0x0000000561600000, 0x0000000561600000|100%|HC|  |TAMS 0x0000000561600000, 0x0000000561500000| Complete 
| 878|0x0000000561600000, 0x0000000561700000, 0x0000000561700000|100%|HC|  |TAMS 0x0000000561700000, 0x0000000561600000| Complete 
| 879|0x0000000561700000, 0x0000000561700000, 0x0000000561800000|  0%| F|  |TAMS 0x0000000561700000, 0x0000000561700000| Untracked 
| 880|0x0000000561800000, 0x0000000561800000, 0x0000000561900000|  0%| F|  |TAMS 0x0000000561800000, 0x0000000561800000| Untracked 
| 881|0x0000000561900000, 0x0000000561a00000, 0x0000000561a00000|100%| O|  |TAMS 0x0000000561a00000, 0x0000000561900000| Updating 
| 882|0x0000000561a00000, 0x0000000561a00000, 0x0000000561b00000|  0%| F|  |TAMS 0x0000000561a00000, 0x0000000561a00000| Untracked 
| 883|0x0000000561b00000, 0x0000000561c00000, 0x0000000561c00000|100%| O|  |TAMS 0x0000000561c00000, 0x0000000561b00000| Updating 
| 884|0x0000000561c00000, 0x0000000561c00000, 0x0000000561d00000|  0%| F|  |TAMS 0x0000000561c00000, 0x0000000561c00000| Untracked 
| 885|0x0000000561d00000, 0x0000000561e00000, 0x0000000561e00000|100%| O|  |TAMS 0x0000000561e00000, 0x0000000561d00000| Updating 
| 886|0x0000000561e00000, 0x0000000561f00000, 0x0000000561f00000|100%| O|  |TAMS 0x0000000561f00000, 0x0000000561e00000| Updating 
| 887|0x0000000561f00000, 0x0000000562000000, 0x0000000562000000|100%| O|  |TAMS 0x0000000562000000, 0x0000000561f00000| Updating 
| 888|0x0000000562000000, 0x0000000562000000, 0x0000000562100000|  0%| F|  |TAMS 0x0000000562000000, 0x0000000562000000| Untracked 
| 889|0x0000000562100000, 0x0000000562100000, 0x0000000562200000|  0%| F|  |TAMS 0x0000000562100000, 0x0000000562100000| Untracked 
| 890|0x0000000562200000, 0x0000000562200000, 0x0000000562300000|  0%| F|  |TAMS 0x0000000562200000, 0x0000000562200000| Untracked 
| 891|0x0000000562300000, 0x0000000562400000, 0x0000000562400000|100%| O|  |TAMS 0x0000000562400000, 0x0000000562300000| Updating 
| 892|0x0000000562400000, 0x0000000562400000, 0x0000000562500000|  0%| F|  |TAMS 0x0000000562400000, 0x0000000562400000| Untracked 
| 893|0x0000000562500000, 0x0000000562500000, 0x0000000562600000|  0%| F|  |TAMS 0x0000000562500000, 0x0000000562500000| Untracked 
| 894|0x0000000562600000, 0x0000000562600000, 0x0000000562700000|  0%| F|  |TAMS 0x0000000562600000, 0x0000000562600000| Untracked 
| 895|0x0000000562700000, 0x0000000562800000, 0x0000000562800000|100%| O|  |TAMS 0x0000000562800000, 0x0000000562700000| Updating 
| 896|0x0000000562800000, 0x0000000562900000, 0x0000000562900000|100%| O|  |TAMS 0x0000000562900000, 0x0000000562800000| Updating 
| 897|0x0000000562900000, 0x0000000562900000, 0x0000000562a00000|  0%| F|  |TAMS 0x0000000562900000, 0x0000000562900000| Untracked 
| 898|0x0000000562a00000, 0x0000000562b00000, 0x0000000562b00000|100%| O|  |TAMS 0x0000000562b00000, 0x0000000562a00000| Updating 
| 899|0x0000000562b00000, 0x0000000562c00000, 0x0000000562c00000|100%| O|  |TAMS 0x0000000562c00000, 0x0000000562b00000| Updating 
| 900|0x0000000562c00000, 0x0000000562c00000, 0x0000000562d00000|  0%| F|  |TAMS 0x0000000562c00000, 0x0000000562c00000| Untracked 
| 901|0x0000000562d00000, 0x0000000562d00000, 0x0000000562e00000|  0%| F|  |TAMS 0x0000000562d00000, 0x0000000562d00000| Untracked 
| 902|0x0000000562e00000, 0x0000000562e00000, 0x0000000562f00000|  0%| F|  |TAMS 0x0000000562e00000, 0x0000000562e00000| Untracked 
| 903|0x0000000562f00000, 0x0000000563000000, 0x0000000563000000|100%| O|  |TAMS 0x0000000563000000, 0x0000000562f00000| Updating 
| 904|0x0000000563000000, 0x0000000563000000, 0x0000000563100000|  0%| F|  |TAMS 0x0000000563000000, 0x0000000563000000| Untracked 
| 905|0x0000000563100000, 0x0000000563100000, 0x0000000563200000|  0%| F|  |TAMS 0x0000000563100000, 0x0000000563100000| Untracked 
| 906|0x0000000563200000, 0x0000000563200000, 0x0000000563300000|  0%| F|  |TAMS 0x0000000563200000, 0x0000000563200000| Untracked 
| 907|0x0000000563300000, 0x0000000563300000, 0x0000000563400000|  0%| F|  |TAMS 0x0000000563300000, 0x0000000563300000| Untracked 
| 908|0x0000000563400000, 0x0000000563400000, 0x0000000563500000|  0%| F|  |TAMS 0x0000000563400000, 0x0000000563400000| Untracked 
| 909|0x0000000563500000, 0x0000000563500000, 0x0000000563600000|  0%| F|  |TAMS 0x0000000563500000, 0x0000000563500000| Untracked 
| 910|0x0000000563600000, 0x0000000563600000, 0x0000000563700000|  0%| F|  |TAMS 0x0000000563600000, 0x0000000563600000| Untracked 
| 911|0x0000000563700000, 0x0000000563700000, 0x0000000563800000|  0%| F|  |TAMS 0x0000000563700000, 0x0000000563700000| Untracked 
| 912|0x0000000563800000, 0x0000000563800000, 0x0000000563900000|  0%| F|  |TAMS 0x0000000563800000, 0x0000000563800000| Untracked 
| 913|0x0000000563900000, 0x0000000563900000, 0x0000000563a00000|  0%| F|  |TAMS 0x0000000563900000, 0x0000000563900000| Untracked 
| 914|0x0000000563a00000, 0x0000000563a00000, 0x0000000563b00000|  0%| F|  |TAMS 0x0000000563a00000, 0x0000000563a00000| Untracked 
| 915|0x0000000563b00000, 0x0000000563b00000, 0x0000000563c00000|  0%| F|  |TAMS 0x0000000563b00000, 0x0000000563b00000| Untracked 
| 916|0x0000000563c00000, 0x0000000563c00000, 0x0000000563d00000|  0%| F|  |TAMS 0x0000000563c00000, 0x0000000563c00000| Untracked 
| 917|0x0000000563d00000, 0x0000000563d00000, 0x0000000563e00000|  0%| F|  |TAMS 0x0000000563d00000, 0x0000000563d00000| Untracked 
| 918|0x0000000563e00000, 0x0000000563e00000, 0x0000000563f00000|  0%| F|  |TAMS 0x0000000563e00000, 0x0000000563e00000| Untracked 
| 919|0x0000000563f00000, 0x0000000563f00000, 0x0000000564000000|  0%| F|  |TAMS 0x0000000563f00000, 0x0000000563f00000| Untracked 
| 920|0x0000000564000000, 0x0000000564000000, 0x0000000564100000|  0%| F|  |TAMS 0x0000000564000000, 0x0000000564000000| Untracked 
| 921|0x0000000564100000, 0x0000000564100000, 0x0000000564200000|  0%| F|  |TAMS 0x0000000564100000, 0x0000000564100000| Untracked 
| 922|0x0000000564200000, 0x0000000564200000, 0x0000000564300000|  0%| F|  |TAMS 0x0000000564200000, 0x0000000564200000| Untracked 
| 923|0x0000000564300000, 0x0000000564300000, 0x0000000564400000|  0%| F|  |TAMS 0x0000000564300000, 0x0000000564300000| Untracked 
| 924|0x0000000564400000, 0x0000000564400000, 0x0000000564500000|  0%| F|  |TAMS 0x0000000564400000, 0x0000000564400000| Untracked 
| 925|0x0000000564500000, 0x0000000564500000, 0x0000000564600000|  0%| F|  |TAMS 0x0000000564500000, 0x0000000564500000| Untracked 
| 926|0x0000000564600000, 0x0000000564600000, 0x0000000564700000|  0%| F|  |TAMS 0x0000000564600000, 0x0000000564600000| Untracked 
| 927|0x0000000564700000, 0x0000000564700000, 0x0000000564800000|  0%| F|  |TAMS 0x0000000564700000, 0x0000000564700000| Untracked 
| 928|0x0000000564800000, 0x0000000564800000, 0x0000000564900000|  0%| F|  |TAMS 0x0000000564800000, 0x0000000564800000| Untracked 
| 929|0x0000000564900000, 0x0000000564900000, 0x0000000564a00000|  0%| F|  |TAMS 0x0000000564900000, 0x0000000564900000| Untracked 
| 930|0x0000000564a00000, 0x0000000564a00000, 0x0000000564b00000|  0%| F|  |TAMS 0x0000000564a00000, 0x0000000564a00000| Untracked 
| 931|0x0000000564b00000, 0x0000000564b00000, 0x0000000564c00000|  0%| F|  |TAMS 0x0000000564b00000, 0x0000000564b00000| Untracked 
| 932|0x0000000564c00000, 0x0000000564c00000, 0x0000000564d00000|  0%| F|  |TAMS 0x0000000564c00000, 0x0000000564c00000| Untracked 
| 933|0x0000000564d00000, 0x0000000564d00000, 0x0000000564e00000|  0%| F|  |TAMS 0x0000000564d00000, 0x0000000564d00000| Untracked 
| 934|0x0000000564e00000, 0x0000000564e00000, 0x0000000564f00000|  0%| F|  |TAMS 0x0000000564e00000, 0x0000000564e00000| Untracked 
| 935|0x0000000564f00000, 0x0000000564f00000, 0x0000000565000000|  0%| F|  |TAMS 0x0000000564f00000, 0x0000000564f00000| Untracked 
| 936|0x0000000565000000, 0x0000000565100000, 0x0000000565100000|100%| O|  |TAMS 0x0000000565100000, 0x0000000565000000| Updating 
| 937|0x0000000565100000, 0x0000000565200000, 0x0000000565200000|100%| O|  |TAMS 0x0000000565200000, 0x0000000565100000| Updating 
| 938|0x0000000565200000, 0x0000000565300000, 0x0000000565300000|100%| O|  |TAMS 0x0000000565300000, 0x0000000565200000| Updating 
| 939|0x0000000565300000, 0x0000000565300000, 0x0000000565400000|  0%| F|  |TAMS 0x0000000565300000, 0x0000000565300000| Untracked 
| 940|0x0000000565400000, 0x0000000565500000, 0x0000000565500000|100%| O|  |TAMS 0x0000000565500000, 0x0000000565400000| Updating 
| 941|0x0000000565500000, 0x0000000565500000, 0x0000000565600000|  0%| F|  |TAMS 0x0000000565500000, 0x0000000565500000| Untracked 
| 942|0x0000000565600000, 0x0000000565700000, 0x0000000565700000|100%| O|  |TAMS 0x0000000565700000, 0x0000000565600000| Updating 
| 943|0x0000000565700000, 0x0000000565700000, 0x0000000565800000|  0%| F|  |TAMS 0x0000000565700000, 0x0000000565700000| Untracked 
| 944|0x0000000565800000, 0x0000000565800000, 0x0000000565900000|  0%| F|  |TAMS 0x0000000565800000, 0x0000000565800000| Untracked 
| 945|0x0000000565900000, 0x0000000565900000, 0x0000000565a00000|  0%| F|  |TAMS 0x0000000565900000, 0x0000000565900000| Untracked 
| 946|0x0000000565a00000, 0x0000000565b00000, 0x0000000565b00000|100%| O|  |TAMS 0x0000000565b00000, 0x0000000565a00000| Updating 
| 947|0x0000000565b00000, 0x0000000565c00000, 0x0000000565c00000|100%| O|  |TAMS 0x0000000565c00000, 0x0000000565b00000| Updating 
| 948|0x0000000565c00000, 0x0000000565c00000, 0x0000000565d00000|  0%| F|  |TAMS 0x0000000565c00000, 0x0000000565c00000| Untracked 
| 949|0x0000000565d00000, 0x0000000565e00000, 0x0000000565e00000|100%| O|  |TAMS 0x0000000565e00000, 0x0000000565d00000| Updating 
| 950|0x0000000565e00000, 0x0000000565e00000, 0x0000000565f00000|  0%| F|  |TAMS 0x0000000565e00000, 0x0000000565e00000| Untracked 
| 951|0x0000000565f00000, 0x0000000566000000, 0x0000000566000000|100%| O|  |TAMS 0x0000000566000000, 0x0000000565f00000| Updating 
| 952|0x0000000566000000, 0x0000000566100000, 0x0000000566100000|100%| O|  |TAMS 0x0000000566100000, 0x0000000566000000| Updating 
| 953|0x0000000566100000, 0x0000000566200000, 0x0000000566200000|100%| O|  |TAMS 0x0000000566200000, 0x0000000566100000| Updating 
| 954|0x0000000566200000, 0x0000000566200000, 0x0000000566300000|  0%| F|  |TAMS 0x0000000566200000, 0x0000000566200000| Untracked 
| 955|0x0000000566300000, 0x0000000566400000, 0x0000000566400000|100%| O|  |TAMS 0x0000000566400000, 0x0000000566300000| Updating 
| 956|0x0000000566400000, 0x0000000566400000, 0x0000000566500000|  0%| F|  |TAMS 0x0000000566400000, 0x0000000566400000| Untracked 
| 957|0x0000000566500000, 0x0000000566600000, 0x0000000566600000|100%| O|  |TAMS 0x0000000566600000, 0x0000000566500000| Updating 
| 958|0x0000000566600000, 0x0000000566700000, 0x0000000566700000|100%| O|  |TAMS 0x0000000566700000, 0x0000000566600000| Updating 
| 959|0x0000000566700000, 0x0000000566800000, 0x0000000566800000|100%| O|  |TAMS 0x0000000566800000, 0x0000000566700000| Updating 
| 960|0x0000000566800000, 0x0000000566900000, 0x0000000566900000|100%| O|  |TAMS 0x0000000566900000, 0x0000000566800000| Updating 
| 961|0x0000000566900000, 0x0000000566900000, 0x0000000566a00000|  0%| F|  |TAMS 0x0000000566900000, 0x0000000566900000| Untracked 
| 962|0x0000000566a00000, 0x0000000566b00000, 0x0000000566b00000|100%| O|  |TAMS 0x0000000566b00000, 0x0000000566a00000| Updating 
| 963|0x0000000566b00000, 0x0000000566c00000, 0x0000000566c00000|100%| O|  |TAMS 0x0000000566c00000, 0x0000000566b00000| Updating 
| 964|0x0000000566c00000, 0x0000000566d00000, 0x0000000566d00000|100%| O|  |TAMS 0x0000000566d00000, 0x0000000566c00000| Updating 
| 965|0x0000000566d00000, 0x0000000566e00000, 0x0000000566e00000|100%| O|  |TAMS 0x0000000566e00000, 0x0000000566d00000| Updating 
| 966|0x0000000566e00000, 0x0000000566e00000, 0x0000000566f00000|  0%| F|  |TAMS 0x0000000566e00000, 0x0000000566e00000| Untracked 
| 967|0x0000000566f00000, 0x0000000567000000, 0x0000000567000000|100%| O|  |TAMS 0x0000000567000000, 0x0000000566f00000| Updating 
| 968|0x0000000567000000, 0x0000000567100000, 0x0000000567100000|100%| O|  |TAMS 0x0000000567100000, 0x0000000567000000| Updating 
| 969|0x0000000567100000, 0x0000000567200000, 0x0000000567200000|100%| O|  |TAMS 0x0000000567200000, 0x0000000567100000| Updating 
| 970|0x0000000567200000, 0x0000000567300000, 0x0000000567300000|100%| O|  |TAMS 0x0000000567300000, 0x0000000567200000| Updating 
| 971|0x0000000567300000, 0x0000000567400000, 0x0000000567400000|100%| O|  |TAMS 0x0000000567400000, 0x0000000567300000| Updating 
| 972|0x0000000567400000, 0x0000000567500000, 0x0000000567500000|100%| O|  |TAMS 0x0000000567500000, 0x0000000567400000| Updating 
| 973|0x0000000567500000, 0x0000000567600000, 0x0000000567600000|100%| O|  |TAMS 0x0000000567600000, 0x0000000567500000| Updating 
| 974|0x0000000567600000, 0x0000000567700000, 0x0000000567700000|100%| O|  |TAMS 0x0000000567700000, 0x0000000567600000| Updating 
| 975|0x0000000567700000, 0x0000000567800000, 0x0000000567800000|100%| O|  |TAMS 0x0000000567800000, 0x0000000567700000| Updating 
| 976|0x0000000567800000, 0x0000000567900000, 0x0000000567900000|100%| O|  |TAMS 0x0000000567900000, 0x0000000567800000| Updating 
| 977|0x0000000567900000, 0x0000000567a00000, 0x0000000567a00000|100%| O|  |TAMS 0x0000000567a00000, 0x0000000567900000| Updating 
| 978|0x0000000567a00000, 0x0000000567b00000, 0x0000000567b00000|100%| O|  |TAMS 0x0000000567b00000, 0x0000000567a00000| Updating 
| 979|0x0000000567b00000, 0x0000000567c00000, 0x0000000567c00000|100%| O|  |TAMS 0x0000000567c00000, 0x0000000567b00000| Updating 
| 980|0x0000000567c00000, 0x0000000567d00000, 0x0000000567d00000|100%| O|  |TAMS 0x0000000567d00000, 0x0000000567c00000| Updating 
| 981|0x0000000567d00000, 0x0000000567e00000, 0x0000000567e00000|100%| O|  |TAMS 0x0000000567e00000, 0x0000000567d00000| Updating 
| 982|0x0000000567e00000, 0x0000000567f00000, 0x0000000567f00000|100%| O|  |TAMS 0x0000000567f00000, 0x0000000567e00000| Updating 
| 983|0x0000000567f00000, 0x0000000567f00000, 0x0000000568000000|  0%| F|  |TAMS 0x0000000567f00000, 0x0000000567f00000| Untracked 
| 984|0x0000000568000000, 0x0000000568100000, 0x0000000568100000|100%| O|  |TAMS 0x0000000568100000, 0x0000000568000000| Updating 
| 985|0x0000000568100000, 0x0000000568200000, 0x0000000568200000|100%| O|  |TAMS 0x0000000568200000, 0x0000000568100000| Updating 
| 986|0x0000000568200000, 0x0000000568300000, 0x0000000568300000|100%| O|  |TAMS 0x0000000568300000, 0x0000000568200000| Updating 
| 987|0x0000000568300000, 0x0000000568400000, 0x0000000568400000|100%| O|  |TAMS 0x0000000568400000, 0x0000000568300000| Updating 
| 988|0x0000000568400000, 0x0000000568500000, 0x0000000568500000|100%| O|  |TAMS 0x0000000568500000, 0x0000000568400000| Updating 
| 989|0x0000000568500000, 0x0000000568600000, 0x0000000568600000|100%| O|  |TAMS 0x0000000568600000, 0x0000000568500000| Updating 
| 990|0x0000000568600000, 0x0000000568700000, 0x0000000568700000|100%| O|  |TAMS 0x0000000568700000, 0x0000000568600000| Updating 
| 991|0x0000000568700000, 0x0000000568800000, 0x0000000568800000|100%| O|  |TAMS 0x0000000568800000, 0x0000000568700000| Updating 
| 992|0x0000000568800000, 0x0000000568800000, 0x0000000568900000|  0%| F|  |TAMS 0x0000000568800000, 0x0000000568800000| Untracked 
| 993|0x0000000568900000, 0x0000000568900000, 0x0000000568a00000|  0%| F|  |TAMS 0x0000000568900000, 0x0000000568900000| Untracked 
| 994|0x0000000568a00000, 0x0000000568b00000, 0x0000000568b00000|100%| O|  |TAMS 0x0000000568b00000, 0x0000000568a00000| Updating 
| 995|0x0000000568b00000, 0x0000000568c00000, 0x0000000568c00000|100%| O|  |TAMS 0x0000000568c00000, 0x0000000568b00000| Updating 
| 996|0x0000000568c00000, 0x0000000568d00000, 0x0000000568d00000|100%| O|  |TAMS 0x0000000568d00000, 0x0000000568c00000| Updating 
| 997|0x0000000568d00000, 0x0000000568e00000, 0x0000000568e00000|100%| O|  |TAMS 0x0000000568e00000, 0x0000000568d00000| Updating 
| 998|0x0000000568e00000, 0x0000000568f00000, 0x0000000568f00000|100%| O|  |TAMS 0x0000000568f00000, 0x0000000568e00000| Updating 
| 999|0x0000000568f00000, 0x0000000568f00000, 0x0000000569000000|  0%| F|  |TAMS 0x0000000568f00000, 0x0000000568f00000| Untracked 
|1000|0x0000000569000000, 0x0000000569100000, 0x0000000569100000|100%| O|  |TAMS 0x0000000569100000, 0x0000000569000000| Updating 
|1001|0x0000000569100000, 0x0000000569100000, 0x0000000569200000|  0%| F|  |TAMS 0x0000000569100000, 0x0000000569100000| Untracked 
|1002|0x0000000569200000, 0x0000000569200000, 0x0000000569300000|  0%| F|  |TAMS 0x0000000569200000, 0x0000000569200000| Untracked 
|1003|0x0000000569300000, 0x0000000569300000, 0x0000000569400000|  0%| F|  |TAMS 0x0000000569300000, 0x0000000569300000| Untracked 
|1004|0x0000000569400000, 0x0000000569400000, 0x0000000569500000|  0%| F|  |TAMS 0x0000000569400000, 0x0000000569400000| Untracked 
|1005|0x0000000569500000, 0x0000000569500000, 0x0000000569600000|  0%| F|  |TAMS 0x0000000569500000, 0x0000000569500000| Untracked 
|1006|0x0000000569600000, 0x0000000569600000, 0x0000000569700000|  0%| F|  |TAMS 0x0000000569600000, 0x0000000569600000| Untracked 
|1007|0x0000000569700000, 0x0000000569800000, 0x0000000569800000|100%| O|  |TAMS 0x0000000569800000, 0x0000000569700000| Updating 
|1008|0x0000000569800000, 0x0000000569800000, 0x0000000569900000|  0%| F|  |TAMS 0x0000000569800000, 0x0000000569800000| Untracked 
|1009|0x0000000569900000, 0x0000000569a00000, 0x0000000569a00000|100%| O|  |TAMS 0x0000000569a00000, 0x0000000569900000| Updating 
|1010|0x0000000569a00000, 0x0000000569b00000, 0x0000000569b00000|100%| O|  |TAMS 0x0000000569b00000, 0x0000000569a00000| Updating 
|1011|0x0000000569b00000, 0x0000000569c00000, 0x0000000569c00000|100%| O|  |TAMS 0x0000000569c00000, 0x0000000569b00000| Updating 
|1012|0x0000000569c00000, 0x0000000569d00000, 0x0000000569d00000|100%| O|  |TAMS 0x0000000569d00000, 0x0000000569c00000| Updating 
|1013|0x0000000569d00000, 0x0000000569e00000, 0x0000000569e00000|100%| O|  |TAMS 0x0000000569e00000, 0x0000000569d00000| Updating 
|1014|0x0000000569e00000, 0x0000000569e00000, 0x0000000569f00000|  0%| F|  |TAMS 0x0000000569e00000, 0x0000000569e00000| Untracked 
|1015|0x0000000569f00000, 0x0000000569f00000, 0x000000056a000000|  0%| F|  |TAMS 0x0000000569f00000, 0x0000000569f00000| Untracked 
|1016|0x000000056a000000, 0x000000056a000000, 0x000000056a100000|  0%| F|  |TAMS 0x000000056a000000, 0x000000056a000000| Untracked 
|1017|0x000000056a100000, 0x000000056a100000, 0x000000056a200000|  0%| F|  |TAMS 0x000000056a100000, 0x000000056a100000| Untracked 
|1018|0x000000056a200000, 0x000000056a200000, 0x000000056a300000|  0%| F|  |TAMS 0x000000056a200000, 0x000000056a200000| Untracked 
|1019|0x000000056a300000, 0x000000056a400000, 0x000000056a400000|100%| O|  |TAMS 0x000000056a400000, 0x000000056a300000| Updating 
|1020|0x000000056a400000, 0x000000056a500000, 0x000000056a500000|100%| O|  |TAMS 0x000000056a500000, 0x000000056a400000| Updating 
|1021|0x000000056a500000, 0x000000056a500000, 0x000000056a600000|  0%| F|  |TAMS 0x000000056a500000, 0x000000056a500000| Untracked 
|1022|0x000000056a600000, 0x000000056a600000, 0x000000056a700000|  0%| F|  |TAMS 0x000000056a600000, 0x000000056a600000| Untracked 
|1023|0x000000056a700000, 0x000000056a700000, 0x000000056a800000|  0%| F|  |TAMS 0x000000056a700000, 0x000000056a700000| Untracked 
|1024|0x000000056a800000, 0x000000056a800000, 0x000000056a900000|  0%| F|  |TAMS 0x000000056a800000, 0x000000056a800000| Untracked 
|1025|0x000000056a900000, 0x000000056a900000, 0x000000056aa00000|  0%| F|  |TAMS 0x000000056a900000, 0x000000056a900000| Untracked 
|1026|0x000000056aa00000, 0x000000056aa00000, 0x000000056ab00000|  0%| F|  |TAMS 0x000000056aa00000, 0x000000056aa00000| Untracked 
|1027|0x000000056ab00000, 0x000000056ab00000, 0x000000056ac00000|  0%| F|  |TAMS 0x000000056ab00000, 0x000000056ab00000| Untracked 
|1028|0x000000056ac00000, 0x000000056ac00000, 0x000000056ad00000|  0%| F|  |TAMS 0x000000056ac00000, 0x000000056ac00000| Untracked 
|1029|0x000000056ad00000, 0x000000056ad00000, 0x000000056ae00000|  0%| F|  |TAMS 0x000000056ad00000, 0x000000056ad00000| Untracked 
|1030|0x000000056ae00000, 0x000000056ae00000, 0x000000056af00000|  0%| F|  |TAMS 0x000000056ae00000, 0x000000056ae00000| Untracked 
|1031|0x000000056af00000, 0x000000056af00000, 0x000000056b000000|  0%| F|  |TAMS 0x000000056af00000, 0x000000056af00000| Untracked 
|1032|0x000000056b000000, 0x000000056b000000, 0x000000056b100000|  0%| F|  |TAMS 0x000000056b000000, 0x000000056b000000| Untracked 
|1033|0x000000056b100000, 0x000000056b100000, 0x000000056b200000|  0%| F|  |TAMS 0x000000056b100000, 0x000000056b100000| Untracked 
|1034|0x000000056b200000, 0x000000056b200000, 0x000000056b300000|  0%| F|  |TAMS 0x000000056b200000, 0x000000056b200000| Untracked 
|1035|0x000000056b300000, 0x000000056b300000, 0x000000056b400000|  0%| F|  |TAMS 0x000000056b300000, 0x000000056b300000| Untracked 
|1036|0x000000056b400000, 0x000000056b400000, 0x000000056b500000|  0%| F|  |TAMS 0x000000056b400000, 0x000000056b400000| Untracked 
|1037|0x000000056b500000, 0x000000056b500000, 0x000000056b600000|  0%| F|  |TAMS 0x000000056b500000, 0x000000056b500000| Untracked 
|1038|0x000000056b600000, 0x000000056b600000, 0x000000056b700000|  0%| F|  |TAMS 0x000000056b600000, 0x000000056b600000| Untracked 
|1039|0x000000056b700000, 0x000000056b700000, 0x000000056b800000|  0%| F|  |TAMS 0x000000056b700000, 0x000000056b700000| Untracked 
|1040|0x000000056b800000, 0x000000056b800000, 0x000000056b900000|  0%| F|  |TAMS 0x000000056b800000, 0x000000056b800000| Untracked 
|1041|0x000000056b900000, 0x000000056b94b4f0, 0x000000056ba00000| 29%| S|CS|TAMS 0x000000056b900000, 0x000000056b900000| Complete 
|1042|0x000000056ba00000, 0x000000056bb00000, 0x000000056bb00000|100%| S|CS|TAMS 0x000000056ba00000, 0x000000056ba00000| Complete 
|1043|0x000000056bb00000, 0x000000056bc00000, 0x000000056bc00000|100%| S|CS|TAMS 0x000000056bb00000, 0x000000056bb00000| Complete 
|1044|0x000000056bc00000, 0x000000056bd00000, 0x000000056bd00000|100%| S|CS|TAMS 0x000000056bc00000, 0x000000056bc00000| Complete 
|1045|0x000000056bd00000, 0x000000056be00000, 0x000000056be00000|100%| S|CS|TAMS 0x000000056bd00000, 0x000000056bd00000| Complete 
|1046|0x000000056be00000, 0x000000056bf00000, 0x000000056bf00000|100%| S|CS|TAMS 0x000000056be00000, 0x000000056be00000| Complete 
|1047|0x000000056bf00000, 0x000000056c000000, 0x000000056c000000|100%| S|CS|TAMS 0x000000056bf00000, 0x000000056bf00000| Complete 
|1048|0x000000056c000000, 0x000000056c100000, 0x000000056c100000|100%| S|CS|TAMS 0x000000056c000000, 0x000000056c000000| Complete 
|1049|0x000000056c100000, 0x000000056c200000, 0x000000056c200000|100%| S|CS|TAMS 0x000000056c100000, 0x000000056c100000| Complete 
|1050|0x000000056c200000, 0x000000056c300000, 0x000000056c300000|100%| S|CS|TAMS 0x000000056c200000, 0x000000056c200000| Complete 
|1051|0x000000056c300000, 0x000000056c400000, 0x000000056c400000|100%| S|CS|TAMS 0x000000056c300000, 0x000000056c300000| Complete 
|1052|0x000000056c400000, 0x000000056c500000, 0x000000056c500000|100%| S|CS|TAMS 0x000000056c400000, 0x000000056c400000| Complete 
|1053|0x000000056c500000, 0x000000056c600000, 0x000000056c600000|100%| S|CS|TAMS 0x000000056c500000, 0x000000056c500000| Complete 
|1054|0x000000056c600000, 0x000000056c700000, 0x000000056c700000|100%| O|  |TAMS 0x000000056c700000, 0x000000056c600000| Updating 
|1055|0x000000056c700000, 0x000000056c800000, 0x000000056c800000|100%| O|  |TAMS 0x000000056c800000, 0x000000056c700000| Updating 
|1056|0x000000056c800000, 0x000000056c900000, 0x000000056c900000|100%| S|CS|TAMS 0x000000056c800000, 0x000000056c800000| Complete 
|1057|0x000000056c900000, 0x000000056ca00000, 0x000000056ca00000|100%| S|CS|TAMS 0x000000056c900000, 0x000000056c900000| Complete 
|1058|0x000000056ca00000, 0x000000056cb00000, 0x000000056cb00000|100%| S|CS|TAMS 0x000000056ca00000, 0x000000056ca00000| Complete 
|1059|0x000000056cb00000, 0x000000056cc00000, 0x000000056cc00000|100%| S|CS|TAMS 0x000000056cb00000, 0x000000056cb00000| Complete 
|1060|0x000000056cc00000, 0x000000056cd00000, 0x000000056cd00000|100%| S|CS|TAMS 0x000000056cc00000, 0x000000056cc00000| Complete 
|1061|0x000000056cd00000, 0x000000056ce00000, 0x000000056ce00000|100%| O|  |TAMS 0x000000056ce00000, 0x000000056cd00000| Updating 
|1062|0x000000056ce00000, 0x000000056cf00000, 0x000000056cf00000|100%| S|CS|TAMS 0x000000056ce00000, 0x000000056ce00000| Complete 
|1063|0x000000056cf00000, 0x000000056d000000, 0x000000056d000000|100%| S|CS|TAMS 0x000000056cf00000, 0x000000056cf00000| Complete 
|1064|0x000000056d000000, 0x000000056d100000, 0x000000056d100000|100%| S|CS|TAMS 0x000000056d000000, 0x000000056d000000| Complete 
|1065|0x000000056d100000, 0x000000056d200000, 0x000000056d200000|100%| O|  |TAMS 0x000000056d200000, 0x000000056d100000| Updating 
|1066|0x000000056d200000, 0x000000056d300000, 0x000000056d300000|100%| S|CS|TAMS 0x000000056d200000, 0x000000056d200000| Complete 
|1067|0x000000056d300000, 0x000000056d400000, 0x000000056d400000|100%| S|CS|TAMS 0x000000056d300000, 0x000000056d300000| Complete 
|1068|0x000000056d400000, 0x000000056d500000, 0x000000056d500000|100%| S|CS|TAMS 0x000000056d400000, 0x000000056d400000| Complete 
|1069|0x000000056d500000, 0x000000056d600000, 0x000000056d600000|100%| S|CS|TAMS 0x000000056d500000, 0x000000056d500000| Complete 
|1070|0x000000056d600000, 0x000000056d700000, 0x000000056d700000|100%| O|  |TAMS 0x000000056d700000, 0x000000056d600000| Updating 
|1071|0x000000056d700000, 0x000000056d800000, 0x000000056d800000|100%| S|CS|TAMS 0x000000056d700000, 0x000000056d700000| Complete 
|1072|0x000000056d800000, 0x000000056d900000, 0x000000056d900000|100%| S|CS|TAMS 0x000000056d800000, 0x000000056d800000| Complete 
|1073|0x000000056d900000, 0x000000056da00000, 0x000000056da00000|100%| O|  |TAMS 0x000000056da00000, 0x000000056d900000| Updating 
|1074|0x000000056da00000, 0x000000056db00000, 0x000000056db00000|100%| O|  |TAMS 0x000000056db00000, 0x000000056da00000| Updating 
|1075|0x000000056db00000, 0x000000056dc00000, 0x000000056dc00000|100%| S|CS|TAMS 0x000000056db00000, 0x000000056db00000| Complete 
|1076|0x000000056dc00000, 0x000000056dd00000, 0x000000056dd00000|100%| O|  |TAMS 0x000000056dd00000, 0x000000056dc00000| Updating 
|1077|0x000000056dd00000, 0x000000056de00000, 0x000000056de00000|100%| S|CS|TAMS 0x000000056dd00000, 0x000000056dd00000| Complete 
|1078|0x000000056de00000, 0x000000056df00000, 0x000000056df00000|100%| O|  |TAMS 0x000000056df00000, 0x000000056de00000| Updating 
|1079|0x000000056df00000, 0x000000056e000000, 0x000000056e000000|100%| O|  |TAMS 0x000000056e000000, 0x000000056df00000| Updating 
|1080|0x000000056e000000, 0x000000056e100000, 0x000000056e100000|100%| S|CS|TAMS 0x000000056e000000, 0x000000056e000000| Complete 
|1081|0x000000056e100000, 0x000000056e200000, 0x000000056e200000|100%| S|CS|TAMS 0x000000056e100000, 0x000000056e100000| Complete 
|1082|0x000000056e200000, 0x000000056e300000, 0x000000056e300000|100%| O|  |TAMS 0x000000056e300000, 0x000000056e200000| Updating 
|1083|0x000000056e300000, 0x000000056e400000, 0x000000056e400000|100%| S|CS|TAMS 0x000000056e300000, 0x000000056e300000| Complete 
|1084|0x000000056e400000, 0x000000056e500000, 0x000000056e500000|100%| O|  |TAMS 0x000000056e500000, 0x000000056e400000| Updating 
|1085|0x000000056e500000, 0x000000056e500000, 0x000000056e600000|  0%| F|  |TAMS 0x000000056e500000, 0x000000056e500000| Untracked 
|1086|0x000000056e600000, 0x000000056e600000, 0x000000056e700000|  0%| F|  |TAMS 0x000000056e600000, 0x000000056e600000| Untracked 
|1087|0x000000056e700000, 0x000000056e700000, 0x000000056e800000|  0%| F|  |TAMS 0x000000056e700000, 0x000000056e700000| Untracked 
|1088|0x000000056e800000, 0x000000056e900000, 0x000000056e900000|100%| O|  |TAMS 0x000000056e900000, 0x000000056e800000| Updating 
|1089|0x000000056e900000, 0x000000056ea00000, 0x000000056ea00000|100%| O|  |TAMS 0x000000056ea00000, 0x000000056e900000| Updating 
|1090|0x000000056ea00000, 0x000000056ea00000, 0x000000056eb00000|  0%| F|  |TAMS 0x000000056ea00000, 0x000000056ea00000| Untracked 
|1091|0x000000056eb00000, 0x000000056eb00000, 0x000000056ec00000|  0%| F|  |TAMS 0x000000056eb00000, 0x000000056eb00000| Untracked 
|1092|0x000000056ec00000, 0x000000056ec00000, 0x000000056ed00000|  0%| F|  |TAMS 0x000000056ec00000, 0x000000056ec00000| Untracked 
|1093|0x000000056ed00000, 0x000000056ed00000, 0x000000056ee00000|  0%| F|  |TAMS 0x000000056ed00000, 0x000000056ed00000| Untracked 
|1094|0x000000056ee00000, 0x000000056ee00000, 0x000000056ef00000|  0%| F|  |TAMS 0x000000056ee00000, 0x000000056ee00000| Untracked 
|1095|0x000000056ef00000, 0x000000056f000000, 0x000000056f000000|100%| O|  |TAMS 0x000000056f000000, 0x000000056ef00000| Updating 
|1096|0x000000056f000000, 0x000000056f000000, 0x000000056f100000|  0%| F|  |TAMS 0x000000056f000000, 0x000000056f000000| Untracked 
|1097|0x000000056f100000, 0x000000056f100000, 0x000000056f200000|  0%| F|  |TAMS 0x000000056f100000, 0x000000056f100000| Untracked 
|1098|0x000000056f200000, 0x000000056f300000, 0x000000056f300000|100%| O|  |TAMS 0x000000056f300000, 0x000000056f200000| Updating 
|1099|0x000000056f300000, 0x000000056f300000, 0x000000056f400000|  0%| F|  |TAMS 0x000000056f300000, 0x000000056f300000| Untracked 
|1100|0x000000056f400000, 0x000000056f400000, 0x000000056f500000|  0%| F|  |TAMS 0x000000056f400000, 0x000000056f400000| Untracked 
|1101|0x000000056f500000, 0x000000056f500000, 0x000000056f600000|  0%| F|  |TAMS 0x000000056f500000, 0x000000056f500000| Untracked 
|1102|0x000000056f600000, 0x000000056f600000, 0x000000056f700000|  0%| F|  |TAMS 0x000000056f600000, 0x000000056f600000| Untracked 
|1103|0x000000056f700000, 0x000000056f700000, 0x000000056f800000|  0%| F|  |TAMS 0x000000056f700000, 0x000000056f700000| Untracked 
|1104|0x000000056f800000, 0x000000056f900000, 0x000000056f900000|100%| O|  |TAMS 0x000000056f900000, 0x000000056f800000| Updating 
|1105|0x000000056f900000, 0x000000056f900000, 0x000000056fa00000|  0%| F|  |TAMS 0x000000056f900000, 0x000000056f900000| Untracked 
|1106|0x000000056fa00000, 0x000000056fa00000, 0x000000056fb00000|  0%| F|  |TAMS 0x000000056fa00000, 0x000000056fa00000| Untracked 
|1107|0x000000056fb00000, 0x000000056fb00000, 0x000000056fc00000|  0%| F|  |TAMS 0x000000056fb00000, 0x000000056fb00000| Untracked 
|1108|0x000000056fc00000, 0x000000056fc00000, 0x000000056fd00000|  0%| F|  |TAMS 0x000000056fc00000, 0x000000056fc00000| Untracked 
|1109|0x000000056fd00000, 0x000000056fd00000, 0x000000056fe00000|  0%| F|  |TAMS 0x000000056fd00000, 0x000000056fd00000| Untracked 
|1110|0x000000056fe00000, 0x000000056fe00000, 0x000000056ff00000|  0%| F|  |TAMS 0x000000056fe00000, 0x000000056fe00000| Untracked 
|1111|0x000000056ff00000, 0x000000056ff00000, 0x0000000570000000|  0%| F|  |TAMS 0x000000056ff00000, 0x000000056ff00000| Untracked 
|1112|0x0000000570000000, 0x0000000570000000, 0x0000000570100000|  0%| F|  |TAMS 0x0000000570000000, 0x0000000570000000| Untracked 
|1113|0x0000000570100000, 0x0000000570200000, 0x0000000570200000|100%| O|  |TAMS 0x0000000570200000, 0x0000000570100000| Updating 
|1114|0x0000000570200000, 0x0000000570200000, 0x0000000570300000|  0%| F|  |TAMS 0x0000000570200000, 0x0000000570200000| Untracked 
|1115|0x0000000570300000, 0x0000000570300000, 0x0000000570400000|  0%| F|  |TAMS 0x0000000570300000, 0x0000000570300000| Untracked 
|1116|0x0000000570400000, 0x0000000570400000, 0x0000000570500000|  0%| F|  |TAMS 0x0000000570400000, 0x0000000570400000| Untracked 
|1117|0x0000000570500000, 0x0000000570500000, 0x0000000570600000|  0%| F|  |TAMS 0x0000000570500000, 0x0000000570500000| Untracked 
|1118|0x0000000570600000, 0x0000000570600000, 0x0000000570700000|  0%| F|  |TAMS 0x0000000570600000, 0x0000000570600000| Untracked 
|1119|0x0000000570700000, 0x0000000570800000, 0x0000000570800000|100%| O|  |TAMS 0x0000000570800000, 0x0000000570700000| Updating 
|1120|0x0000000570800000, 0x0000000570900000, 0x0000000570900000|100%| O|  |TAMS 0x0000000570900000, 0x0000000570800000| Updating 
|1121|0x0000000570900000, 0x0000000570a00000, 0x0000000570a00000|100%| O|  |TAMS 0x0000000570a00000, 0x0000000570900000| Updating 
|1122|0x0000000570a00000, 0x0000000570a00000, 0x0000000570b00000|  0%| F|  |TAMS 0x0000000570a00000, 0x0000000570a00000| Untracked 
|1123|0x0000000570b00000, 0x0000000570b00000, 0x0000000570c00000|  0%| F|  |TAMS 0x0000000570b00000, 0x0000000570b00000| Untracked 
|1124|0x0000000570c00000, 0x0000000570c00000, 0x0000000570d00000|  0%| F|  |TAMS 0x0000000570c00000, 0x0000000570c00000| Untracked 
|1125|0x0000000570d00000, 0x0000000570e00000, 0x0000000570e00000|100%| O|  |TAMS 0x0000000570e00000, 0x0000000570d00000| Updating 
|1126|0x0000000570e00000, 0x0000000570f00000, 0x0000000570f00000|100%| O|  |TAMS 0x0000000570f00000, 0x0000000570e00000| Updating 
|1127|0x0000000570f00000, 0x0000000571000000, 0x0000000571000000|100%| O|  |TAMS 0x0000000571000000, 0x0000000570f00000| Updating 
|1128|0x0000000571000000, 0x0000000571000000, 0x0000000571100000|  0%| F|  |TAMS 0x0000000571000000, 0x0000000571000000| Untracked 
|1129|0x0000000571100000, 0x0000000571100000, 0x0000000571200000|  0%| F|  |TAMS 0x0000000571100000, 0x0000000571100000| Untracked 
|1130|0x0000000571200000, 0x0000000571200000, 0x0000000571300000|  0%| F|  |TAMS 0x0000000571200000, 0x0000000571200000| Untracked 
|1131|0x0000000571300000, 0x0000000571300000, 0x0000000571400000|  0%| F|  |TAMS 0x0000000571300000, 0x0000000571300000| Untracked 
|1132|0x0000000571400000, 0x0000000571400000, 0x0000000571500000|  0%| F|  |TAMS 0x0000000571400000, 0x0000000571400000| Untracked 
|1133|0x0000000571500000, 0x0000000571500000, 0x0000000571600000|  0%| F|  |TAMS 0x0000000571500000, 0x0000000571500000| Untracked 
|1134|0x0000000571600000, 0x0000000571600000, 0x0000000571700000|  0%| F|  |TAMS 0x0000000571600000, 0x0000000571600000| Untracked 
|1135|0x0000000571700000, 0x0000000571700000, 0x0000000571800000|  0%| F|  |TAMS 0x0000000571700000, 0x0000000571700000| Untracked 
|1136|0x0000000571800000, 0x0000000571800000, 0x0000000571900000|  0%| F|  |TAMS 0x0000000571800000, 0x0000000571800000| Untracked 
|1137|0x0000000571900000, 0x0000000571900000, 0x0000000571a00000|  0%| F|  |TAMS 0x0000000571900000, 0x0000000571900000| Untracked 
|1138|0x0000000571a00000, 0x0000000571a00000, 0x0000000571b00000|  0%| F|  |TAMS 0x0000000571a00000, 0x0000000571a00000| Untracked 
|1139|0x0000000571b00000, 0x0000000571b00000, 0x0000000571c00000|  0%| F|  |TAMS 0x0000000571b00000, 0x0000000571b00000| Untracked 
|1140|0x0000000571c00000, 0x0000000571c00000, 0x0000000571d00000|  0%| F|  |TAMS 0x0000000571c00000, 0x0000000571c00000| Untracked 
|1141|0x0000000571d00000, 0x0000000571d00000, 0x0000000571e00000|  0%| F|  |TAMS 0x0000000571d00000, 0x0000000571d00000| Untracked 
|1142|0x0000000571e00000, 0x0000000571e00000, 0x0000000571f00000|  0%| F|  |TAMS 0x0000000571e00000, 0x0000000571e00000| Untracked 
|1143|0x0000000571f00000, 0x0000000571f00000, 0x0000000572000000|  0%| F|  |TAMS 0x0000000571f00000, 0x0000000571f00000| Untracked 
|1144|0x0000000572000000, 0x0000000572000000, 0x0000000572100000|  0%| F|  |TAMS 0x0000000572000000, 0x0000000572000000| Untracked 
|1145|0x0000000572100000, 0x0000000572100000, 0x0000000572200000|  0%| F|  |TAMS 0x0000000572100000, 0x0000000572100000| Untracked 
|1146|0x0000000572200000, 0x0000000572200000, 0x0000000572300000|  0%| F|  |TAMS 0x0000000572200000, 0x0000000572200000| Untracked 
|1147|0x0000000572300000, 0x0000000572300000, 0x0000000572400000|  0%| F|  |TAMS 0x0000000572300000, 0x0000000572300000| Untracked 
|1148|0x0000000572400000, 0x0000000572400000, 0x0000000572500000|  0%| F|  |TAMS 0x0000000572400000, 0x0000000572400000| Untracked 
|1149|0x0000000572500000, 0x0000000572500000, 0x0000000572600000|  0%| F|  |TAMS 0x0000000572500000, 0x0000000572500000| Untracked 
|1150|0x0000000572600000, 0x0000000572600000, 0x0000000572700000|  0%| F|  |TAMS 0x0000000572600000, 0x0000000572600000| Untracked 
|1151|0x0000000572700000, 0x0000000572700000, 0x0000000572800000|  0%| F|  |TAMS 0x0000000572700000, 0x0000000572700000| Untracked 
|1152|0x0000000572800000, 0x0000000572800000, 0x0000000572900000|  0%| F|  |TAMS 0x0000000572800000, 0x0000000572800000| Untracked 
|1153|0x0000000572900000, 0x0000000572900000, 0x0000000572a00000|  0%| F|  |TAMS 0x0000000572900000, 0x0000000572900000| Untracked 
|1154|0x0000000572a00000, 0x0000000572a00000, 0x0000000572b00000|  0%| F|  |TAMS 0x0000000572a00000, 0x0000000572a00000| Untracked 
|1155|0x0000000572b00000, 0x0000000572c00000, 0x0000000572c00000|100%| O|  |TAMS 0x0000000572c00000, 0x0000000572b00000| Updating 
|1156|0x0000000572c00000, 0x0000000572d00000, 0x0000000572d00000|100%| O|  |TAMS 0x0000000572d00000, 0x0000000572c00000| Untracked 
|1157|0x0000000572d00000, 0x0000000572e00000, 0x0000000572e00000|100%| O|  |TAMS 0x0000000572e00000, 0x0000000572d00000| Untracked 
|1158|0x0000000572e00000, 0x0000000572f00000, 0x0000000572f00000|100%| O|  |TAMS 0x0000000572f00000, 0x0000000572e00000| Untracked 
|1159|0x0000000572f00000, 0x0000000572f00000, 0x0000000573000000|  0%| F|  |TAMS 0x0000000572f00000, 0x0000000572f00000| Untracked 
|1160|0x0000000573000000, 0x0000000573100000, 0x0000000573100000|100%| O|  |TAMS 0x0000000573100000, 0x0000000573000000| Untracked 
|1161|0x0000000573100000, 0x0000000573100000, 0x0000000573200000|  0%| F|  |TAMS 0x0000000573100000, 0x0000000573100000| Untracked 
|1162|0x0000000573200000, 0x0000000573200000, 0x0000000573300000|  0%| F|  |TAMS 0x0000000573200000, 0x0000000573200000| Untracked 
|1163|0x0000000573300000, 0x0000000573400000, 0x0000000573400000|100%| O|  |TAMS 0x0000000573400000, 0x0000000573300000| Untracked 
|1164|0x0000000573400000, 0x0000000573400000, 0x0000000573500000|  0%| F|  |TAMS 0x0000000573400000, 0x0000000573400000| Untracked 
|1165|0x0000000573500000, 0x0000000573500000, 0x0000000573600000|  0%| F|  |TAMS 0x0000000573500000, 0x0000000573500000| Untracked 
|1166|0x0000000573600000, 0x0000000573600000, 0x0000000573700000|  0%| F|  |TAMS 0x0000000573600000, 0x0000000573600000| Untracked 
|1167|0x0000000573700000, 0x0000000573700000, 0x0000000573800000|  0%| F|  |TAMS 0x0000000573700000, 0x0000000573700000| Untracked 
|1168|0x0000000573800000, 0x0000000573800000, 0x0000000573900000|  0%| F|  |TAMS 0x0000000573800000, 0x0000000573800000| Untracked 
|1169|0x0000000573900000, 0x0000000573900000, 0x0000000573a00000|  0%| F|  |TAMS 0x0000000573900000, 0x0000000573900000| Untracked 
|1170|0x0000000573a00000, 0x0000000573a00000, 0x0000000573b00000|  0%| F|  |TAMS 0x0000000573a00000, 0x0000000573a00000| Untracked 
|1171|0x0000000573b00000, 0x0000000573b00000, 0x0000000573c00000|  0%| F|  |TAMS 0x0000000573b00000, 0x0000000573b00000| Untracked 
|1172|0x0000000573c00000, 0x0000000573c00000, 0x0000000573d00000|  0%| F|  |TAMS 0x0000000573c00000, 0x0000000573c00000| Untracked 
|1173|0x0000000573d00000, 0x0000000573d00000, 0x0000000573e00000|  0%| F|  |TAMS 0x0000000573d00000, 0x0000000573d00000| Untracked 
|1174|0x0000000573e00000, 0x0000000573e00000, 0x0000000573f00000|  0%| F|  |TAMS 0x0000000573e00000, 0x0000000573e00000| Untracked 
|1175|0x0000000573f00000, 0x0000000573f00000, 0x0000000574000000|  0%| F|  |TAMS 0x0000000573f00000, 0x0000000573f00000| Untracked 
|1176|0x0000000574000000, 0x0000000574000000, 0x0000000574100000|  0%| F|  |TAMS 0x0000000574000000, 0x0000000574000000| Untracked 
|1177|0x0000000574100000, 0x0000000574100000, 0x0000000574200000|  0%| F|  |TAMS 0x0000000574100000, 0x0000000574100000| Untracked 
|1178|0x0000000574200000, 0x0000000574200000, 0x0000000574300000|  0%| F|  |TAMS 0x0000000574200000, 0x0000000574200000| Untracked 
|1179|0x0000000574300000, 0x0000000574300000, 0x0000000574400000|  0%| F|  |TAMS 0x0000000574300000, 0x0000000574300000| Untracked 
|1180|0x0000000574400000, 0x0000000574400000, 0x0000000574500000|  0%| F|  |TAMS 0x0000000574400000, 0x0000000574400000| Untracked 
|1181|0x0000000574500000, 0x0000000574500000, 0x0000000574600000|  0%| F|  |TAMS 0x0000000574500000, 0x0000000574500000| Untracked 
|1182|0x0000000574600000, 0x0000000574600000, 0x0000000574700000|  0%| F|  |TAMS 0x0000000574600000, 0x0000000574600000| Untracked 
|1183|0x0000000574700000, 0x0000000574700000, 0x0000000574800000|  0%| F|  |TAMS 0x0000000574700000, 0x0000000574700000| Untracked 
|1184|0x0000000574800000, 0x0000000574800000, 0x0000000574900000|  0%| F|  |TAMS 0x0000000574800000, 0x0000000574800000| Untracked 
|1185|0x0000000574900000, 0x0000000574900000, 0x0000000574a00000|  0%| F|  |TAMS 0x0000000574900000, 0x0000000574900000| Untracked 
|1186|0x0000000574a00000, 0x0000000574a00000, 0x0000000574b00000|  0%| F|  |TAMS 0x0000000574a00000, 0x0000000574a00000| Untracked 
|1187|0x0000000574b00000, 0x0000000574b00000, 0x0000000574c00000|  0%| F|  |TAMS 0x0000000574b00000, 0x0000000574b00000| Untracked 
|1188|0x0000000574c00000, 0x0000000574c00000, 0x0000000574d00000|  0%| F|  |TAMS 0x0000000574c00000, 0x0000000574c00000| Untracked 
|1189|0x0000000574d00000, 0x0000000574d00000, 0x0000000574e00000|  0%| F|  |TAMS 0x0000000574d00000, 0x0000000574d00000| Untracked 
|1190|0x0000000574e00000, 0x0000000574e00000, 0x0000000574f00000|  0%| F|  |TAMS 0x0000000574e00000, 0x0000000574e00000| Untracked 
|1191|0x0000000574f00000, 0x0000000574f00000, 0x0000000575000000|  0%| F|  |TAMS 0x0000000574f00000, 0x0000000574f00000| Untracked 
|1192|0x0000000575000000, 0x0000000575000000, 0x0000000575100000|  0%| F|  |TAMS 0x0000000575000000, 0x0000000575000000| Untracked 
|1193|0x0000000575100000, 0x0000000575100000, 0x0000000575200000|  0%| F|  |TAMS 0x0000000575100000, 0x0000000575100000| Untracked 
|1194|0x0000000575200000, 0x0000000575200000, 0x0000000575300000|  0%| F|  |TAMS 0x0000000575200000, 0x0000000575200000| Untracked 
|1195|0x0000000575300000, 0x0000000575300000, 0x0000000575400000|  0%| F|  |TAMS 0x0000000575300000, 0x0000000575300000| Untracked 
|1196|0x0000000575400000, 0x0000000575400000, 0x0000000575500000|  0%| F|  |TAMS 0x0000000575400000, 0x0000000575400000| Untracked 
|1197|0x0000000575500000, 0x0000000575500000, 0x0000000575600000|  0%| F|  |TAMS 0x0000000575500000, 0x0000000575500000| Untracked 
|1198|0x0000000575600000, 0x0000000575600000, 0x0000000575700000|  0%| F|  |TAMS 0x0000000575600000, 0x0000000575600000| Untracked 
|1199|0x0000000575700000, 0x0000000575700000, 0x0000000575800000|  0%| F|  |TAMS 0x0000000575700000, 0x0000000575700000| Untracked 
|1200|0x0000000575800000, 0x0000000575800000, 0x0000000575900000|  0%| F|  |TAMS 0x0000000575800000, 0x0000000575800000| Untracked 
|1201|0x0000000575900000, 0x0000000575900000, 0x0000000575a00000|  0%| F|  |TAMS 0x0000000575900000, 0x0000000575900000| Untracked 
|1202|0x0000000575a00000, 0x0000000575a00000, 0x0000000575b00000|  0%| F|  |TAMS 0x0000000575a00000, 0x0000000575a00000| Untracked 
|1203|0x0000000575b00000, 0x0000000575b00000, 0x0000000575c00000|  0%| F|  |TAMS 0x0000000575b00000, 0x0000000575b00000| Untracked 
|1204|0x0000000575c00000, 0x0000000575c00000, 0x0000000575d00000|  0%| F|  |TAMS 0x0000000575c00000, 0x0000000575c00000| Untracked 
|1205|0x0000000575d00000, 0x0000000575d00000, 0x0000000575e00000|  0%| F|  |TAMS 0x0000000575d00000, 0x0000000575d00000| Untracked 
|1206|0x0000000575e00000, 0x0000000575e00000, 0x0000000575f00000|  0%| F|  |TAMS 0x0000000575e00000, 0x0000000575e00000| Untracked 
|1207|0x0000000575f00000, 0x0000000575f00000, 0x0000000576000000|  0%| F|  |TAMS 0x0000000575f00000, 0x0000000575f00000| Untracked 
|1208|0x0000000576000000, 0x0000000576000000, 0x0000000576100000|  0%| F|  |TAMS 0x0000000576000000, 0x0000000576000000| Untracked 
|1209|0x0000000576100000, 0x0000000576100000, 0x0000000576200000|  0%| F|  |TAMS 0x0000000576100000, 0x0000000576100000| Untracked 
|1210|0x0000000576200000, 0x0000000576200000, 0x0000000576300000|  0%| F|  |TAMS 0x0000000576200000, 0x0000000576200000| Untracked 
|1211|0x0000000576300000, 0x0000000576300000, 0x0000000576400000|  0%| F|  |TAMS 0x0000000576300000, 0x0000000576300000| Untracked 
|1212|0x0000000576400000, 0x0000000576400000, 0x0000000576500000|  0%| F|  |TAMS 0x0000000576400000, 0x0000000576400000| Untracked 
|1213|0x0000000576500000, 0x0000000576500000, 0x0000000576600000|  0%| F|  |TAMS 0x0000000576500000, 0x0000000576500000| Untracked 
|1214|0x0000000576600000, 0x0000000576600000, 0x0000000576700000|  0%| F|  |TAMS 0x0000000576600000, 0x0000000576600000| Untracked 
|1215|0x0000000576700000, 0x0000000576700000, 0x0000000576800000|  0%| F|  |TAMS 0x0000000576700000, 0x0000000576700000| Untracked 
|1216|0x0000000576800000, 0x0000000576800000, 0x0000000576900000|  0%| F|  |TAMS 0x0000000576800000, 0x0000000576800000| Untracked 
|1217|0x0000000576900000, 0x0000000576900000, 0x0000000576a00000|  0%| F|  |TAMS 0x0000000576900000, 0x0000000576900000| Untracked 
|1218|0x0000000576a00000, 0x0000000576a00000, 0x0000000576b00000|  0%| F|  |TAMS 0x0000000576a00000, 0x0000000576a00000| Untracked 
|1219|0x0000000576b00000, 0x0000000576b00000, 0x0000000576c00000|  0%| F|  |TAMS 0x0000000576b00000, 0x0000000576b00000| Untracked 
|1220|0x0000000576c00000, 0x0000000576c00000, 0x0000000576d00000|  0%| F|  |TAMS 0x0000000576c00000, 0x0000000576c00000| Untracked 
|1221|0x0000000576d00000, 0x0000000576d00000, 0x0000000576e00000|  0%| F|  |TAMS 0x0000000576d00000, 0x0000000576d00000| Untracked 
|1222|0x0000000576e00000, 0x0000000576e00000, 0x0000000576f00000|  0%| F|  |TAMS 0x0000000576e00000, 0x0000000576e00000| Untracked 
|1223|0x0000000576f00000, 0x0000000576f00000, 0x0000000577000000|  0%| F|  |TAMS 0x0000000576f00000, 0x0000000576f00000| Untracked 
|1224|0x0000000577000000, 0x0000000577000000, 0x0000000577100000|  0%| F|  |TAMS 0x0000000577000000, 0x0000000577000000| Untracked 
|1225|0x0000000577100000, 0x0000000577100000, 0x0000000577200000|  0%| F|  |TAMS 0x0000000577100000, 0x0000000577100000| Untracked 
|1226|0x0000000577200000, 0x0000000577200000, 0x0000000577300000|  0%| F|  |TAMS 0x0000000577200000, 0x0000000577200000| Untracked 
|1227|0x0000000577300000, 0x0000000577300000, 0x0000000577400000|  0%| F|  |TAMS 0x0000000577300000, 0x0000000577300000| Untracked 
|1228|0x0000000577400000, 0x0000000577400000, 0x0000000577500000|  0%| F|  |TAMS 0x0000000577400000, 0x0000000577400000| Untracked 
|1229|0x0000000577500000, 0x0000000577500000, 0x0000000577600000|  0%| F|  |TAMS 0x0000000577500000, 0x0000000577500000| Untracked 
|1230|0x0000000577600000, 0x0000000577600000, 0x0000000577700000|  0%| F|  |TAMS 0x0000000577600000, 0x0000000577600000| Untracked 
|1231|0x0000000577700000, 0x0000000577700000, 0x0000000577800000|  0%| F|  |TAMS 0x0000000577700000, 0x0000000577700000| Untracked 
|1232|0x0000000577800000, 0x0000000577800000, 0x0000000577900000|  0%| F|  |TAMS 0x0000000577800000, 0x0000000577800000| Untracked 
|1233|0x0000000577900000, 0x0000000577900000, 0x0000000577a00000|  0%| F|  |TAMS 0x0000000577900000, 0x0000000577900000| Untracked 
|1234|0x0000000577a00000, 0x0000000577a00000, 0x0000000577b00000|  0%| F|  |TAMS 0x0000000577a00000, 0x0000000577a00000| Untracked 
|1235|0x0000000577b00000, 0x0000000577b00000, 0x0000000577c00000|  0%| F|  |TAMS 0x0000000577b00000, 0x0000000577b00000| Untracked 
|1236|0x0000000577c00000, 0x0000000577c00000, 0x0000000577d00000|  0%| F|  |TAMS 0x0000000577c00000, 0x0000000577c00000| Untracked 
|1237|0x0000000577d00000, 0x0000000577d00000, 0x0000000577e00000|  0%| F|  |TAMS 0x0000000577d00000, 0x0000000577d00000| Untracked 
|1238|0x0000000577e00000, 0x0000000577e00000, 0x0000000577f00000|  0%| F|  |TAMS 0x0000000577e00000, 0x0000000577e00000| Untracked 
|1239|0x0000000577f00000, 0x0000000577f00000, 0x0000000578000000|  0%| F|  |TAMS 0x0000000577f00000, 0x0000000577f00000| Untracked 
|1240|0x0000000578000000, 0x0000000578000000, 0x0000000578100000|  0%| F|  |TAMS 0x0000000578000000, 0x0000000578000000| Untracked 
|1241|0x0000000578100000, 0x0000000578100000, 0x0000000578200000|  0%| F|  |TAMS 0x0000000578100000, 0x0000000578100000| Untracked 
|1242|0x0000000578200000, 0x0000000578200000, 0x0000000578300000|  0%| F|  |TAMS 0x0000000578200000, 0x0000000578200000| Untracked 
|1243|0x0000000578300000, 0x0000000578300000, 0x0000000578400000|  0%| F|  |TAMS 0x0000000578300000, 0x0000000578300000| Untracked 
|1244|0x0000000578400000, 0x0000000578400000, 0x0000000578500000|  0%| F|  |TAMS 0x0000000578400000, 0x0000000578400000| Untracked 
|1245|0x0000000578500000, 0x0000000578500000, 0x0000000578600000|  0%| F|  |TAMS 0x0000000578500000, 0x0000000578500000| Untracked 
|1246|0x0000000578600000, 0x0000000578600000, 0x0000000578700000|  0%| F|  |TAMS 0x0000000578600000, 0x0000000578600000| Untracked 
|1247|0x0000000578700000, 0x0000000578700000, 0x0000000578800000|  0%| F|  |TAMS 0x0000000578700000, 0x0000000578700000| Untracked 
|1248|0x0000000578800000, 0x0000000578800000, 0x0000000578900000|  0%| F|  |TAMS 0x0000000578800000, 0x0000000578800000| Untracked 
|1249|0x0000000578900000, 0x0000000578900000, 0x0000000578a00000|  0%| F|  |TAMS 0x0000000578900000, 0x0000000578900000| Untracked 
|1250|0x0000000578a00000, 0x0000000578a00000, 0x0000000578b00000|  0%| F|  |TAMS 0x0000000578a00000, 0x0000000578a00000| Untracked 
|1251|0x0000000578b00000, 0x0000000578b00000, 0x0000000578c00000|  0%| F|  |TAMS 0x0000000578b00000, 0x0000000578b00000| Untracked 
|1252|0x0000000578c00000, 0x0000000578c00000, 0x0000000578d00000|  0%| F|  |TAMS 0x0000000578c00000, 0x0000000578c00000| Untracked 
|1253|0x0000000578d00000, 0x0000000578d00000, 0x0000000578e00000|  0%| F|  |TAMS 0x0000000578d00000, 0x0000000578d00000| Untracked 
|1254|0x0000000578e00000, 0x0000000578e00000, 0x0000000578f00000|  0%| F|  |TAMS 0x0000000578e00000, 0x0000000578e00000| Untracked 
|1255|0x0000000578f00000, 0x0000000578f00000, 0x0000000579000000|  0%| F|  |TAMS 0x0000000578f00000, 0x0000000578f00000| Untracked 
|1256|0x0000000579000000, 0x0000000579000000, 0x0000000579100000|  0%| F|  |TAMS 0x0000000579000000, 0x0000000579000000| Untracked 
|1257|0x0000000579100000, 0x0000000579100000, 0x0000000579200000|  0%| F|  |TAMS 0x0000000579100000, 0x0000000579100000| Untracked 
|1258|0x0000000579200000, 0x0000000579200000, 0x0000000579300000|  0%| F|  |TAMS 0x0000000579200000, 0x0000000579200000| Untracked 
|1259|0x0000000579300000, 0x0000000579300000, 0x0000000579400000|  0%| F|  |TAMS 0x0000000579300000, 0x0000000579300000| Untracked 
|1260|0x0000000579400000, 0x0000000579400000, 0x0000000579500000|  0%| F|  |TAMS 0x0000000579400000, 0x0000000579400000| Untracked 
|1261|0x0000000579500000, 0x0000000579500000, 0x0000000579600000|  0%| F|  |TAMS 0x0000000579500000, 0x0000000579500000| Untracked 
|1262|0x0000000579600000, 0x0000000579600000, 0x0000000579700000|  0%| F|  |TAMS 0x0000000579600000, 0x0000000579600000| Untracked 
|1263|0x0000000579700000, 0x0000000579700000, 0x0000000579800000|  0%| F|  |TAMS 0x0000000579700000, 0x0000000579700000| Untracked 
|1264|0x0000000579800000, 0x0000000579800000, 0x0000000579900000|  0%| F|  |TAMS 0x0000000579800000, 0x0000000579800000| Untracked 
|1265|0x0000000579900000, 0x0000000579900000, 0x0000000579a00000|  0%| F|  |TAMS 0x0000000579900000, 0x0000000579900000| Untracked 
|1266|0x0000000579a00000, 0x0000000579a00000, 0x0000000579b00000|  0%| F|  |TAMS 0x0000000579a00000, 0x0000000579a00000| Untracked 
|1267|0x0000000579b00000, 0x0000000579b00000, 0x0000000579c00000|  0%| F|  |TAMS 0x0000000579b00000, 0x0000000579b00000| Untracked 
|1268|0x0000000579c00000, 0x0000000579c00000, 0x0000000579d00000|  0%| F|  |TAMS 0x0000000579c00000, 0x0000000579c00000| Untracked 
|1269|0x0000000579d00000, 0x0000000579d00000, 0x0000000579e00000|  0%| F|  |TAMS 0x0000000579d00000, 0x0000000579d00000| Untracked 
|1270|0x0000000579e00000, 0x0000000579e00000, 0x0000000579f00000|  0%| F|  |TAMS 0x0000000579e00000, 0x0000000579e00000| Untracked 
|1271|0x0000000579f00000, 0x0000000579f00000, 0x000000057a000000|  0%| F|  |TAMS 0x0000000579f00000, 0x0000000579f00000| Untracked 
|1272|0x000000057a000000, 0x000000057a000000, 0x000000057a100000|  0%| F|  |TAMS 0x000000057a000000, 0x000000057a000000| Untracked 
|1273|0x000000057a100000, 0x000000057a100000, 0x000000057a200000|  0%| F|  |TAMS 0x000000057a100000, 0x000000057a100000| Untracked 
|1274|0x000000057a200000, 0x000000057a200000, 0x000000057a300000|  0%| F|  |TAMS 0x000000057a200000, 0x000000057a200000| Untracked 
|1275|0x000000057a300000, 0x000000057a300000, 0x000000057a400000|  0%| F|  |TAMS 0x000000057a300000, 0x000000057a300000| Untracked 
|1276|0x000000057a400000, 0x000000057a400000, 0x000000057a500000|  0%| F|  |TAMS 0x000000057a400000, 0x000000057a400000| Untracked 
|1277|0x000000057a500000, 0x000000057a500000, 0x000000057a600000|  0%| F|  |TAMS 0x000000057a500000, 0x000000057a500000| Untracked 
|1278|0x000000057a600000, 0x000000057a600000, 0x000000057a700000|  0%| F|  |TAMS 0x000000057a600000, 0x000000057a600000| Untracked 
|1279|0x000000057a700000, 0x000000057a700000, 0x000000057a800000|  0%| F|  |TAMS 0x000000057a700000, 0x000000057a700000| Untracked 
|1280|0x000000057a800000, 0x000000057a800000, 0x000000057a900000|  0%| F|  |TAMS 0x000000057a800000, 0x000000057a800000| Untracked 
|1281|0x000000057a900000, 0x000000057a900000, 0x000000057aa00000|  0%| F|  |TAMS 0x000000057a900000, 0x000000057a900000| Untracked 
|1282|0x000000057aa00000, 0x000000057aa00000, 0x000000057ab00000|  0%| F|  |TAMS 0x000000057aa00000, 0x000000057aa00000| Untracked 
|1283|0x000000057ab00000, 0x000000057ab00000, 0x000000057ac00000|  0%| F|  |TAMS 0x000000057ab00000, 0x000000057ab00000| Untracked 
|1284|0x000000057ac00000, 0x000000057ac00000, 0x000000057ad00000|  0%| F|  |TAMS 0x000000057ac00000, 0x000000057ac00000| Untracked 
|1285|0x000000057ad00000, 0x000000057ad00000, 0x000000057ae00000|  0%| F|  |TAMS 0x000000057ad00000, 0x000000057ad00000| Untracked 
|1286|0x000000057ae00000, 0x000000057ae00000, 0x000000057af00000|  0%| F|  |TAMS 0x000000057ae00000, 0x000000057ae00000| Untracked 
|1287|0x000000057af00000, 0x000000057af00000, 0x000000057b000000|  0%| F|  |TAMS 0x000000057af00000, 0x000000057af00000| Untracked 
|1288|0x000000057b000000, 0x000000057b000000, 0x000000057b100000|  0%| F|  |TAMS 0x000000057b000000, 0x000000057b000000| Untracked 
|1289|0x000000057b100000, 0x000000057b100000, 0x000000057b200000|  0%| F|  |TAMS 0x000000057b100000, 0x000000057b100000| Untracked 
|1290|0x000000057b200000, 0x000000057b200000, 0x000000057b300000|  0%| F|  |TAMS 0x000000057b200000, 0x000000057b200000| Untracked 
|1291|0x000000057b300000, 0x000000057b300000, 0x000000057b400000|  0%| F|  |TAMS 0x000000057b300000, 0x000000057b300000| Untracked 
|1292|0x000000057b400000, 0x000000057b400000, 0x000000057b500000|  0%| F|  |TAMS 0x000000057b400000, 0x000000057b400000| Untracked 
|1293|0x000000057b500000, 0x000000057b500000, 0x000000057b600000|  0%| F|  |TAMS 0x000000057b500000, 0x000000057b500000| Untracked 
|1294|0x000000057b600000, 0x000000057b600000, 0x000000057b700000|  0%| F|  |TAMS 0x000000057b600000, 0x000000057b600000| Untracked 
|1295|0x000000057b700000, 0x000000057b780000, 0x000000057b800000| 50%| E|  |TAMS 0x000000057b700000, 0x000000057b700000| Complete 
|1296|0x000000057b800000, 0x000000057b900000, 0x000000057b900000|100%| E|CS|TAMS 0x000000057b800000, 0x000000057b800000| Complete 
|1297|0x000000057b900000, 0x000000057ba00000, 0x000000057ba00000|100%| E|CS|TAMS 0x000000057b900000, 0x000000057b900000| Complete 
|1298|0x000000057ba00000, 0x000000057bb00000, 0x000000057bb00000|100%| E|CS|TAMS 0x000000057ba00000, 0x000000057ba00000| Complete 
|1299|0x000000057bb00000, 0x000000057bc00000, 0x000000057bc00000|100%| E|CS|TAMS 0x000000057bb00000, 0x000000057bb00000| Complete 
|1300|0x000000057bc00000, 0x000000057bd00000, 0x000000057bd00000|100%| E|CS|TAMS 0x000000057bc00000, 0x000000057bc00000| Complete 
|1301|0x000000057bd00000, 0x000000057be00000, 0x000000057be00000|100%| E|CS|TAMS 0x000000057bd00000, 0x000000057bd00000| Complete 
|1302|0x000000057be00000, 0x000000057bf00000, 0x000000057bf00000|100%| E|CS|TAMS 0x000000057be00000, 0x000000057be00000| Complete 
|1303|0x000000057bf00000, 0x000000057c000000, 0x000000057c000000|100%| E|CS|TAMS 0x000000057bf00000, 0x000000057bf00000| Complete 
|1304|0x000000057c000000, 0x000000057c100000, 0x000000057c100000|100%| E|CS|TAMS 0x000000057c000000, 0x000000057c000000| Complete 
|1305|0x000000057c100000, 0x000000057c200000, 0x000000057c200000|100%| E|CS|TAMS 0x000000057c100000, 0x000000057c100000| Complete 
|1306|0x000000057c200000, 0x000000057c300000, 0x000000057c300000|100%| E|CS|TAMS 0x000000057c200000, 0x000000057c200000| Complete 
|1307|0x000000057c300000, 0x000000057c400000, 0x000000057c400000|100%| E|CS|TAMS 0x000000057c300000, 0x000000057c300000| Complete 
|1308|0x000000057c400000, 0x000000057c500000, 0x000000057c500000|100%| E|CS|TAMS 0x000000057c400000, 0x000000057c400000| Complete 
|1309|0x000000057c500000, 0x000000057c600000, 0x000000057c600000|100%| E|CS|TAMS 0x000000057c500000, 0x000000057c500000| Complete 
|1310|0x000000057c600000, 0x000000057c700000, 0x000000057c700000|100%| E|CS|TAMS 0x000000057c600000, 0x000000057c600000| Complete 
|1311|0x000000057c700000, 0x000000057c800000, 0x000000057c800000|100%| E|CS|TAMS 0x000000057c700000, 0x000000057c700000| Complete 
|1312|0x000000057c800000, 0x000000057c900000, 0x000000057c900000|100%| E|CS|TAMS 0x000000057c800000, 0x000000057c800000| Complete 
|1313|0x000000057c900000, 0x000000057ca00000, 0x000000057ca00000|100%| E|CS|TAMS 0x000000057c900000, 0x000000057c900000| Complete 
|1314|0x000000057ca00000, 0x000000057cb00000, 0x000000057cb00000|100%| E|CS|TAMS 0x000000057ca00000, 0x000000057ca00000| Complete 
|1315|0x000000057cb00000, 0x000000057cc00000, 0x000000057cc00000|100%| E|CS|TAMS 0x000000057cb00000, 0x000000057cb00000| Complete 
|1316|0x000000057cc00000, 0x000000057cd00000, 0x000000057cd00000|100%| E|CS|TAMS 0x000000057cc00000, 0x000000057cc00000| Complete 
|1317|0x000000057cd00000, 0x000000057ce00000, 0x000000057ce00000|100%| E|CS|TAMS 0x000000057cd00000, 0x000000057cd00000| Complete 
|1318|0x000000057ce00000, 0x000000057cf00000, 0x000000057cf00000|100%| E|CS|TAMS 0x000000057ce00000, 0x000000057ce00000| Complete 
|1319|0x000000057cf00000, 0x000000057d000000, 0x000000057d000000|100%| E|  |TAMS 0x000000057cf00000, 0x000000057cf00000| Complete 
|1320|0x000000057d000000, 0x000000057d100000, 0x000000057d100000|100%| E|CS|TAMS 0x000000057d000000, 0x000000057d000000| Complete 
|1321|0x000000057d100000, 0x000000057d200000, 0x000000057d200000|100%| E|CS|TAMS 0x000000057d100000, 0x000000057d100000| Complete 
|1322|0x000000057d200000, 0x000000057d300000, 0x000000057d300000|100%| E|CS|TAMS 0x000000057d200000, 0x000000057d200000| Complete 
|1323|0x000000057d300000, 0x000000057d400000, 0x000000057d400000|100%| E|CS|TAMS 0x000000057d300000, 0x000000057d300000| Complete 
|1324|0x000000057d400000, 0x000000057d500000, 0x000000057d500000|100%| E|CS|TAMS 0x000000057d400000, 0x000000057d400000| Complete 
|1325|0x000000057d500000, 0x000000057d600000, 0x000000057d600000|100%| E|CS|TAMS 0x000000057d500000, 0x000000057d500000| Complete 
|1326|0x000000057d600000, 0x000000057d700000, 0x000000057d700000|100%| E|CS|TAMS 0x000000057d600000, 0x000000057d600000| Complete 
|1327|0x000000057d700000, 0x000000057d800000, 0x000000057d800000|100%| E|CS|TAMS 0x000000057d700000, 0x000000057d700000| Complete 
|1328|0x000000057d800000, 0x000000057d900000, 0x000000057d900000|100%| E|CS|TAMS 0x000000057d800000, 0x000000057d800000| Complete 
|1329|0x000000057d900000, 0x000000057da00000, 0x000000057da00000|100%| E|CS|TAMS 0x000000057d900000, 0x000000057d900000| Complete 
|1330|0x000000057da00000, 0x000000057db00000, 0x000000057db00000|100%| E|CS|TAMS 0x000000057da00000, 0x000000057da00000| Complete 
|1331|0x000000057db00000, 0x000000057dc00000, 0x000000057dc00000|100%| E|CS|TAMS 0x000000057db00000, 0x000000057db00000| Complete 
|1332|0x000000057dc00000, 0x000000057dd00000, 0x000000057dd00000|100%| E|CS|TAMS 0x000000057dc00000, 0x000000057dc00000| Complete 
|1333|0x000000057dd00000, 0x000000057de00000, 0x000000057de00000|100%| E|CS|TAMS 0x000000057dd00000, 0x000000057dd00000| Complete 
|1334|0x000000057de00000, 0x000000057df00000, 0x000000057df00000|100%| E|CS|TAMS 0x000000057de00000, 0x000000057de00000| Complete 
|1335|0x000000057df00000, 0x000000057e000000, 0x000000057e000000|100%| E|CS|TAMS 0x000000057df00000, 0x000000057df00000| Complete 
|1336|0x000000057e000000, 0x000000057e100000, 0x000000057e100000|100%| E|CS|TAMS 0x000000057e000000, 0x000000057e000000| Complete 
|1337|0x000000057e100000, 0x000000057e200000, 0x000000057e200000|100%| E|CS|TAMS 0x000000057e100000, 0x000000057e100000| Complete 
|1338|0x000000057e200000, 0x000000057e300000, 0x000000057e300000|100%| E|CS|TAMS 0x000000057e200000, 0x000000057e200000| Complete 
|1339|0x000000057e300000, 0x000000057e400000, 0x000000057e400000|100%| E|CS|TAMS 0x000000057e300000, 0x000000057e300000| Complete 
|1340|0x000000057e400000, 0x000000057e500000, 0x000000057e500000|100%| E|CS|TAMS 0x000000057e400000, 0x000000057e400000| Complete 
|1341|0x000000057e500000, 0x000000057e600000, 0x000000057e600000|100%| E|CS|TAMS 0x000000057e500000, 0x000000057e500000| Complete 
|1342|0x000000057e600000, 0x000000057e700000, 0x000000057e700000|100%| E|CS|TAMS 0x000000057e600000, 0x000000057e600000| Complete 
|1343|0x000000057e700000, 0x000000057e800000, 0x000000057e800000|100%| E|CS|TAMS 0x000000057e700000, 0x000000057e700000| Complete 
|1344|0x000000057e800000, 0x000000057e900000, 0x000000057e900000|100%| E|CS|TAMS 0x000000057e800000, 0x000000057e800000| Complete 
|1345|0x000000057e900000, 0x000000057ea00000, 0x000000057ea00000|100%| E|CS|TAMS 0x000000057e900000, 0x000000057e900000| Complete 
|1346|0x000000057ea00000, 0x000000057eb00000, 0x000000057eb00000|100%| E|CS|TAMS 0x000000057ea00000, 0x000000057ea00000| Complete 
|1347|0x000000057eb00000, 0x000000057ec00000, 0x000000057ec00000|100%| E|CS|TAMS 0x000000057eb00000, 0x000000057eb00000| Complete 
|1348|0x000000057ec00000, 0x000000057ed00000, 0x000000057ed00000|100%| E|CS|TAMS 0x000000057ec00000, 0x000000057ec00000| Complete 
|1349|0x000000057ed00000, 0x000000057ee00000, 0x000000057ee00000|100%| E|CS|TAMS 0x000000057ed00000, 0x000000057ed00000| Complete 
|1350|0x000000057ee00000, 0x000000057ef00000, 0x000000057ef00000|100%| E|CS|TAMS 0x000000057ee00000, 0x000000057ee00000| Complete 
|1351|0x000000057ef00000, 0x000000057f000000, 0x000000057f000000|100%| E|CS|TAMS 0x000000057ef00000, 0x000000057ef00000| Complete 
|1352|0x000000057f000000, 0x000000057f100000, 0x000000057f100000|100%| E|CS|TAMS 0x000000057f000000, 0x000000057f000000| Complete 
|1353|0x000000057f100000, 0x000000057f200000, 0x000000057f200000|100%| E|CS|TAMS 0x000000057f100000, 0x000000057f100000| Complete 
|1354|0x000000057f200000, 0x000000057f300000, 0x000000057f300000|100%| E|CS|TAMS 0x000000057f200000, 0x000000057f200000| Complete 
|1355|0x000000057f300000, 0x000000057f400000, 0x000000057f400000|100%| E|CS|TAMS 0x000000057f300000, 0x000000057f300000| Complete 
|1356|0x000000057f400000, 0x000000057f500000, 0x000000057f500000|100%| E|CS|TAMS 0x000000057f400000, 0x000000057f400000| Complete 
|1357|0x000000057f500000, 0x000000057f600000, 0x000000057f600000|100%| E|CS|TAMS 0x000000057f500000, 0x000000057f500000| Complete 
|1358|0x000000057f600000, 0x000000057f700000, 0x000000057f700000|100%| E|CS|TAMS 0x000000057f600000, 0x000000057f600000| Complete 
|1359|0x000000057f700000, 0x000000057f800000, 0x000000057f800000|100%| E|CS|TAMS 0x000000057f700000, 0x000000057f700000| Complete 
|1360|0x000000057f800000, 0x000000057f900000, 0x000000057f900000|100%| E|CS|TAMS 0x000000057f800000, 0x000000057f800000| Complete 
|1361|0x000000057f900000, 0x000000057fa00000, 0x000000057fa00000|100%| E|CS|TAMS 0x000000057f900000, 0x000000057f900000| Complete 
|1362|0x000000057fa00000, 0x000000057fb00000, 0x000000057fb00000|100%| E|CS|TAMS 0x000000057fa00000, 0x000000057fa00000| Complete 
|1363|0x000000057fb00000, 0x000000057fc00000, 0x000000057fc00000|100%| E|CS|TAMS 0x000000057fb00000, 0x000000057fb00000| Complete 
|1364|0x000000057fc00000, 0x000000057fd00000, 0x000000057fd00000|100%| E|CS|TAMS 0x000000057fc00000, 0x000000057fc00000| Complete 
|1365|0x000000057fd00000, 0x000000057fe00000, 0x000000057fe00000|100%| E|CS|TAMS 0x000000057fd00000, 0x000000057fd00000| Complete 
|1366|0x000000057fe00000, 0x000000057ff00000, 0x000000057ff00000|100%| E|CS|TAMS 0x000000057fe00000, 0x000000057fe00000| Complete 
|1367|0x000000057ff00000, 0x0000000580000000, 0x0000000580000000|100%| E|CS|TAMS 0x000000057ff00000, 0x000000057ff00000| Complete 
|1368|0x0000000580000000, 0x0000000580100000, 0x0000000580100000|100%| E|CS|TAMS 0x0000000580000000, 0x0000000580000000| Complete 
|1369|0x0000000580100000, 0x0000000580200000, 0x0000000580200000|100%| E|CS|TAMS 0x0000000580100000, 0x0000000580100000| Complete 
|1370|0x0000000580200000, 0x0000000580300000, 0x0000000580300000|100%| E|CS|TAMS 0x0000000580200000, 0x0000000580200000| Complete 
|1371|0x0000000580300000, 0x0000000580400000, 0x0000000580400000|100%| E|CS|TAMS 0x0000000580300000, 0x0000000580300000| Complete 
|1372|0x0000000580400000, 0x0000000580500000, 0x0000000580500000|100%| E|CS|TAMS 0x0000000580400000, 0x0000000580400000| Complete 
|1373|0x0000000580500000, 0x0000000580600000, 0x0000000580600000|100%| E|CS|TAMS 0x0000000580500000, 0x0000000580500000| Complete 
|1374|0x0000000580600000, 0x0000000580700000, 0x0000000580700000|100%| E|CS|TAMS 0x0000000580600000, 0x0000000580600000| Complete 
|1375|0x0000000580700000, 0x0000000580800000, 0x0000000580800000|100%| E|CS|TAMS 0x0000000580700000, 0x0000000580700000| Complete 
|1376|0x0000000580800000, 0x0000000580900000, 0x0000000580900000|100%| E|CS|TAMS 0x0000000580800000, 0x0000000580800000| Complete 
|1377|0x0000000580900000, 0x0000000580a00000, 0x0000000580a00000|100%| E|CS|TAMS 0x0000000580900000, 0x0000000580900000| Complete 
|1378|0x0000000580a00000, 0x0000000580b00000, 0x0000000580b00000|100%| E|CS|TAMS 0x0000000580a00000, 0x0000000580a00000| Complete 
|1379|0x0000000580b00000, 0x0000000580c00000, 0x0000000580c00000|100%| E|CS|TAMS 0x0000000580b00000, 0x0000000580b00000| Complete 
|1380|0x0000000580c00000, 0x0000000580d00000, 0x0000000580d00000|100%| E|CS|TAMS 0x0000000580c00000, 0x0000000580c00000| Complete 
|1381|0x0000000580d00000, 0x0000000580e00000, 0x0000000580e00000|100%| E|CS|TAMS 0x0000000580d00000, 0x0000000580d00000| Complete 
|1382|0x0000000580e00000, 0x0000000580f00000, 0x0000000580f00000|100%| E|CS|TAMS 0x0000000580e00000, 0x0000000580e00000| Complete 
|1383|0x0000000580f00000, 0x0000000581000000, 0x0000000581000000|100%| E|CS|TAMS 0x0000000580f00000, 0x0000000580f00000| Complete 
|1384|0x0000000581000000, 0x0000000581100000, 0x0000000581100000|100%| E|CS|TAMS 0x0000000581000000, 0x0000000581000000| Complete 
|1385|0x0000000581100000, 0x0000000581200000, 0x0000000581200000|100%| E|CS|TAMS 0x0000000581100000, 0x0000000581100000| Complete 
|1386|0x0000000581200000, 0x0000000581300000, 0x0000000581300000|100%| E|CS|TAMS 0x0000000581200000, 0x0000000581200000| Complete 
|1387|0x0000000581300000, 0x0000000581400000, 0x0000000581400000|100%| E|CS|TAMS 0x0000000581300000, 0x0000000581300000| Complete 
|1388|0x0000000581400000, 0x0000000581500000, 0x0000000581500000|100%| E|CS|TAMS 0x0000000581400000, 0x0000000581400000| Complete 
|1389|0x0000000581500000, 0x0000000581600000, 0x0000000581600000|100%| E|CS|TAMS 0x0000000581500000, 0x0000000581500000| Complete 
|1390|0x0000000581600000, 0x0000000581700000, 0x0000000581700000|100%| E|CS|TAMS 0x0000000581600000, 0x0000000581600000| Complete 
|1391|0x0000000581700000, 0x0000000581800000, 0x0000000581800000|100%| E|CS|TAMS 0x0000000581700000, 0x0000000581700000| Complete 
|1392|0x0000000581800000, 0x0000000581900000, 0x0000000581900000|100%| E|CS|TAMS 0x0000000581800000, 0x0000000581800000| Complete 
|1393|0x0000000581900000, 0x0000000581a00000, 0x0000000581a00000|100%| E|CS|TAMS 0x0000000581900000, 0x0000000581900000| Complete 
|1394|0x0000000581a00000, 0x0000000581b00000, 0x0000000581b00000|100%| E|CS|TAMS 0x0000000581a00000, 0x0000000581a00000| Complete 
|1395|0x0000000581b00000, 0x0000000581c00000, 0x0000000581c00000|100%| E|CS|TAMS 0x0000000581b00000, 0x0000000581b00000| Complete 
|1396|0x0000000581c00000, 0x0000000581d00000, 0x0000000581d00000|100%| E|CS|TAMS 0x0000000581c00000, 0x0000000581c00000| Complete 
|1397|0x0000000581d00000, 0x0000000581e00000, 0x0000000581e00000|100%| E|CS|TAMS 0x0000000581d00000, 0x0000000581d00000| Complete 
|1398|0x0000000581e00000, 0x0000000581f00000, 0x0000000581f00000|100%| E|CS|TAMS 0x0000000581e00000, 0x0000000581e00000| Complete 
|1399|0x0000000581f00000, 0x0000000582000000, 0x0000000582000000|100%| E|CS|TAMS 0x0000000581f00000, 0x0000000581f00000| Complete 
|1400|0x0000000582000000, 0x0000000582100000, 0x0000000582100000|100%| E|CS|TAMS 0x0000000582000000, 0x0000000582000000| Complete 
|1401|0x0000000582100000, 0x0000000582200000, 0x0000000582200000|100%| E|CS|TAMS 0x0000000582100000, 0x0000000582100000| Complete 
|1402|0x0000000582200000, 0x0000000582300000, 0x0000000582300000|100%| E|CS|TAMS 0x0000000582200000, 0x0000000582200000| Complete 
|1403|0x0000000582300000, 0x0000000582400000, 0x0000000582400000|100%| E|CS|TAMS 0x0000000582300000, 0x0000000582300000| Complete 
|1404|0x0000000582400000, 0x0000000582500000, 0x0000000582500000|100%| E|CS|TAMS 0x0000000582400000, 0x0000000582400000| Complete 
|1405|0x0000000582500000, 0x0000000582600000, 0x0000000582600000|100%| E|CS|TAMS 0x0000000582500000, 0x0000000582500000| Complete 
|1406|0x0000000582600000, 0x0000000582700000, 0x0000000582700000|100%| E|CS|TAMS 0x0000000582600000, 0x0000000582600000| Complete 
|1407|0x0000000582700000, 0x0000000582800000, 0x0000000582800000|100%| E|CS|TAMS 0x0000000582700000, 0x0000000582700000| Complete 
|1408|0x0000000582800000, 0x0000000582900000, 0x0000000582900000|100%| E|CS|TAMS 0x0000000582800000, 0x0000000582800000| Complete 
|1409|0x0000000582900000, 0x0000000582a00000, 0x0000000582a00000|100%| E|CS|TAMS 0x0000000582900000, 0x0000000582900000| Complete 
|1410|0x0000000582a00000, 0x0000000582b00000, 0x0000000582b00000|100%| E|CS|TAMS 0x0000000582a00000, 0x0000000582a00000| Complete 
|1411|0x0000000582b00000, 0x0000000582c00000, 0x0000000582c00000|100%| E|CS|TAMS 0x0000000582b00000, 0x0000000582b00000| Complete 
|1412|0x0000000582c00000, 0x0000000582d00000, 0x0000000582d00000|100%| E|CS|TAMS 0x0000000582c00000, 0x0000000582c00000| Complete 
|1413|0x0000000582d00000, 0x0000000582e00000, 0x0000000582e00000|100%| E|CS|TAMS 0x0000000582d00000, 0x0000000582d00000| Complete 
|1414|0x0000000582e00000, 0x0000000582f00000, 0x0000000582f00000|100%| E|CS|TAMS 0x0000000582e00000, 0x0000000582e00000| Complete 
|1415|0x0000000582f00000, 0x0000000583000000, 0x0000000583000000|100%| E|CS|TAMS 0x0000000582f00000, 0x0000000582f00000| Complete 
|1416|0x0000000583000000, 0x0000000583100000, 0x0000000583100000|100%| E|CS|TAMS 0x0000000583000000, 0x0000000583000000| Complete 
|1417|0x0000000583100000, 0x0000000583200000, 0x0000000583200000|100%| E|CS|TAMS 0x0000000583100000, 0x0000000583100000| Complete 
|1418|0x0000000583200000, 0x0000000583300000, 0x0000000583300000|100%| E|CS|TAMS 0x0000000583200000, 0x0000000583200000| Complete 
|1419|0x0000000583300000, 0x0000000583400000, 0x0000000583400000|100%| E|CS|TAMS 0x0000000583300000, 0x0000000583300000| Complete 
|1420|0x0000000583400000, 0x0000000583500000, 0x0000000583500000|100%| E|CS|TAMS 0x0000000583400000, 0x0000000583400000| Complete 
|1421|0x0000000583500000, 0x0000000583600000, 0x0000000583600000|100%| E|CS|TAMS 0x0000000583500000, 0x0000000583500000| Complete 
|1422|0x0000000583600000, 0x0000000583700000, 0x0000000583700000|100%| E|CS|TAMS 0x0000000583600000, 0x0000000583600000| Complete 
|1423|0x0000000583700000, 0x0000000583800000, 0x0000000583800000|100%| E|CS|TAMS 0x0000000583700000, 0x0000000583700000| Complete 
|1424|0x0000000583800000, 0x0000000583900000, 0x0000000583900000|100%| E|CS|TAMS 0x0000000583800000, 0x0000000583800000| Complete 
|1425|0x0000000583900000, 0x0000000583a00000, 0x0000000583a00000|100%| E|CS|TAMS 0x0000000583900000, 0x0000000583900000| Complete 
|1426|0x0000000583a00000, 0x0000000583b00000, 0x0000000583b00000|100%| E|CS|TAMS 0x0000000583a00000, 0x0000000583a00000| Complete 
|1427|0x0000000583b00000, 0x0000000583c00000, 0x0000000583c00000|100%| E|CS|TAMS 0x0000000583b00000, 0x0000000583b00000| Complete 
|1428|0x0000000583c00000, 0x0000000583d00000, 0x0000000583d00000|100%| E|CS|TAMS 0x0000000583c00000, 0x0000000583c00000| Complete 
|1429|0x0000000583d00000, 0x0000000583e00000, 0x0000000583e00000|100%| E|CS|TAMS 0x0000000583d00000, 0x0000000583d00000| Complete 
|1430|0x0000000583e00000, 0x0000000583f00000, 0x0000000583f00000|100%| E|CS|TAMS 0x0000000583e00000, 0x0000000583e00000| Complete 
|1431|0x0000000583f00000, 0x0000000584000000, 0x0000000584000000|100%| E|CS|TAMS 0x0000000583f00000, 0x0000000583f00000| Complete 
|1432|0x0000000584000000, 0x0000000584100000, 0x0000000584100000|100%| E|CS|TAMS 0x0000000584000000, 0x0000000584000000| Complete 
|1433|0x0000000584100000, 0x0000000584200000, 0x0000000584200000|100%| E|CS|TAMS 0x0000000584100000, 0x0000000584100000| Complete 
|1434|0x0000000584200000, 0x0000000584300000, 0x0000000584300000|100%| E|CS|TAMS 0x0000000584200000, 0x0000000584200000| Complete 
|1435|0x0000000584300000, 0x0000000584400000, 0x0000000584400000|100%| E|CS|TAMS 0x0000000584300000, 0x0000000584300000| Complete 
|1436|0x0000000584400000, 0x0000000584500000, 0x0000000584500000|100%| E|CS|TAMS 0x0000000584400000, 0x0000000584400000| Complete 
|1437|0x0000000584500000, 0x0000000584600000, 0x0000000584600000|100%| E|CS|TAMS 0x0000000584500000, 0x0000000584500000| Complete 
|1438|0x0000000584600000, 0x0000000584700000, 0x0000000584700000|100%| E|CS|TAMS 0x0000000584600000, 0x0000000584600000| Complete 
|1439|0x0000000584700000, 0x0000000584800000, 0x0000000584800000|100%| E|CS|TAMS 0x0000000584700000, 0x0000000584700000| Complete 
|1440|0x0000000584800000, 0x0000000584900000, 0x0000000584900000|100%| E|CS|TAMS 0x0000000584800000, 0x0000000584800000| Complete 
|1441|0x0000000584900000, 0x0000000584a00000, 0x0000000584a00000|100%| E|CS|TAMS 0x0000000584900000, 0x0000000584900000| Complete 
|1442|0x0000000584a00000, 0x0000000584b00000, 0x0000000584b00000|100%| E|CS|TAMS 0x0000000584a00000, 0x0000000584a00000| Complete 
|1443|0x0000000584b00000, 0x0000000584c00000, 0x0000000584c00000|100%| E|CS|TAMS 0x0000000584b00000, 0x0000000584b00000| Complete 
|1444|0x0000000584c00000, 0x0000000584d00000, 0x0000000584d00000|100%| E|CS|TAMS 0x0000000584c00000, 0x0000000584c00000| Complete 
|1445|0x0000000584d00000, 0x0000000584e00000, 0x0000000584e00000|100%| E|CS|TAMS 0x0000000584d00000, 0x0000000584d00000| Complete 
|1446|0x0000000584e00000, 0x0000000584f00000, 0x0000000584f00000|100%| E|CS|TAMS 0x0000000584e00000, 0x0000000584e00000| Complete 
|1447|0x0000000584f00000, 0x0000000585000000, 0x0000000585000000|100%| E|CS|TAMS 0x0000000584f00000, 0x0000000584f00000| Complete 
|1448|0x0000000585000000, 0x0000000585100000, 0x0000000585100000|100%| E|CS|TAMS 0x0000000585000000, 0x0000000585000000| Complete 
|1449|0x0000000585100000, 0x0000000585200000, 0x0000000585200000|100%| E|CS|TAMS 0x0000000585100000, 0x0000000585100000| Complete 
|1450|0x0000000585200000, 0x0000000585300000, 0x0000000585300000|100%| E|CS|TAMS 0x0000000585200000, 0x0000000585200000| Complete 
|1451|0x0000000585300000, 0x0000000585400000, 0x0000000585400000|100%| E|CS|TAMS 0x0000000585300000, 0x0000000585300000| Complete 
|1452|0x0000000585400000, 0x0000000585500000, 0x0000000585500000|100%| E|CS|TAMS 0x0000000585400000, 0x0000000585400000| Complete 
|1453|0x0000000585500000, 0x0000000585600000, 0x0000000585600000|100%| E|CS|TAMS 0x0000000585500000, 0x0000000585500000| Complete 
|1454|0x0000000585600000, 0x0000000585700000, 0x0000000585700000|100%| E|CS|TAMS 0x0000000585600000, 0x0000000585600000| Complete 
|1455|0x0000000585700000, 0x0000000585800000, 0x0000000585800000|100%| E|CS|TAMS 0x0000000585700000, 0x0000000585700000| Complete 
|1456|0x0000000585800000, 0x0000000585900000, 0x0000000585900000|100%| E|CS|TAMS 0x0000000585800000, 0x0000000585800000| Complete 
|1457|0x0000000585900000, 0x0000000585a00000, 0x0000000585a00000|100%| E|CS|TAMS 0x0000000585900000, 0x0000000585900000| Complete 
|1458|0x0000000585a00000, 0x0000000585b00000, 0x0000000585b00000|100%| E|CS|TAMS 0x0000000585a00000, 0x0000000585a00000| Complete 
|1459|0x0000000585b00000, 0x0000000585c00000, 0x0000000585c00000|100%| E|CS|TAMS 0x0000000585b00000, 0x0000000585b00000| Complete 
|1460|0x0000000585c00000, 0x0000000585d00000, 0x0000000585d00000|100%| E|CS|TAMS 0x0000000585c00000, 0x0000000585c00000| Complete 
|1461|0x0000000585d00000, 0x0000000585e00000, 0x0000000585e00000|100%| E|CS|TAMS 0x0000000585d00000, 0x0000000585d00000| Complete 
|1462|0x0000000585e00000, 0x0000000585f00000, 0x0000000585f00000|100%| E|CS|TAMS 0x0000000585e00000, 0x0000000585e00000| Complete 
|1463|0x0000000585f00000, 0x0000000586000000, 0x0000000586000000|100%| E|CS|TAMS 0x0000000585f00000, 0x0000000585f00000| Complete 
|1464|0x0000000586000000, 0x0000000586100000, 0x0000000586100000|100%| E|CS|TAMS 0x0000000586000000, 0x0000000586000000| Complete 
|1465|0x0000000586100000, 0x0000000586200000, 0x0000000586200000|100%| E|CS|TAMS 0x0000000586100000, 0x0000000586100000| Complete 
|1466|0x0000000586200000, 0x0000000586300000, 0x0000000586300000|100%| E|CS|TAMS 0x0000000586200000, 0x0000000586200000| Complete 
|1467|0x0000000586300000, 0x0000000586400000, 0x0000000586400000|100%| E|CS|TAMS 0x0000000586300000, 0x0000000586300000| Complete 
|1468|0x0000000586400000, 0x0000000586500000, 0x0000000586500000|100%| E|CS|TAMS 0x0000000586400000, 0x0000000586400000| Complete 
|1469|0x0000000586500000, 0x0000000586600000, 0x0000000586600000|100%| E|CS|TAMS 0x0000000586500000, 0x0000000586500000| Complete 
|1470|0x0000000586600000, 0x0000000586700000, 0x0000000586700000|100%| E|CS|TAMS 0x0000000586600000, 0x0000000586600000| Complete 
|1471|0x0000000586700000, 0x0000000586800000, 0x0000000586800000|100%| E|CS|TAMS 0x0000000586700000, 0x0000000586700000| Complete 
|1472|0x0000000586800000, 0x0000000586900000, 0x0000000586900000|100%| E|CS|TAMS 0x0000000586800000, 0x0000000586800000| Complete 
|1473|0x0000000586900000, 0x0000000586a00000, 0x0000000586a00000|100%| E|CS|TAMS 0x0000000586900000, 0x0000000586900000| Complete 
|1474|0x0000000586a00000, 0x0000000586b00000, 0x0000000586b00000|100%| E|CS|TAMS 0x0000000586a00000, 0x0000000586a00000| Complete 
|1475|0x0000000586b00000, 0x0000000586c00000, 0x0000000586c00000|100%| E|CS|TAMS 0x0000000586b00000, 0x0000000586b00000| Complete 
|1476|0x0000000586c00000, 0x0000000586d00000, 0x0000000586d00000|100%| E|CS|TAMS 0x0000000586c00000, 0x0000000586c00000| Complete 
|1477|0x0000000586d00000, 0x0000000586e00000, 0x0000000586e00000|100%| E|CS|TAMS 0x0000000586d00000, 0x0000000586d00000| Complete 
|1478|0x0000000586e00000, 0x0000000586f00000, 0x0000000586f00000|100%| E|CS|TAMS 0x0000000586e00000, 0x0000000586e00000| Complete 
|1479|0x0000000586f00000, 0x0000000587000000, 0x0000000587000000|100%| E|CS|TAMS 0x0000000586f00000, 0x0000000586f00000| Complete 
|1480|0x0000000587000000, 0x0000000587100000, 0x0000000587100000|100%| E|CS|TAMS 0x0000000587000000, 0x0000000587000000| Complete 
|1481|0x0000000587100000, 0x0000000587200000, 0x0000000587200000|100%| E|CS|TAMS 0x0000000587100000, 0x0000000587100000| Complete 
|1482|0x0000000587200000, 0x0000000587300000, 0x0000000587300000|100%| E|CS|TAMS 0x0000000587200000, 0x0000000587200000| Complete 
|1483|0x0000000587300000, 0x0000000587400000, 0x0000000587400000|100%| E|CS|TAMS 0x0000000587300000, 0x0000000587300000| Complete 
|1484|0x0000000587400000, 0x0000000587500000, 0x0000000587500000|100%| E|CS|TAMS 0x0000000587400000, 0x0000000587400000| Complete 
|1485|0x0000000587500000, 0x0000000587600000, 0x0000000587600000|100%| E|CS|TAMS 0x0000000587500000, 0x0000000587500000| Complete 
|1486|0x0000000587600000, 0x0000000587700000, 0x0000000587700000|100%| E|CS|TAMS 0x0000000587600000, 0x0000000587600000| Complete 
|1487|0x0000000587700000, 0x0000000587800000, 0x0000000587800000|100%| E|CS|TAMS 0x0000000587700000, 0x0000000587700000| Complete 
|1488|0x0000000587800000, 0x0000000587900000, 0x0000000587900000|100%| E|CS|TAMS 0x0000000587800000, 0x0000000587800000| Complete 
|1489|0x0000000587900000, 0x0000000587a00000, 0x0000000587a00000|100%| E|CS|TAMS 0x0000000587900000, 0x0000000587900000| Complete 
|1490|0x0000000587a00000, 0x0000000587b00000, 0x0000000587b00000|100%| E|CS|TAMS 0x0000000587a00000, 0x0000000587a00000| Complete 
|1491|0x0000000587b00000, 0x0000000587c00000, 0x0000000587c00000|100%| E|CS|TAMS 0x0000000587b00000, 0x0000000587b00000| Complete 
|1492|0x0000000587c00000, 0x0000000587d00000, 0x0000000587d00000|100%| E|CS|TAMS 0x0000000587c00000, 0x0000000587c00000| Complete 
|1493|0x0000000587d00000, 0x0000000587e00000, 0x0000000587e00000|100%| E|CS|TAMS 0x0000000587d00000, 0x0000000587d00000| Complete 
|1494|0x0000000587e00000, 0x0000000587f00000, 0x0000000587f00000|100%| E|CS|TAMS 0x0000000587e00000, 0x0000000587e00000| Complete 
|1495|0x0000000587f00000, 0x0000000588000000, 0x0000000588000000|100%| E|CS|TAMS 0x0000000587f00000, 0x0000000587f00000| Complete 
|1496|0x0000000588000000, 0x0000000588100000, 0x0000000588100000|100%| E|CS|TAMS 0x0000000588000000, 0x0000000588000000| Complete 
|1497|0x0000000588100000, 0x0000000588200000, 0x0000000588200000|100%| E|CS|TAMS 0x0000000588100000, 0x0000000588100000| Complete 
|1498|0x0000000588200000, 0x0000000588300000, 0x0000000588300000|100%| E|CS|TAMS 0x0000000588200000, 0x0000000588200000| Complete 
|1499|0x0000000588300000, 0x0000000588400000, 0x0000000588400000|100%| E|CS|TAMS 0x0000000588300000, 0x0000000588300000| Complete 
|1500|0x0000000588400000, 0x0000000588500000, 0x0000000588500000|100%| E|CS|TAMS 0x0000000588400000, 0x0000000588400000| Complete 
|1501|0x0000000588500000, 0x0000000588600000, 0x0000000588600000|100%| E|CS|TAMS 0x0000000588500000, 0x0000000588500000| Complete 
|1502|0x0000000588600000, 0x0000000588700000, 0x0000000588700000|100%| E|CS|TAMS 0x0000000588600000, 0x0000000588600000| Complete 
|1503|0x0000000588700000, 0x0000000588800000, 0x0000000588800000|100%| E|CS|TAMS 0x0000000588700000, 0x0000000588700000| Complete 
|1504|0x0000000588800000, 0x0000000588900000, 0x0000000588900000|100%| E|CS|TAMS 0x0000000588800000, 0x0000000588800000| Complete 
|1505|0x0000000588900000, 0x0000000588a00000, 0x0000000588a00000|100%| E|CS|TAMS 0x0000000588900000, 0x0000000588900000| Complete 
|1506|0x0000000588a00000, 0x0000000588b00000, 0x0000000588b00000|100%| E|CS|TAMS 0x0000000588a00000, 0x0000000588a00000| Complete 
|1507|0x0000000588b00000, 0x0000000588c00000, 0x0000000588c00000|100%| E|CS|TAMS 0x0000000588b00000, 0x0000000588b00000| Complete 
|1508|0x0000000588c00000, 0x0000000588d00000, 0x0000000588d00000|100%| E|CS|TAMS 0x0000000588c00000, 0x0000000588c00000| Complete 
|1509|0x0000000588d00000, 0x0000000588e00000, 0x0000000588e00000|100%| E|CS|TAMS 0x0000000588d00000, 0x0000000588d00000| Complete 
|1510|0x0000000588e00000, 0x0000000588f00000, 0x0000000588f00000|100%| E|CS|TAMS 0x0000000588e00000, 0x0000000588e00000| Complete 
|1511|0x0000000588f00000, 0x0000000589000000, 0x0000000589000000|100%| E|CS|TAMS 0x0000000588f00000, 0x0000000588f00000| Complete 
|1512|0x0000000589000000, 0x0000000589100000, 0x0000000589100000|100%| E|CS|TAMS 0x0000000589000000, 0x0000000589000000| Complete 
|1513|0x0000000589100000, 0x0000000589200000, 0x0000000589200000|100%| E|CS|TAMS 0x0000000589100000, 0x0000000589100000| Complete 
|1514|0x0000000589200000, 0x0000000589300000, 0x0000000589300000|100%| E|CS|TAMS 0x0000000589200000, 0x0000000589200000| Complete 
|1515|0x0000000589300000, 0x0000000589400000, 0x0000000589400000|100%| E|CS|TAMS 0x0000000589300000, 0x0000000589300000| Complete 
|1516|0x0000000589400000, 0x0000000589500000, 0x0000000589500000|100%| E|CS|TAMS 0x0000000589400000, 0x0000000589400000| Complete 
|1517|0x0000000589500000, 0x0000000589600000, 0x0000000589600000|100%| E|CS|TAMS 0x0000000589500000, 0x0000000589500000| Complete 
|1518|0x0000000589600000, 0x0000000589700000, 0x0000000589700000|100%| E|CS|TAMS 0x0000000589600000, 0x0000000589600000| Complete 
|1519|0x0000000589700000, 0x0000000589800000, 0x0000000589800000|100%| E|CS|TAMS 0x0000000589700000, 0x0000000589700000| Complete 
|1520|0x0000000589800000, 0x0000000589900000, 0x0000000589900000|100%| E|CS|TAMS 0x0000000589800000, 0x0000000589800000| Complete 
|1521|0x0000000589900000, 0x0000000589a00000, 0x0000000589a00000|100%| E|CS|TAMS 0x0000000589900000, 0x0000000589900000| Complete 
|1522|0x0000000589a00000, 0x0000000589b00000, 0x0000000589b00000|100%| E|CS|TAMS 0x0000000589a00000, 0x0000000589a00000| Complete 
|1523|0x0000000589b00000, 0x0000000589c00000, 0x0000000589c00000|100%| E|CS|TAMS 0x0000000589b00000, 0x0000000589b00000| Complete 
|1524|0x0000000589c00000, 0x0000000589d00000, 0x0000000589d00000|100%| E|CS|TAMS 0x0000000589c00000, 0x0000000589c00000| Complete 
|1525|0x0000000589d00000, 0x0000000589e00000, 0x0000000589e00000|100%| E|CS|TAMS 0x0000000589d00000, 0x0000000589d00000| Complete 
|1526|0x0000000589e00000, 0x0000000589f00000, 0x0000000589f00000|100%| E|CS|TAMS 0x0000000589e00000, 0x0000000589e00000| Complete 
|1527|0x0000000589f00000, 0x000000058a000000, 0x000000058a000000|100%| E|CS|TAMS 0x0000000589f00000, 0x0000000589f00000| Complete 
|1528|0x000000058a000000, 0x000000058a100000, 0x000000058a100000|100%| E|CS|TAMS 0x000000058a000000, 0x000000058a000000| Complete 
|1529|0x000000058a100000, 0x000000058a200000, 0x000000058a200000|100%| E|CS|TAMS 0x000000058a100000, 0x000000058a100000| Complete 
|1530|0x000000058a200000, 0x000000058a300000, 0x000000058a300000|100%| E|CS|TAMS 0x000000058a200000, 0x000000058a200000| Complete 
|1531|0x000000058a300000, 0x000000058a400000, 0x000000058a400000|100%| E|CS|TAMS 0x000000058a300000, 0x000000058a300000| Complete 
|1532|0x000000058a400000, 0x000000058a500000, 0x000000058a500000|100%| E|CS|TAMS 0x000000058a400000, 0x000000058a400000| Complete 
|1533|0x000000058a500000, 0x000000058a600000, 0x000000058a600000|100%| E|CS|TAMS 0x000000058a500000, 0x000000058a500000| Complete 
|1534|0x000000058a600000, 0x000000058a700000, 0x000000058a700000|100%| E|CS|TAMS 0x000000058a600000, 0x000000058a600000| Complete 
|1535|0x000000058a700000, 0x000000058a800000, 0x000000058a800000|100%| E|CS|TAMS 0x000000058a700000, 0x000000058a700000| Complete 
|1536|0x000000058a800000, 0x000000058a900000, 0x000000058a900000|100%| E|CS|TAMS 0x000000058a800000, 0x000000058a800000| Complete 
|1537|0x000000058a900000, 0x000000058aa00000, 0x000000058aa00000|100%| E|CS|TAMS 0x000000058a900000, 0x000000058a900000| Complete 
|1538|0x000000058aa00000, 0x000000058ab00000, 0x000000058ab00000|100%| E|CS|TAMS 0x000000058aa00000, 0x000000058aa00000| Complete 
|1539|0x000000058ab00000, 0x000000058ac00000, 0x000000058ac00000|100%| E|CS|TAMS 0x000000058ab00000, 0x000000058ab00000| Complete 
|1540|0x000000058ac00000, 0x000000058ad00000, 0x000000058ad00000|100%| E|CS|TAMS 0x000000058ac00000, 0x000000058ac00000| Complete 
|1541|0x000000058ad00000, 0x000000058ae00000, 0x000000058ae00000|100%| E|CS|TAMS 0x000000058ad00000, 0x000000058ad00000| Complete 
|1542|0x000000058ae00000, 0x000000058af00000, 0x000000058af00000|100%| E|CS|TAMS 0x000000058ae00000, 0x000000058ae00000| Complete 
|1543|0x000000058af00000, 0x000000058b000000, 0x000000058b000000|100%| E|CS|TAMS 0x000000058af00000, 0x000000058af00000| Complete 
|1544|0x000000058b000000, 0x000000058b100000, 0x000000058b100000|100%| E|CS|TAMS 0x000000058b000000, 0x000000058b000000| Complete 
|1545|0x000000058b100000, 0x000000058b200000, 0x000000058b200000|100%| E|CS|TAMS 0x000000058b100000, 0x000000058b100000| Complete 
|1546|0x000000058b200000, 0x000000058b300000, 0x000000058b300000|100%| E|CS|TAMS 0x000000058b200000, 0x000000058b200000| Complete 
|1547|0x000000058b300000, 0x000000058b400000, 0x000000058b400000|100%| E|CS|TAMS 0x000000058b300000, 0x000000058b300000| Complete 
|1548|0x000000058b400000, 0x000000058b500000, 0x000000058b500000|100%| E|CS|TAMS 0x000000058b400000, 0x000000058b400000| Complete 
|1549|0x000000058b500000, 0x000000058b600000, 0x000000058b600000|100%| E|CS|TAMS 0x000000058b500000, 0x000000058b500000| Complete 
|1550|0x000000058b600000, 0x000000058b700000, 0x000000058b700000|100%| E|CS|TAMS 0x000000058b600000, 0x000000058b600000| Complete 
|1551|0x000000058b700000, 0x000000058b800000, 0x000000058b800000|100%| E|CS|TAMS 0x000000058b700000, 0x000000058b700000| Complete 
|1552|0x000000058b800000, 0x000000058b900000, 0x000000058b900000|100%| E|CS|TAMS 0x000000058b800000, 0x000000058b800000| Complete 
|1553|0x000000058b900000, 0x000000058ba00000, 0x000000058ba00000|100%| E|CS|TAMS 0x000000058b900000, 0x000000058b900000| Complete 
|1554|0x000000058ba00000, 0x000000058bb00000, 0x000000058bb00000|100%| E|CS|TAMS 0x000000058ba00000, 0x000000058ba00000| Complete 
|1555|0x000000058bb00000, 0x000000058bc00000, 0x000000058bc00000|100%| E|CS|TAMS 0x000000058bb00000, 0x000000058bb00000| Complete 
|1556|0x000000058bc00000, 0x000000058bd00000, 0x000000058bd00000|100%| E|CS|TAMS 0x000000058bc00000, 0x000000058bc00000| Complete 
|1557|0x000000058bd00000, 0x000000058be00000, 0x000000058be00000|100%| E|CS|TAMS 0x000000058bd00000, 0x000000058bd00000| Complete 
|1558|0x000000058be00000, 0x000000058bf00000, 0x000000058bf00000|100%| E|CS|TAMS 0x000000058be00000, 0x000000058be00000| Complete 
|1559|0x000000058bf00000, 0x000000058c000000, 0x000000058c000000|100%| E|CS|TAMS 0x000000058bf00000, 0x000000058bf00000| Complete 
|1560|0x000000058c000000, 0x000000058c100000, 0x000000058c100000|100%| E|CS|TAMS 0x000000058c000000, 0x000000058c000000| Complete 
|1561|0x000000058c100000, 0x000000058c200000, 0x000000058c200000|100%| E|CS|TAMS 0x000000058c100000, 0x000000058c100000| Complete 
|1562|0x000000058c200000, 0x000000058c300000, 0x000000058c300000|100%| E|CS|TAMS 0x000000058c200000, 0x000000058c200000| Complete 
|1563|0x000000058c300000, 0x000000058c400000, 0x000000058c400000|100%| E|CS|TAMS 0x000000058c300000, 0x000000058c300000| Complete 
|1564|0x000000058c400000, 0x000000058c500000, 0x000000058c500000|100%| E|CS|TAMS 0x000000058c400000, 0x000000058c400000| Complete 
|1565|0x000000058c500000, 0x000000058c600000, 0x000000058c600000|100%| E|CS|TAMS 0x000000058c500000, 0x000000058c500000| Complete 
|1566|0x000000058c600000, 0x000000058c700000, 0x000000058c700000|100%| E|CS|TAMS 0x000000058c600000, 0x000000058c600000| Complete 
|1567|0x000000058c700000, 0x000000058c800000, 0x000000058c800000|100%| E|CS|TAMS 0x000000058c700000, 0x000000058c700000| Complete 
|1568|0x000000058c800000, 0x000000058c900000, 0x000000058c900000|100%| E|CS|TAMS 0x000000058c800000, 0x000000058c800000| Complete 
|1569|0x000000058c900000, 0x000000058ca00000, 0x000000058ca00000|100%| E|CS|TAMS 0x000000058c900000, 0x000000058c900000| Complete 
|1570|0x000000058ca00000, 0x000000058cb00000, 0x000000058cb00000|100%| E|CS|TAMS 0x000000058ca00000, 0x000000058ca00000| Complete 
|1571|0x000000058cb00000, 0x000000058cc00000, 0x000000058cc00000|100%| E|CS|TAMS 0x000000058cb00000, 0x000000058cb00000| Complete 
|1572|0x000000058cc00000, 0x000000058cd00000, 0x000000058cd00000|100%| E|CS|TAMS 0x000000058cc00000, 0x000000058cc00000| Complete 
|1573|0x000000058cd00000, 0x000000058ce00000, 0x000000058ce00000|100%| E|CS|TAMS 0x000000058cd00000, 0x000000058cd00000| Complete 
|1574|0x000000058ce00000, 0x000000058cf00000, 0x000000058cf00000|100%| E|CS|TAMS 0x000000058ce00000, 0x000000058ce00000| Complete 
|1575|0x000000058cf00000, 0x000000058d000000, 0x000000058d000000|100%| E|CS|TAMS 0x000000058cf00000, 0x000000058cf00000| Complete 
|1576|0x000000058d000000, 0x000000058d100000, 0x000000058d100000|100%| E|CS|TAMS 0x000000058d000000, 0x000000058d000000| Complete 
|1577|0x000000058d100000, 0x000000058d200000, 0x000000058d200000|100%| E|CS|TAMS 0x000000058d100000, 0x000000058d100000| Complete 
|1578|0x000000058d200000, 0x000000058d300000, 0x000000058d300000|100%| E|CS|TAMS 0x000000058d200000, 0x000000058d200000| Complete 
|1579|0x000000058d300000, 0x000000058d400000, 0x000000058d400000|100%| E|CS|TAMS 0x000000058d300000, 0x000000058d300000| Complete 
|1580|0x000000058d400000, 0x000000058d500000, 0x000000058d500000|100%| E|CS|TAMS 0x000000058d400000, 0x000000058d400000| Complete 
|1581|0x000000058d500000, 0x000000058d600000, 0x000000058d600000|100%| E|CS|TAMS 0x000000058d500000, 0x000000058d500000| Complete 
|1582|0x000000058d600000, 0x000000058d700000, 0x000000058d700000|100%| E|CS|TAMS 0x000000058d600000, 0x000000058d600000| Complete 
|1583|0x000000058d700000, 0x000000058d800000, 0x000000058d800000|100%| E|CS|TAMS 0x000000058d700000, 0x000000058d700000| Complete 
|1584|0x000000058d800000, 0x000000058d900000, 0x000000058d900000|100%| E|CS|TAMS 0x000000058d800000, 0x000000058d800000| Complete 
|1585|0x000000058d900000, 0x000000058da00000, 0x000000058da00000|100%| E|CS|TAMS 0x000000058d900000, 0x000000058d900000| Complete 
|1586|0x000000058da00000, 0x000000058db00000, 0x000000058db00000|100%| E|CS|TAMS 0x000000058da00000, 0x000000058da00000| Complete 
|1587|0x000000058db00000, 0x000000058dc00000, 0x000000058dc00000|100%| E|CS|TAMS 0x000000058db00000, 0x000000058db00000| Complete 
|1588|0x000000058dc00000, 0x000000058dd00000, 0x000000058dd00000|100%| E|CS|TAMS 0x000000058dc00000, 0x000000058dc00000| Complete 
|1589|0x000000058dd00000, 0x000000058de00000, 0x000000058de00000|100%| E|CS|TAMS 0x000000058dd00000, 0x000000058dd00000| Complete 
|1590|0x000000058de00000, 0x000000058df00000, 0x000000058df00000|100%| E|CS|TAMS 0x000000058de00000, 0x000000058de00000| Complete 
|1591|0x000000058df00000, 0x000000058e000000, 0x000000058e000000|100%| E|CS|TAMS 0x000000058df00000, 0x000000058df00000| Complete 
|1592|0x000000058e000000, 0x000000058e100000, 0x000000058e100000|100%| E|CS|TAMS 0x000000058e000000, 0x000000058e000000| Complete 
|1593|0x000000058e100000, 0x000000058e200000, 0x000000058e200000|100%| E|CS|TAMS 0x000000058e100000, 0x000000058e100000| Complete 
|1594|0x000000058e200000, 0x000000058e300000, 0x000000058e300000|100%| E|CS|TAMS 0x000000058e200000, 0x000000058e200000| Complete 
|1595|0x000000058e300000, 0x000000058e400000, 0x000000058e400000|100%| E|CS|TAMS 0x000000058e300000, 0x000000058e300000| Complete 
|1596|0x000000058e400000, 0x000000058e500000, 0x000000058e500000|100%| E|CS|TAMS 0x000000058e400000, 0x000000058e400000| Complete 
|1597|0x000000058e500000, 0x000000058e600000, 0x000000058e600000|100%| E|CS|TAMS 0x000000058e500000, 0x000000058e500000| Complete 
|1598|0x000000058e600000, 0x000000058e700000, 0x000000058e700000|100%| E|CS|TAMS 0x000000058e600000, 0x000000058e600000| Complete 
|1599|0x000000058e700000, 0x000000058e800000, 0x000000058e800000|100%| E|CS|TAMS 0x000000058e700000, 0x000000058e700000| Complete 
|1600|0x000000058e800000, 0x000000058e900000, 0x000000058e900000|100%| E|CS|TAMS 0x000000058e800000, 0x000000058e800000| Complete 
|1601|0x000000058e900000, 0x000000058ea00000, 0x000000058ea00000|100%| E|CS|TAMS 0x000000058e900000, 0x000000058e900000| Complete 
|1602|0x000000058ea00000, 0x000000058eb00000, 0x000000058eb00000|100%| E|CS|TAMS 0x000000058ea00000, 0x000000058ea00000| Complete 
|1603|0x000000058eb00000, 0x000000058ec00000, 0x000000058ec00000|100%| E|CS|TAMS 0x000000058eb00000, 0x000000058eb00000| Complete 
|1604|0x000000058ec00000, 0x000000058ed00000, 0x000000058ed00000|100%| E|CS|TAMS 0x000000058ec00000, 0x000000058ec00000| Complete 
|1605|0x000000058ed00000, 0x000000058ee00000, 0x000000058ee00000|100%| E|CS|TAMS 0x000000058ed00000, 0x000000058ed00000| Complete 
|1606|0x000000058ee00000, 0x000000058ef00000, 0x000000058ef00000|100%| E|CS|TAMS 0x000000058ee00000, 0x000000058ee00000| Complete 
|1607|0x000000058ef00000, 0x000000058f000000, 0x000000058f000000|100%| E|CS|TAMS 0x000000058ef00000, 0x000000058ef00000| Complete 
|1608|0x000000058f000000, 0x000000058f100000, 0x000000058f100000|100%| E|CS|TAMS 0x000000058f000000, 0x000000058f000000| Complete 
|1609|0x000000058f100000, 0x000000058f200000, 0x000000058f200000|100%| E|CS|TAMS 0x000000058f100000, 0x000000058f100000| Complete 
|1610|0x000000058f200000, 0x000000058f300000, 0x000000058f300000|100%| E|CS|TAMS 0x000000058f200000, 0x000000058f200000| Complete 
|1611|0x000000058f300000, 0x000000058f400000, 0x000000058f400000|100%| E|CS|TAMS 0x000000058f300000, 0x000000058f300000| Complete 
|1612|0x000000058f400000, 0x000000058f500000, 0x000000058f500000|100%| E|CS|TAMS 0x000000058f400000, 0x000000058f400000| Complete 
|1613|0x000000058f500000, 0x000000058f600000, 0x000000058f600000|100%| E|CS|TAMS 0x000000058f500000, 0x000000058f500000| Complete 
|1614|0x000000058f600000, 0x000000058f700000, 0x000000058f700000|100%| E|CS|TAMS 0x000000058f600000, 0x000000058f600000| Complete 
|1615|0x000000058f700000, 0x000000058f800000, 0x000000058f800000|100%| E|CS|TAMS 0x000000058f700000, 0x000000058f700000| Complete 
|1616|0x000000058f800000, 0x000000058f900000, 0x000000058f900000|100%| E|CS|TAMS 0x000000058f800000, 0x000000058f800000| Complete 
|1617|0x000000058f900000, 0x000000058fa00000, 0x000000058fa00000|100%| E|CS|TAMS 0x000000058f900000, 0x000000058f900000| Complete 
|1618|0x000000058fa00000, 0x000000058fb00000, 0x000000058fb00000|100%| E|CS|TAMS 0x000000058fa00000, 0x000000058fa00000| Complete 
|1619|0x000000058fb00000, 0x000000058fc00000, 0x000000058fc00000|100%| E|CS|TAMS 0x000000058fb00000, 0x000000058fb00000| Complete 
|1620|0x000000058fc00000, 0x000000058fd00000, 0x000000058fd00000|100%| E|CS|TAMS 0x000000058fc00000, 0x000000058fc00000| Complete 
|1621|0x000000058fd00000, 0x000000058fe00000, 0x000000058fe00000|100%| E|CS|TAMS 0x000000058fd00000, 0x000000058fd00000| Complete 
|1622|0x000000058fe00000, 0x000000058ff00000, 0x000000058ff00000|100%| E|CS|TAMS 0x000000058fe00000, 0x000000058fe00000| Complete 
|1623|0x000000058ff00000, 0x0000000590000000, 0x0000000590000000|100%| E|CS|TAMS 0x000000058ff00000, 0x000000058ff00000| Complete 
|1624|0x0000000590000000, 0x0000000590100000, 0x0000000590100000|100%| E|CS|TAMS 0x0000000590000000, 0x0000000590000000| Complete 
|1625|0x0000000590100000, 0x0000000590200000, 0x0000000590200000|100%| E|CS|TAMS 0x0000000590100000, 0x0000000590100000| Complete 
|1626|0x0000000590200000, 0x0000000590300000, 0x0000000590300000|100%| E|CS|TAMS 0x0000000590200000, 0x0000000590200000| Complete 
|1627|0x0000000590300000, 0x0000000590400000, 0x0000000590400000|100%| E|CS|TAMS 0x0000000590300000, 0x0000000590300000| Complete 
|1628|0x0000000590400000, 0x0000000590500000, 0x0000000590500000|100%| E|CS|TAMS 0x0000000590400000, 0x0000000590400000| Complete 
|1629|0x0000000590500000, 0x0000000590600000, 0x0000000590600000|100%| E|CS|TAMS 0x0000000590500000, 0x0000000590500000| Complete 
|1630|0x0000000590600000, 0x0000000590700000, 0x0000000590700000|100%| E|CS|TAMS 0x0000000590600000, 0x0000000590600000| Complete 
|1631|0x0000000590700000, 0x0000000590800000, 0x0000000590800000|100%| E|CS|TAMS 0x0000000590700000, 0x0000000590700000| Complete 
|1632|0x0000000590800000, 0x0000000590900000, 0x0000000590900000|100%| E|CS|TAMS 0x0000000590800000, 0x0000000590800000| Complete 
|1633|0x0000000590900000, 0x0000000590a00000, 0x0000000590a00000|100%| E|CS|TAMS 0x0000000590900000, 0x0000000590900000| Complete 
|1634|0x0000000590a00000, 0x0000000590b00000, 0x0000000590b00000|100%| E|CS|TAMS 0x0000000590a00000, 0x0000000590a00000| Complete 
|1635|0x0000000590b00000, 0x0000000590c00000, 0x0000000590c00000|100%| E|CS|TAMS 0x0000000590b00000, 0x0000000590b00000| Complete 
|1636|0x0000000590c00000, 0x0000000590d00000, 0x0000000590d00000|100%| E|CS|TAMS 0x0000000590c00000, 0x0000000590c00000| Complete 
|1637|0x0000000590d00000, 0x0000000590e00000, 0x0000000590e00000|100%| E|CS|TAMS 0x0000000590d00000, 0x0000000590d00000| Complete 
|1638|0x0000000590e00000, 0x0000000590f00000, 0x0000000590f00000|100%| E|CS|TAMS 0x0000000590e00000, 0x0000000590e00000| Complete 
|1639|0x0000000590f00000, 0x0000000591000000, 0x0000000591000000|100%| E|CS|TAMS 0x0000000590f00000, 0x0000000590f00000| Complete 
|1640|0x0000000591000000, 0x0000000591100000, 0x0000000591100000|100%| E|CS|TAMS 0x0000000591000000, 0x0000000591000000| Complete 
|1641|0x0000000591100000, 0x0000000591200000, 0x0000000591200000|100%| E|CS|TAMS 0x0000000591100000, 0x0000000591100000| Complete 
|1642|0x0000000591200000, 0x0000000591300000, 0x0000000591300000|100%| E|CS|TAMS 0x0000000591200000, 0x0000000591200000| Complete 
|1643|0x0000000591300000, 0x0000000591400000, 0x0000000591400000|100%| E|CS|TAMS 0x0000000591300000, 0x0000000591300000| Complete 
|1644|0x0000000591400000, 0x0000000591500000, 0x0000000591500000|100%| E|CS|TAMS 0x0000000591400000, 0x0000000591400000| Complete 
|1645|0x0000000591500000, 0x0000000591600000, 0x0000000591600000|100%| E|CS|TAMS 0x0000000591500000, 0x0000000591500000| Complete 
|1646|0x0000000591600000, 0x0000000591700000, 0x0000000591700000|100%| E|CS|TAMS 0x0000000591600000, 0x0000000591600000| Complete 
|1647|0x0000000591700000, 0x0000000591800000, 0x0000000591800000|100%| E|CS|TAMS 0x0000000591700000, 0x0000000591700000| Complete 
|1648|0x0000000591800000, 0x0000000591900000, 0x0000000591900000|100%| E|CS|TAMS 0x0000000591800000, 0x0000000591800000| Complete 
|1649|0x0000000591900000, 0x0000000591a00000, 0x0000000591a00000|100%| E|CS|TAMS 0x0000000591900000, 0x0000000591900000| Complete 
|1650|0x0000000591a00000, 0x0000000591b00000, 0x0000000591b00000|100%| E|CS|TAMS 0x0000000591a00000, 0x0000000591a00000| Complete 
|1651|0x0000000591b00000, 0x0000000591c00000, 0x0000000591c00000|100%| E|CS|TAMS 0x0000000591b00000, 0x0000000591b00000| Complete 
|1652|0x0000000591c00000, 0x0000000591d00000, 0x0000000591d00000|100%| E|CS|TAMS 0x0000000591c00000, 0x0000000591c00000| Complete 
|1653|0x0000000591d00000, 0x0000000591e00000, 0x0000000591e00000|100%| E|CS|TAMS 0x0000000591d00000, 0x0000000591d00000| Complete 
|1654|0x0000000591e00000, 0x0000000591f00000, 0x0000000591f00000|100%| E|CS|TAMS 0x0000000591e00000, 0x0000000591e00000| Complete 
|1655|0x0000000591f00000, 0x0000000592000000, 0x0000000592000000|100%| E|CS|TAMS 0x0000000591f00000, 0x0000000591f00000| Complete 
|1656|0x0000000592000000, 0x0000000592100000, 0x0000000592100000|100%| E|CS|TAMS 0x0000000592000000, 0x0000000592000000| Complete 
|1657|0x0000000592100000, 0x0000000592200000, 0x0000000592200000|100%| E|CS|TAMS 0x0000000592100000, 0x0000000592100000| Complete 
|1658|0x0000000592200000, 0x0000000592300000, 0x0000000592300000|100%| E|CS|TAMS 0x0000000592200000, 0x0000000592200000| Complete 
|1659|0x0000000592300000, 0x0000000592400000, 0x0000000592400000|100%| E|CS|TAMS 0x0000000592300000, 0x0000000592300000| Complete 
|1660|0x0000000592400000, 0x0000000592500000, 0x0000000592500000|100%| E|CS|TAMS 0x0000000592400000, 0x0000000592400000| Complete 
|1661|0x0000000592500000, 0x0000000592600000, 0x0000000592600000|100%| E|CS|TAMS 0x0000000592500000, 0x0000000592500000| Complete 
|1662|0x0000000592600000, 0x0000000592700000, 0x0000000592700000|100%| E|CS|TAMS 0x0000000592600000, 0x0000000592600000| Complete 
|1663|0x0000000592700000, 0x0000000592800000, 0x0000000592800000|100%| E|CS|TAMS 0x0000000592700000, 0x0000000592700000| Complete 
|1664|0x0000000592800000, 0x0000000592900000, 0x0000000592900000|100%| E|CS|TAMS 0x0000000592800000, 0x0000000592800000| Complete 
|1665|0x0000000592900000, 0x0000000592a00000, 0x0000000592a00000|100%| E|CS|TAMS 0x0000000592900000, 0x0000000592900000| Complete 
|1666|0x0000000592a00000, 0x0000000592b00000, 0x0000000592b00000|100%| E|CS|TAMS 0x0000000592a00000, 0x0000000592a00000| Complete 
|1667|0x0000000592b00000, 0x0000000592c00000, 0x0000000592c00000|100%| E|CS|TAMS 0x0000000592b00000, 0x0000000592b00000| Complete 
|1668|0x0000000592c00000, 0x0000000592d00000, 0x0000000592d00000|100%| E|CS|TAMS 0x0000000592c00000, 0x0000000592c00000| Complete 
|1669|0x0000000592d00000, 0x0000000592e00000, 0x0000000592e00000|100%| E|CS|TAMS 0x0000000592d00000, 0x0000000592d00000| Complete 
|1670|0x0000000592e00000, 0x0000000592f00000, 0x0000000592f00000|100%| E|CS|TAMS 0x0000000592e00000, 0x0000000592e00000| Complete 
|1671|0x0000000592f00000, 0x0000000593000000, 0x0000000593000000|100%| E|CS|TAMS 0x0000000592f00000, 0x0000000592f00000| Complete 
|1672|0x0000000593000000, 0x0000000593100000, 0x0000000593100000|100%| E|CS|TAMS 0x0000000593000000, 0x0000000593000000| Complete 
|1673|0x0000000593100000, 0x0000000593200000, 0x0000000593200000|100%| E|CS|TAMS 0x0000000593100000, 0x0000000593100000| Complete 
|1674|0x0000000593200000, 0x0000000593300000, 0x0000000593300000|100%| E|CS|TAMS 0x0000000593200000, 0x0000000593200000| Complete 
|1675|0x0000000593300000, 0x0000000593400000, 0x0000000593400000|100%| E|CS|TAMS 0x0000000593300000, 0x0000000593300000| Complete 
|1676|0x0000000593400000, 0x0000000593500000, 0x0000000593500000|100%| E|CS|TAMS 0x0000000593400000, 0x0000000593400000| Complete 
|1677|0x0000000593500000, 0x0000000593600000, 0x0000000593600000|100%| E|CS|TAMS 0x0000000593500000, 0x0000000593500000| Complete 
|1678|0x0000000593600000, 0x0000000593700000, 0x0000000593700000|100%| E|CS|TAMS 0x0000000593600000, 0x0000000593600000| Complete 
|1679|0x0000000593700000, 0x0000000593800000, 0x0000000593800000|100%| E|CS|TAMS 0x0000000593700000, 0x0000000593700000| Complete 
|1680|0x0000000593800000, 0x0000000593900000, 0x0000000593900000|100%| E|CS|TAMS 0x0000000593800000, 0x0000000593800000| Complete 
|1681|0x0000000593900000, 0x0000000593a00000, 0x0000000593a00000|100%| E|CS|TAMS 0x0000000593900000, 0x0000000593900000| Complete 
|1682|0x0000000593a00000, 0x0000000593b00000, 0x0000000593b00000|100%| E|CS|TAMS 0x0000000593a00000, 0x0000000593a00000| Complete 
|1683|0x0000000593b00000, 0x0000000593c00000, 0x0000000593c00000|100%| E|CS|TAMS 0x0000000593b00000, 0x0000000593b00000| Complete 
|1684|0x0000000593c00000, 0x0000000593d00000, 0x0000000593d00000|100%| E|CS|TAMS 0x0000000593c00000, 0x0000000593c00000| Complete 
|1685|0x0000000593d00000, 0x0000000593e00000, 0x0000000593e00000|100%| E|CS|TAMS 0x0000000593d00000, 0x0000000593d00000| Complete 
|1686|0x0000000593e00000, 0x0000000593f00000, 0x0000000593f00000|100%| E|CS|TAMS 0x0000000593e00000, 0x0000000593e00000| Complete 
|1687|0x0000000593f00000, 0x0000000594000000, 0x0000000594000000|100%| E|CS|TAMS 0x0000000593f00000, 0x0000000593f00000| Complete 
|1688|0x0000000594000000, 0x0000000594100000, 0x0000000594100000|100%| E|CS|TAMS 0x0000000594000000, 0x0000000594000000| Complete 
|1689|0x0000000594100000, 0x0000000594200000, 0x0000000594200000|100%| E|CS|TAMS 0x0000000594100000, 0x0000000594100000| Complete 
|1690|0x0000000594200000, 0x0000000594300000, 0x0000000594300000|100%| E|CS|TAMS 0x0000000594200000, 0x0000000594200000| Complete 
|1691|0x0000000594300000, 0x0000000594400000, 0x0000000594400000|100%| E|CS|TAMS 0x0000000594300000, 0x0000000594300000| Complete 
|1692|0x0000000594400000, 0x0000000594500000, 0x0000000594500000|100%| E|CS|TAMS 0x0000000594400000, 0x0000000594400000| Complete 
|1693|0x0000000594500000, 0x0000000594600000, 0x0000000594600000|100%| E|CS|TAMS 0x0000000594500000, 0x0000000594500000| Complete 
|1694|0x0000000594600000, 0x0000000594700000, 0x0000000594700000|100%| E|CS|TAMS 0x0000000594600000, 0x0000000594600000| Complete 
|1695|0x0000000594700000, 0x0000000594800000, 0x0000000594800000|100%| E|CS|TAMS 0x0000000594700000, 0x0000000594700000| Complete 
|1696|0x0000000594800000, 0x0000000594900000, 0x0000000594900000|100%| E|CS|TAMS 0x0000000594800000, 0x0000000594800000| Complete 
|1697|0x0000000594900000, 0x0000000594a00000, 0x0000000594a00000|100%| E|CS|TAMS 0x0000000594900000, 0x0000000594900000| Complete 
|1698|0x0000000594a00000, 0x0000000594b00000, 0x0000000594b00000|100%| E|CS|TAMS 0x0000000594a00000, 0x0000000594a00000| Complete 
|1699|0x0000000594b00000, 0x0000000594c00000, 0x0000000594c00000|100%| E|CS|TAMS 0x0000000594b00000, 0x0000000594b00000| Complete 
|1700|0x0000000594c00000, 0x0000000594d00000, 0x0000000594d00000|100%| E|CS|TAMS 0x0000000594c00000, 0x0000000594c00000| Complete 
|1701|0x0000000594d00000, 0x0000000594e00000, 0x0000000594e00000|100%| E|CS|TAMS 0x0000000594d00000, 0x0000000594d00000| Complete 
|1702|0x0000000594e00000, 0x0000000594f00000, 0x0000000594f00000|100%| E|CS|TAMS 0x0000000594e00000, 0x0000000594e00000| Complete 
|1703|0x0000000594f00000, 0x0000000595000000, 0x0000000595000000|100%| E|CS|TAMS 0x0000000594f00000, 0x0000000594f00000| Complete 
|1704|0x0000000595000000, 0x0000000595100000, 0x0000000595100000|100%| E|CS|TAMS 0x0000000595000000, 0x0000000595000000| Complete 
|1705|0x0000000595100000, 0x0000000595200000, 0x0000000595200000|100%| E|CS|TAMS 0x0000000595100000, 0x0000000595100000| Complete 
|1706|0x0000000595200000, 0x0000000595300000, 0x0000000595300000|100%| E|CS|TAMS 0x0000000595200000, 0x0000000595200000| Complete 
|1707|0x0000000595300000, 0x0000000595400000, 0x0000000595400000|100%| E|CS|TAMS 0x0000000595300000, 0x0000000595300000| Complete 
|1708|0x0000000595400000, 0x0000000595500000, 0x0000000595500000|100%| E|CS|TAMS 0x0000000595400000, 0x0000000595400000| Complete 
|1709|0x0000000595500000, 0x0000000595600000, 0x0000000595600000|100%| E|CS|TAMS 0x0000000595500000, 0x0000000595500000| Complete 
|1710|0x0000000595600000, 0x0000000595700000, 0x0000000595700000|100%| E|CS|TAMS 0x0000000595600000, 0x0000000595600000| Complete 
|1711|0x0000000595700000, 0x0000000595800000, 0x0000000595800000|100%| E|CS|TAMS 0x0000000595700000, 0x0000000595700000| Complete 
|1712|0x0000000595800000, 0x0000000595900000, 0x0000000595900000|100%| E|CS|TAMS 0x0000000595800000, 0x0000000595800000| Complete 
|1713|0x0000000595900000, 0x0000000595a00000, 0x0000000595a00000|100%| E|CS|TAMS 0x0000000595900000, 0x0000000595900000| Complete 
|1714|0x0000000595a00000, 0x0000000595b00000, 0x0000000595b00000|100%| E|CS|TAMS 0x0000000595a00000, 0x0000000595a00000| Complete 
|1715|0x0000000595b00000, 0x0000000595c00000, 0x0000000595c00000|100%| E|CS|TAMS 0x0000000595b00000, 0x0000000595b00000| Complete 
|1716|0x0000000595c00000, 0x0000000595d00000, 0x0000000595d00000|100%| E|CS|TAMS 0x0000000595c00000, 0x0000000595c00000| Complete 
|1717|0x0000000595d00000, 0x0000000595e00000, 0x0000000595e00000|100%| E|CS|TAMS 0x0000000595d00000, 0x0000000595d00000| Complete 
|1718|0x0000000595e00000, 0x0000000595f00000, 0x0000000595f00000|100%| E|CS|TAMS 0x0000000595e00000, 0x0000000595e00000| Complete 
|1719|0x0000000595f00000, 0x0000000596000000, 0x0000000596000000|100%| E|CS|TAMS 0x0000000595f00000, 0x0000000595f00000| Complete 
|1720|0x0000000596000000, 0x0000000596100000, 0x0000000596100000|100%| E|CS|TAMS 0x0000000596000000, 0x0000000596000000| Complete 
|1721|0x0000000596100000, 0x0000000596200000, 0x0000000596200000|100%| E|CS|TAMS 0x0000000596100000, 0x0000000596100000| Complete 
|1722|0x0000000596200000, 0x0000000596300000, 0x0000000596300000|100%| E|CS|TAMS 0x0000000596200000, 0x0000000596200000| Complete 
|1723|0x0000000596300000, 0x0000000596400000, 0x0000000596400000|100%| E|CS|TAMS 0x0000000596300000, 0x0000000596300000| Complete 
|1724|0x0000000596400000, 0x0000000596500000, 0x0000000596500000|100%| E|CS|TAMS 0x0000000596400000, 0x0000000596400000| Complete 
|1725|0x0000000596500000, 0x0000000596600000, 0x0000000596600000|100%| E|CS|TAMS 0x0000000596500000, 0x0000000596500000| Complete 
|1726|0x0000000596600000, 0x0000000596700000, 0x0000000596700000|100%| E|CS|TAMS 0x0000000596600000, 0x0000000596600000| Complete 
|1727|0x0000000596700000, 0x0000000596800000, 0x0000000596800000|100%| E|CS|TAMS 0x0000000596700000, 0x0000000596700000| Complete 
|1728|0x0000000596800000, 0x0000000596900000, 0x0000000596900000|100%| E|CS|TAMS 0x0000000596800000, 0x0000000596800000| Complete 
|1729|0x0000000596900000, 0x0000000596a00000, 0x0000000596a00000|100%| E|CS|TAMS 0x0000000596900000, 0x0000000596900000| Complete 
|1730|0x0000000596a00000, 0x0000000596b00000, 0x0000000596b00000|100%| E|CS|TAMS 0x0000000596a00000, 0x0000000596a00000| Complete 
|1731|0x0000000596b00000, 0x0000000596c00000, 0x0000000596c00000|100%| E|CS|TAMS 0x0000000596b00000, 0x0000000596b00000| Complete 
|1732|0x0000000596c00000, 0x0000000596d00000, 0x0000000596d00000|100%| E|CS|TAMS 0x0000000596c00000, 0x0000000596c00000| Complete 
|1733|0x0000000596d00000, 0x0000000596e00000, 0x0000000596e00000|100%| E|CS|TAMS 0x0000000596d00000, 0x0000000596d00000| Complete 
|1734|0x0000000596e00000, 0x0000000596f00000, 0x0000000596f00000|100%| E|CS|TAMS 0x0000000596e00000, 0x0000000596e00000| Complete 
|1735|0x0000000596f00000, 0x0000000597000000, 0x0000000597000000|100%| E|CS|TAMS 0x0000000596f00000, 0x0000000596f00000| Complete 
|1736|0x0000000597000000, 0x0000000597100000, 0x0000000597100000|100%| E|CS|TAMS 0x0000000597000000, 0x0000000597000000| Complete 
|1737|0x0000000597100000, 0x0000000597200000, 0x0000000597200000|100%| E|CS|TAMS 0x0000000597100000, 0x0000000597100000| Complete 
|1738|0x0000000597200000, 0x0000000597300000, 0x0000000597300000|100%| E|CS|TAMS 0x0000000597200000, 0x0000000597200000| Complete 
|1739|0x0000000597300000, 0x0000000597400000, 0x0000000597400000|100%| E|CS|TAMS 0x0000000597300000, 0x0000000597300000| Complete 
|1740|0x0000000597400000, 0x0000000597500000, 0x0000000597500000|100%| E|CS|TAMS 0x0000000597400000, 0x0000000597400000| Complete 
|1741|0x0000000597500000, 0x0000000597600000, 0x0000000597600000|100%| E|CS|TAMS 0x0000000597500000, 0x0000000597500000| Complete 
|1742|0x0000000597600000, 0x0000000597700000, 0x0000000597700000|100%| E|CS|TAMS 0x0000000597600000, 0x0000000597600000| Complete 
|1743|0x0000000597700000, 0x0000000597800000, 0x0000000597800000|100%| E|CS|TAMS 0x0000000597700000, 0x0000000597700000| Complete 
|1744|0x0000000597800000, 0x0000000597900000, 0x0000000597900000|100%| E|CS|TAMS 0x0000000597800000, 0x0000000597800000| Complete 
|1745|0x0000000597900000, 0x0000000597a00000, 0x0000000597a00000|100%| E|CS|TAMS 0x0000000597900000, 0x0000000597900000| Complete 
|1746|0x0000000597a00000, 0x0000000597b00000, 0x0000000597b00000|100%| E|CS|TAMS 0x0000000597a00000, 0x0000000597a00000| Complete 
|1747|0x0000000597b00000, 0x0000000597c00000, 0x0000000597c00000|100%| E|CS|TAMS 0x0000000597b00000, 0x0000000597b00000| Complete 
|1748|0x0000000597c00000, 0x0000000597d00000, 0x0000000597d00000|100%| E|CS|TAMS 0x0000000597c00000, 0x0000000597c00000| Complete 
|1749|0x0000000597d00000, 0x0000000597e00000, 0x0000000597e00000|100%| E|CS|TAMS 0x0000000597d00000, 0x0000000597d00000| Complete 
|1750|0x0000000597e00000, 0x0000000597f00000, 0x0000000597f00000|100%| E|CS|TAMS 0x0000000597e00000, 0x0000000597e00000| Complete 
|1751|0x0000000597f00000, 0x0000000598000000, 0x0000000598000000|100%| E|CS|TAMS 0x0000000597f00000, 0x0000000597f00000| Complete 
|1752|0x0000000598000000, 0x0000000598100000, 0x0000000598100000|100%| E|CS|TAMS 0x0000000598000000, 0x0000000598000000| Complete 
|1753|0x0000000598100000, 0x0000000598200000, 0x0000000598200000|100%| E|CS|TAMS 0x0000000598100000, 0x0000000598100000| Complete 
|1754|0x0000000598200000, 0x0000000598300000, 0x0000000598300000|100%| E|CS|TAMS 0x0000000598200000, 0x0000000598200000| Complete 
|1755|0x0000000598300000, 0x0000000598400000, 0x0000000598400000|100%| E|CS|TAMS 0x0000000598300000, 0x0000000598300000| Complete 
|1756|0x0000000598400000, 0x0000000598500000, 0x0000000598500000|100%| E|CS|TAMS 0x0000000598400000, 0x0000000598400000| Complete 
|1757|0x0000000598500000, 0x0000000598600000, 0x0000000598600000|100%| E|CS|TAMS 0x0000000598500000, 0x0000000598500000| Complete 
|1758|0x0000000598600000, 0x0000000598700000, 0x0000000598700000|100%| E|CS|TAMS 0x0000000598600000, 0x0000000598600000| Complete 
|1759|0x0000000598700000, 0x0000000598800000, 0x0000000598800000|100%| E|CS|TAMS 0x0000000598700000, 0x0000000598700000| Complete 
|1760|0x0000000598800000, 0x0000000598900000, 0x0000000598900000|100%| E|CS|TAMS 0x0000000598800000, 0x0000000598800000| Complete 
|1761|0x0000000598900000, 0x0000000598a00000, 0x0000000598a00000|100%| E|CS|TAMS 0x0000000598900000, 0x0000000598900000| Complete 
|1762|0x0000000598a00000, 0x0000000598b00000, 0x0000000598b00000|100%| E|CS|TAMS 0x0000000598a00000, 0x0000000598a00000| Complete 
|1763|0x0000000598b00000, 0x0000000598c00000, 0x0000000598c00000|100%| E|CS|TAMS 0x0000000598b00000, 0x0000000598b00000| Complete 
|1764|0x0000000598c00000, 0x0000000598d00000, 0x0000000598d00000|100%| E|CS|TAMS 0x0000000598c00000, 0x0000000598c00000| Complete 
|1765|0x0000000598d00000, 0x0000000598e00000, 0x0000000598e00000|100%| E|CS|TAMS 0x0000000598d00000, 0x0000000598d00000| Complete 
|1766|0x0000000598e00000, 0x0000000598f00000, 0x0000000598f00000|100%| E|CS|TAMS 0x0000000598e00000, 0x0000000598e00000| Complete 
|1767|0x0000000598f00000, 0x0000000599000000, 0x0000000599000000|100%| E|CS|TAMS 0x0000000598f00000, 0x0000000598f00000| Complete 
|1768|0x0000000599000000, 0x0000000599100000, 0x0000000599100000|100%| E|CS|TAMS 0x0000000599000000, 0x0000000599000000| Complete 
|1769|0x0000000599100000, 0x0000000599200000, 0x0000000599200000|100%| E|CS|TAMS 0x0000000599100000, 0x0000000599100000| Complete 
|1770|0x0000000599200000, 0x0000000599300000, 0x0000000599300000|100%| E|CS|TAMS 0x0000000599200000, 0x0000000599200000| Complete 
|1771|0x0000000599300000, 0x0000000599400000, 0x0000000599400000|100%| E|CS|TAMS 0x0000000599300000, 0x0000000599300000| Complete 
|1772|0x0000000599400000, 0x0000000599500000, 0x0000000599500000|100%| E|CS|TAMS 0x0000000599400000, 0x0000000599400000| Complete 
|1773|0x0000000599500000, 0x0000000599600000, 0x0000000599600000|100%| E|CS|TAMS 0x0000000599500000, 0x0000000599500000| Complete 
|1774|0x0000000599600000, 0x0000000599700000, 0x0000000599700000|100%| E|CS|TAMS 0x0000000599600000, 0x0000000599600000| Complete 
|1775|0x0000000599700000, 0x0000000599800000, 0x0000000599800000|100%| E|CS|TAMS 0x0000000599700000, 0x0000000599700000| Complete 
|1776|0x0000000599800000, 0x0000000599900000, 0x0000000599900000|100%| E|CS|TAMS 0x0000000599800000, 0x0000000599800000| Complete 
|1777|0x0000000599900000, 0x0000000599a00000, 0x0000000599a00000|100%| E|CS|TAMS 0x0000000599900000, 0x0000000599900000| Complete 
|1778|0x0000000599a00000, 0x0000000599b00000, 0x0000000599b00000|100%| E|CS|TAMS 0x0000000599a00000, 0x0000000599a00000| Complete 
|1779|0x0000000599b00000, 0x0000000599c00000, 0x0000000599c00000|100%| E|CS|TAMS 0x0000000599b00000, 0x0000000599b00000| Complete 
|1780|0x0000000599c00000, 0x0000000599d00000, 0x0000000599d00000|100%| E|CS|TAMS 0x0000000599c00000, 0x0000000599c00000| Complete 
|1781|0x0000000599d00000, 0x0000000599e00000, 0x0000000599e00000|100%| E|CS|TAMS 0x0000000599d00000, 0x0000000599d00000| Complete 
|1782|0x0000000599e00000, 0x0000000599f00000, 0x0000000599f00000|100%| E|CS|TAMS 0x0000000599e00000, 0x0000000599e00000| Complete 
|1783|0x0000000599f00000, 0x000000059a000000, 0x000000059a000000|100%| E|CS|TAMS 0x0000000599f00000, 0x0000000599f00000| Complete 
|1784|0x000000059a000000, 0x000000059a100000, 0x000000059a100000|100%| E|CS|TAMS 0x000000059a000000, 0x000000059a000000| Complete 
|1785|0x000000059a100000, 0x000000059a200000, 0x000000059a200000|100%| E|CS|TAMS 0x000000059a100000, 0x000000059a100000| Complete 
|1786|0x000000059a200000, 0x000000059a300000, 0x000000059a300000|100%| E|CS|TAMS 0x000000059a200000, 0x000000059a200000| Complete 
|1787|0x000000059a300000, 0x000000059a400000, 0x000000059a400000|100%| E|CS|TAMS 0x000000059a300000, 0x000000059a300000| Complete 
|1788|0x000000059a400000, 0x000000059a500000, 0x000000059a500000|100%| E|CS|TAMS 0x000000059a400000, 0x000000059a400000| Complete 
|1789|0x000000059a500000, 0x000000059a600000, 0x000000059a600000|100%| E|CS|TAMS 0x000000059a500000, 0x000000059a500000| Complete 
|1790|0x000000059a600000, 0x000000059a700000, 0x000000059a700000|100%| E|CS|TAMS 0x000000059a600000, 0x000000059a600000| Complete 
|1791|0x000000059a700000, 0x000000059a800000, 0x000000059a800000|100%| E|CS|TAMS 0x000000059a700000, 0x000000059a700000| Complete 
|1792|0x000000059a800000, 0x000000059a900000, 0x000000059a900000|100%| E|CS|TAMS 0x000000059a800000, 0x000000059a800000| Complete 
|1793|0x000000059a900000, 0x000000059aa00000, 0x000000059aa00000|100%| E|CS|TAMS 0x000000059a900000, 0x000000059a900000| Complete 
|1794|0x000000059aa00000, 0x000000059ab00000, 0x000000059ab00000|100%| E|CS|TAMS 0x000000059aa00000, 0x000000059aa00000| Complete 
|1795|0x000000059ab00000, 0x000000059ac00000, 0x000000059ac00000|100%| E|CS|TAMS 0x000000059ab00000, 0x000000059ab00000| Complete 
|1796|0x000000059ac00000, 0x000000059ad00000, 0x000000059ad00000|100%| E|CS|TAMS 0x000000059ac00000, 0x000000059ac00000| Complete 
|1797|0x000000059ad00000, 0x000000059ae00000, 0x000000059ae00000|100%| E|CS|TAMS 0x000000059ad00000, 0x000000059ad00000| Complete 
|1798|0x000000059ae00000, 0x000000059af00000, 0x000000059af00000|100%| E|CS|TAMS 0x000000059ae00000, 0x000000059ae00000| Complete 
|1799|0x000000059af00000, 0x000000059b000000, 0x000000059b000000|100%| E|CS|TAMS 0x000000059af00000, 0x000000059af00000| Complete 
|1800|0x000000059b000000, 0x000000059b100000, 0x000000059b100000|100%| E|CS|TAMS 0x000000059b000000, 0x000000059b000000| Complete 
|1801|0x000000059b100000, 0x000000059b200000, 0x000000059b200000|100%| E|CS|TAMS 0x000000059b100000, 0x000000059b100000| Complete 
|1802|0x000000059b200000, 0x000000059b300000, 0x000000059b300000|100%| E|CS|TAMS 0x000000059b200000, 0x000000059b200000| Complete 
|1803|0x000000059b300000, 0x000000059b400000, 0x000000059b400000|100%| E|CS|TAMS 0x000000059b300000, 0x000000059b300000| Complete 
|1804|0x000000059b400000, 0x000000059b500000, 0x000000059b500000|100%| E|CS|TAMS 0x000000059b400000, 0x000000059b400000| Complete 
|1805|0x000000059b500000, 0x000000059b600000, 0x000000059b600000|100%| E|CS|TAMS 0x000000059b500000, 0x000000059b500000| Complete 
|1806|0x000000059b600000, 0x000000059b700000, 0x000000059b700000|100%| E|CS|TAMS 0x000000059b600000, 0x000000059b600000| Complete 
|1807|0x000000059b700000, 0x000000059b800000, 0x000000059b800000|100%| E|CS|TAMS 0x000000059b700000, 0x000000059b700000| Complete 
|1808|0x000000059b800000, 0x000000059b900000, 0x000000059b900000|100%| E|CS|TAMS 0x000000059b800000, 0x000000059b800000| Complete 
|1809|0x000000059b900000, 0x000000059ba00000, 0x000000059ba00000|100%| E|CS|TAMS 0x000000059b900000, 0x000000059b900000| Complete 
|1810|0x000000059ba00000, 0x000000059bb00000, 0x000000059bb00000|100%| E|CS|TAMS 0x000000059ba00000, 0x000000059ba00000| Complete 
|1811|0x000000059bb00000, 0x000000059bc00000, 0x000000059bc00000|100%| E|CS|TAMS 0x000000059bb00000, 0x000000059bb00000| Complete 
|1812|0x000000059bc00000, 0x000000059bd00000, 0x000000059bd00000|100%| E|CS|TAMS 0x000000059bc00000, 0x000000059bc00000| Complete 
|1813|0x000000059bd00000, 0x000000059be00000, 0x000000059be00000|100%| E|CS|TAMS 0x000000059bd00000, 0x000000059bd00000| Complete 
|1814|0x000000059be00000, 0x000000059bf00000, 0x000000059bf00000|100%| E|CS|TAMS 0x000000059be00000, 0x000000059be00000| Complete 
|1815|0x000000059bf00000, 0x000000059c000000, 0x000000059c000000|100%| E|CS|TAMS 0x000000059bf00000, 0x000000059bf00000| Complete 
|1816|0x000000059c000000, 0x000000059c100000, 0x000000059c100000|100%| E|CS|TAMS 0x000000059c000000, 0x000000059c000000| Complete 
|1817|0x000000059c100000, 0x000000059c200000, 0x000000059c200000|100%| E|CS|TAMS 0x000000059c100000, 0x000000059c100000| Complete 
|1818|0x000000059c200000, 0x000000059c300000, 0x000000059c300000|100%| E|CS|TAMS 0x000000059c200000, 0x000000059c200000| Complete 
|1819|0x000000059c300000, 0x000000059c400000, 0x000000059c400000|100%| E|CS|TAMS 0x000000059c300000, 0x000000059c300000| Complete 
|1820|0x000000059c400000, 0x000000059c500000, 0x000000059c500000|100%| E|CS|TAMS 0x000000059c400000, 0x000000059c400000| Complete 
|1821|0x000000059c500000, 0x000000059c600000, 0x000000059c600000|100%| E|CS|TAMS 0x000000059c500000, 0x000000059c500000| Complete 
|1822|0x000000059c600000, 0x000000059c700000, 0x000000059c700000|100%| E|CS|TAMS 0x000000059c600000, 0x000000059c600000| Complete 
|1823|0x000000059c700000, 0x000000059c800000, 0x000000059c800000|100%| E|CS|TAMS 0x000000059c700000, 0x000000059c700000| Complete 
|1824|0x000000059c800000, 0x000000059c900000, 0x000000059c900000|100%| E|CS|TAMS 0x000000059c800000, 0x000000059c800000| Complete 
|1825|0x000000059c900000, 0x000000059ca00000, 0x000000059ca00000|100%| E|CS|TAMS 0x000000059c900000, 0x000000059c900000| Complete 
|1826|0x000000059ca00000, 0x000000059cb00000, 0x000000059cb00000|100%| E|CS|TAMS 0x000000059ca00000, 0x000000059ca00000| Complete 
|1827|0x000000059cb00000, 0x000000059cc00000, 0x000000059cc00000|100%| E|CS|TAMS 0x000000059cb00000, 0x000000059cb00000| Complete 
|1828|0x000000059cc00000, 0x000000059cd00000, 0x000000059cd00000|100%| E|CS|TAMS 0x000000059cc00000, 0x000000059cc00000| Complete 
|1829|0x000000059cd00000, 0x000000059ce00000, 0x000000059ce00000|100%| E|CS|TAMS 0x000000059cd00000, 0x000000059cd00000| Complete 
|1830|0x000000059ce00000, 0x000000059cf00000, 0x000000059cf00000|100%| E|CS|TAMS 0x000000059ce00000, 0x000000059ce00000| Complete 
|1831|0x000000059cf00000, 0x000000059d000000, 0x000000059d000000|100%| E|CS|TAMS 0x000000059cf00000, 0x000000059cf00000| Complete 
|1832|0x000000059d000000, 0x000000059d100000, 0x000000059d100000|100%| E|CS|TAMS 0x000000059d000000, 0x000000059d000000| Complete 
|1833|0x000000059d100000, 0x000000059d200000, 0x000000059d200000|100%| E|CS|TAMS 0x000000059d100000, 0x000000059d100000| Complete 
|1834|0x000000059d200000, 0x000000059d300000, 0x000000059d300000|100%| E|CS|TAMS 0x000000059d200000, 0x000000059d200000| Complete 
|1835|0x000000059d300000, 0x000000059d400000, 0x000000059d400000|100%| E|CS|TAMS 0x000000059d300000, 0x000000059d300000| Complete 
|1836|0x000000059d400000, 0x000000059d500000, 0x000000059d500000|100%| E|CS|TAMS 0x000000059d400000, 0x000000059d400000| Complete 
|1837|0x000000059d500000, 0x000000059d600000, 0x000000059d600000|100%| E|CS|TAMS 0x000000059d500000, 0x000000059d500000| Complete 
|1838|0x000000059d600000, 0x000000059d700000, 0x000000059d700000|100%| E|CS|TAMS 0x000000059d600000, 0x000000059d600000| Complete 
|1839|0x000000059d700000, 0x000000059d800000, 0x000000059d800000|100%| E|CS|TAMS 0x000000059d700000, 0x000000059d700000| Complete 
|1840|0x000000059d800000, 0x000000059d900000, 0x000000059d900000|100%| E|CS|TAMS 0x000000059d800000, 0x000000059d800000| Complete 
|1841|0x000000059d900000, 0x000000059da00000, 0x000000059da00000|100%| E|CS|TAMS 0x000000059d900000, 0x000000059d900000| Complete 
|1842|0x000000059da00000, 0x000000059db00000, 0x000000059db00000|100%| E|CS|TAMS 0x000000059da00000, 0x000000059da00000| Complete 
|1843|0x000000059db00000, 0x000000059dc00000, 0x000000059dc00000|100%| E|CS|TAMS 0x000000059db00000, 0x000000059db00000| Complete 
|1844|0x000000059dc00000, 0x000000059dd00000, 0x000000059dd00000|100%| E|CS|TAMS 0x000000059dc00000, 0x000000059dc00000| Complete 
|1845|0x000000059dd00000, 0x000000059de00000, 0x000000059de00000|100%| E|CS|TAMS 0x000000059dd00000, 0x000000059dd00000| Complete 
|1846|0x000000059de00000, 0x000000059df00000, 0x000000059df00000|100%| E|CS|TAMS 0x000000059de00000, 0x000000059de00000| Complete 
|1847|0x000000059df00000, 0x000000059e000000, 0x000000059e000000|100%| E|CS|TAMS 0x000000059df00000, 0x000000059df00000| Complete 
|1848|0x000000059e000000, 0x000000059e100000, 0x000000059e100000|100%| E|CS|TAMS 0x000000059e000000, 0x000000059e000000| Complete 
|1849|0x000000059e100000, 0x000000059e200000, 0x000000059e200000|100%| E|CS|TAMS 0x000000059e100000, 0x000000059e100000| Complete 
|1850|0x000000059e200000, 0x000000059e300000, 0x000000059e300000|100%| E|CS|TAMS 0x000000059e200000, 0x000000059e200000| Complete 
|1851|0x000000059e300000, 0x000000059e400000, 0x000000059e400000|100%| E|CS|TAMS 0x000000059e300000, 0x000000059e300000| Complete 
|1852|0x000000059e400000, 0x000000059e500000, 0x000000059e500000|100%| E|CS|TAMS 0x000000059e400000, 0x000000059e400000| Complete 
|1853|0x000000059e500000, 0x000000059e600000, 0x000000059e600000|100%| E|CS|TAMS 0x000000059e500000, 0x000000059e500000| Complete 
|1854|0x000000059e600000, 0x000000059e700000, 0x000000059e700000|100%| E|CS|TAMS 0x000000059e600000, 0x000000059e600000| Complete 
|1855|0x000000059e700000, 0x000000059e800000, 0x000000059e800000|100%| E|CS|TAMS 0x000000059e700000, 0x000000059e700000| Complete 
|1856|0x000000059e800000, 0x000000059e900000, 0x000000059e900000|100%| E|CS|TAMS 0x000000059e800000, 0x000000059e800000| Complete 
|1857|0x000000059e900000, 0x000000059ea00000, 0x000000059ea00000|100%| E|CS|TAMS 0x000000059e900000, 0x000000059e900000| Complete 
|1858|0x000000059ea00000, 0x000000059eb00000, 0x000000059eb00000|100%| E|CS|TAMS 0x000000059ea00000, 0x000000059ea00000| Complete 
|1859|0x000000059eb00000, 0x000000059ec00000, 0x000000059ec00000|100%| E|CS|TAMS 0x000000059eb00000, 0x000000059eb00000| Complete 
|1860|0x000000059ec00000, 0x000000059ed00000, 0x000000059ed00000|100%| E|CS|TAMS 0x000000059ec00000, 0x000000059ec00000| Complete 
|1861|0x000000059ed00000, 0x000000059ee00000, 0x000000059ee00000|100%| E|CS|TAMS 0x000000059ed00000, 0x000000059ed00000| Complete 
|1862|0x000000059ee00000, 0x000000059ef00000, 0x000000059ef00000|100%| E|CS|TAMS 0x000000059ee00000, 0x000000059ee00000| Complete 
|1863|0x000000059ef00000, 0x000000059f000000, 0x000000059f000000|100%| E|CS|TAMS 0x000000059ef00000, 0x000000059ef00000| Complete 
|1864|0x000000059f000000, 0x000000059f100000, 0x000000059f100000|100%| E|CS|TAMS 0x000000059f000000, 0x000000059f000000| Complete 
|1865|0x000000059f100000, 0x000000059f200000, 0x000000059f200000|100%| E|CS|TAMS 0x000000059f100000, 0x000000059f100000| Complete 
|1866|0x000000059f200000, 0x000000059f300000, 0x000000059f300000|100%| E|CS|TAMS 0x000000059f200000, 0x000000059f200000| Complete 
|1867|0x000000059f300000, 0x000000059f400000, 0x000000059f400000|100%| E|CS|TAMS 0x000000059f300000, 0x000000059f300000| Complete 
|1868|0x000000059f400000, 0x000000059f500000, 0x000000059f500000|100%| E|CS|TAMS 0x000000059f400000, 0x000000059f400000| Complete 
|1869|0x000000059f500000, 0x000000059f600000, 0x000000059f600000|100%| E|CS|TAMS 0x000000059f500000, 0x000000059f500000| Complete 
|1870|0x000000059f600000, 0x000000059f700000, 0x000000059f700000|100%| E|CS|TAMS 0x000000059f600000, 0x000000059f600000| Complete 
|1871|0x000000059f700000, 0x000000059f800000, 0x000000059f800000|100%| E|CS|TAMS 0x000000059f700000, 0x000000059f700000| Complete 
|1872|0x000000059f800000, 0x000000059f900000, 0x000000059f900000|100%| E|CS|TAMS 0x000000059f800000, 0x000000059f800000| Complete 
|1873|0x000000059f900000, 0x000000059fa00000, 0x000000059fa00000|100%| E|CS|TAMS 0x000000059f900000, 0x000000059f900000| Complete 
|1874|0x000000059fa00000, 0x000000059fb00000, 0x000000059fb00000|100%| E|CS|TAMS 0x000000059fa00000, 0x000000059fa00000| Complete 
|1875|0x000000059fb00000, 0x000000059fc00000, 0x000000059fc00000|100%| E|CS|TAMS 0x000000059fb00000, 0x000000059fb00000| Complete 
|1876|0x000000059fc00000, 0x000000059fd00000, 0x000000059fd00000|100%| E|CS|TAMS 0x000000059fc00000, 0x000000059fc00000| Complete 
|1877|0x000000059fd00000, 0x000000059fe00000, 0x000000059fe00000|100%| E|CS|TAMS 0x000000059fd00000, 0x000000059fd00000| Complete 
|1878|0x000000059fe00000, 0x000000059ff00000, 0x000000059ff00000|100%| E|CS|TAMS 0x000000059fe00000, 0x000000059fe00000| Complete 
|1879|0x000000059ff00000, 0x00000005a0000000, 0x00000005a0000000|100%| E|CS|TAMS 0x000000059ff00000, 0x000000059ff00000| Complete 
|1880|0x00000005a0000000, 0x00000005a0100000, 0x00000005a0100000|100%| E|CS|TAMS 0x00000005a0000000, 0x00000005a0000000| Complete 
|1881|0x00000005a0100000, 0x00000005a0200000, 0x00000005a0200000|100%| E|CS|TAMS 0x00000005a0100000, 0x00000005a0100000| Complete 
|1882|0x00000005a0200000, 0x00000005a0300000, 0x00000005a0300000|100%| E|CS|TAMS 0x00000005a0200000, 0x00000005a0200000| Complete 
|1883|0x00000005a0300000, 0x00000005a0400000, 0x00000005a0400000|100%| E|CS|TAMS 0x00000005a0300000, 0x00000005a0300000| Complete 
|1884|0x00000005a0400000, 0x00000005a0500000, 0x00000005a0500000|100%| E|CS|TAMS 0x00000005a0400000, 0x00000005a0400000| Complete 
|1885|0x00000005a0500000, 0x00000005a0600000, 0x00000005a0600000|100%| E|CS|TAMS 0x00000005a0500000, 0x00000005a0500000| Complete 
|1886|0x00000005a0600000, 0x00000005a0700000, 0x00000005a0700000|100%| E|CS|TAMS 0x00000005a0600000, 0x00000005a0600000| Complete 
|1887|0x00000005a0700000, 0x00000005a0800000, 0x00000005a0800000|100%| E|CS|TAMS 0x00000005a0700000, 0x00000005a0700000| Complete 
|1888|0x00000005a0800000, 0x00000005a0900000, 0x00000005a0900000|100%| E|CS|TAMS 0x00000005a0800000, 0x00000005a0800000| Complete 
|1889|0x00000005a0900000, 0x00000005a0a00000, 0x00000005a0a00000|100%| E|CS|TAMS 0x00000005a0900000, 0x00000005a0900000| Complete 
|1890|0x00000005a0a00000, 0x00000005a0b00000, 0x00000005a0b00000|100%| E|CS|TAMS 0x00000005a0a00000, 0x00000005a0a00000| Complete 
|1891|0x00000005a0b00000, 0x00000005a0c00000, 0x00000005a0c00000|100%| E|CS|TAMS 0x00000005a0b00000, 0x00000005a0b00000| Complete 
|1892|0x00000005a0c00000, 0x00000005a0d00000, 0x00000005a0d00000|100%| E|CS|TAMS 0x00000005a0c00000, 0x00000005a0c00000| Complete 
|1893|0x00000005a0d00000, 0x00000005a0e00000, 0x00000005a0e00000|100%| E|CS|TAMS 0x00000005a0d00000, 0x00000005a0d00000| Complete 
|1894|0x00000005a0e00000, 0x00000005a0f00000, 0x00000005a0f00000|100%| E|CS|TAMS 0x00000005a0e00000, 0x00000005a0e00000| Complete 
|1895|0x00000005a0f00000, 0x00000005a1000000, 0x00000005a1000000|100%| E|CS|TAMS 0x00000005a0f00000, 0x00000005a0f00000| Complete 
|1896|0x00000005a1000000, 0x00000005a1100000, 0x00000005a1100000|100%| E|CS|TAMS 0x00000005a1000000, 0x00000005a1000000| Complete 
|1897|0x00000005a1100000, 0x00000005a1200000, 0x00000005a1200000|100%| E|CS|TAMS 0x00000005a1100000, 0x00000005a1100000| Complete 
|1898|0x00000005a1200000, 0x00000005a1300000, 0x00000005a1300000|100%| E|CS|TAMS 0x00000005a1200000, 0x00000005a1200000| Complete 
|1899|0x00000005a1300000, 0x00000005a1400000, 0x00000005a1400000|100%| E|CS|TAMS 0x00000005a1300000, 0x00000005a1300000| Complete 
|1900|0x00000005a1400000, 0x00000005a1500000, 0x00000005a1500000|100%| E|CS|TAMS 0x00000005a1400000, 0x00000005a1400000| Complete 
|1901|0x00000005a1500000, 0x00000005a1600000, 0x00000005a1600000|100%| E|CS|TAMS 0x00000005a1500000, 0x00000005a1500000| Complete 
|1902|0x00000005a1600000, 0x00000005a1700000, 0x00000005a1700000|100%| E|CS|TAMS 0x00000005a1600000, 0x00000005a1600000| Complete 
|1903|0x00000005a1700000, 0x00000005a1800000, 0x00000005a1800000|100%| E|CS|TAMS 0x00000005a1700000, 0x00000005a1700000| Complete 
|1904|0x00000005a1800000, 0x00000005a1900000, 0x00000005a1900000|100%| E|CS|TAMS 0x00000005a1800000, 0x00000005a1800000| Complete 
|1905|0x00000005a1900000, 0x00000005a1a00000, 0x00000005a1a00000|100%| E|CS|TAMS 0x00000005a1900000, 0x00000005a1900000| Complete 
|1906|0x00000005a1a00000, 0x00000005a1b00000, 0x00000005a1b00000|100%| E|CS|TAMS 0x00000005a1a00000, 0x00000005a1a00000| Complete 
|1907|0x00000005a1b00000, 0x00000005a1c00000, 0x00000005a1c00000|100%| E|CS|TAMS 0x00000005a1b00000, 0x00000005a1b00000| Complete 
|1908|0x00000005a1c00000, 0x00000005a1d00000, 0x00000005a1d00000|100%| E|CS|TAMS 0x00000005a1c00000, 0x00000005a1c00000| Complete 
|1909|0x00000005a1d00000, 0x00000005a1e00000, 0x00000005a1e00000|100%| E|CS|TAMS 0x00000005a1d00000, 0x00000005a1d00000| Complete 
|1910|0x00000005a1e00000, 0x00000005a1f00000, 0x00000005a1f00000|100%| E|CS|TAMS 0x00000005a1e00000, 0x00000005a1e00000| Complete 
|1911|0x00000005a1f00000, 0x00000005a2000000, 0x00000005a2000000|100%| E|CS|TAMS 0x00000005a1f00000, 0x00000005a1f00000| Complete 
|1912|0x00000005a2000000, 0x00000005a2100000, 0x00000005a2100000|100%| E|CS|TAMS 0x00000005a2000000, 0x00000005a2000000| Complete 
|1913|0x00000005a2100000, 0x00000005a2200000, 0x00000005a2200000|100%| E|CS|TAMS 0x00000005a2100000, 0x00000005a2100000| Complete 
|1914|0x00000005a2200000, 0x00000005a2300000, 0x00000005a2300000|100%| E|CS|TAMS 0x00000005a2200000, 0x00000005a2200000| Complete 
|1915|0x00000005a2300000, 0x00000005a2400000, 0x00000005a2400000|100%| E|CS|TAMS 0x00000005a2300000, 0x00000005a2300000| Complete 
|1916|0x00000005a2400000, 0x00000005a2500000, 0x00000005a2500000|100%| E|CS|TAMS 0x00000005a2400000, 0x00000005a2400000| Complete 
|1917|0x00000005a2500000, 0x00000005a2600000, 0x00000005a2600000|100%| E|CS|TAMS 0x00000005a2500000, 0x00000005a2500000| Complete 
|1918|0x00000005a2600000, 0x00000005a2700000, 0x00000005a2700000|100%| E|CS|TAMS 0x00000005a2600000, 0x00000005a2600000| Complete 
|1919|0x00000005a2700000, 0x00000005a2800000, 0x00000005a2800000|100%| E|CS|TAMS 0x00000005a2700000, 0x00000005a2700000| Complete 
|1920|0x00000005a2800000, 0x00000005a2900000, 0x00000005a2900000|100%| E|CS|TAMS 0x00000005a2800000, 0x00000005a2800000| Complete 
|1921|0x00000005a2900000, 0x00000005a2a00000, 0x00000005a2a00000|100%| E|CS|TAMS 0x00000005a2900000, 0x00000005a2900000| Complete 
|1922|0x00000005a2a00000, 0x00000005a2b00000, 0x00000005a2b00000|100%| E|CS|TAMS 0x00000005a2a00000, 0x00000005a2a00000| Complete 
|1923|0x00000005a2b00000, 0x00000005a2c00000, 0x00000005a2c00000|100%| E|CS|TAMS 0x00000005a2b00000, 0x00000005a2b00000| Complete 
|1924|0x00000005a2c00000, 0x00000005a2d00000, 0x00000005a2d00000|100%| E|CS|TAMS 0x00000005a2c00000, 0x00000005a2c00000| Complete 
|1925|0x00000005a2d00000, 0x00000005a2e00000, 0x00000005a2e00000|100%| E|CS|TAMS 0x00000005a2d00000, 0x00000005a2d00000| Complete 
|1926|0x00000005a2e00000, 0x00000005a2f00000, 0x00000005a2f00000|100%| E|CS|TAMS 0x00000005a2e00000, 0x00000005a2e00000| Complete 
|1927|0x00000005a2f00000, 0x00000005a3000000, 0x00000005a3000000|100%| E|CS|TAMS 0x00000005a2f00000, 0x00000005a2f00000| Complete 
|1928|0x00000005a3000000, 0x00000005a3100000, 0x00000005a3100000|100%| E|CS|TAMS 0x00000005a3000000, 0x00000005a3000000| Complete 
|1929|0x00000005a3100000, 0x00000005a3200000, 0x00000005a3200000|100%| E|CS|TAMS 0x00000005a3100000, 0x00000005a3100000| Complete 
|1930|0x00000005a3200000, 0x00000005a3300000, 0x00000005a3300000|100%| E|CS|TAMS 0x00000005a3200000, 0x00000005a3200000| Complete 
|1931|0x00000005a3300000, 0x00000005a3400000, 0x00000005a3400000|100%| E|CS|TAMS 0x00000005a3300000, 0x00000005a3300000| Complete 
|1932|0x00000005a3400000, 0x00000005a3500000, 0x00000005a3500000|100%| E|CS|TAMS 0x00000005a3400000, 0x00000005a3400000| Complete 
|1933|0x00000005a3500000, 0x00000005a3600000, 0x00000005a3600000|100%| E|CS|TAMS 0x00000005a3500000, 0x00000005a3500000| Complete 
|1934|0x00000005a3600000, 0x00000005a3700000, 0x00000005a3700000|100%| E|CS|TAMS 0x00000005a3600000, 0x00000005a3600000| Complete 
|1935|0x00000005a3700000, 0x00000005a3800000, 0x00000005a3800000|100%| E|CS|TAMS 0x00000005a3700000, 0x00000005a3700000| Complete 
|1936|0x00000005a3800000, 0x00000005a3900000, 0x00000005a3900000|100%| E|CS|TAMS 0x00000005a3800000, 0x00000005a3800000| Complete 
|1937|0x00000005a3900000, 0x00000005a3a00000, 0x00000005a3a00000|100%| E|CS|TAMS 0x00000005a3900000, 0x00000005a3900000| Complete 
|1938|0x00000005a3a00000, 0x00000005a3b00000, 0x00000005a3b00000|100%| E|CS|TAMS 0x00000005a3a00000, 0x00000005a3a00000| Complete 
|1939|0x00000005a3b00000, 0x00000005a3c00000, 0x00000005a3c00000|100%| E|CS|TAMS 0x00000005a3b00000, 0x00000005a3b00000| Complete 
|1940|0x00000005a3c00000, 0x00000005a3d00000, 0x00000005a3d00000|100%| E|CS|TAMS 0x00000005a3c00000, 0x00000005a3c00000| Complete 
|1941|0x00000005a3d00000, 0x00000005a3e00000, 0x00000005a3e00000|100%| E|CS|TAMS 0x00000005a3d00000, 0x00000005a3d00000| Complete 
|1942|0x00000005a3e00000, 0x00000005a3f00000, 0x00000005a3f00000|100%| E|CS|TAMS 0x00000005a3e00000, 0x00000005a3e00000| Complete 
|1943|0x00000005a3f00000, 0x00000005a4000000, 0x00000005a4000000|100%| E|CS|TAMS 0x00000005a3f00000, 0x00000005a3f00000| Complete 
|1944|0x00000005a4000000, 0x00000005a4100000, 0x00000005a4100000|100%| E|CS|TAMS 0x00000005a4000000, 0x00000005a4000000| Complete 
|1945|0x00000005a4100000, 0x00000005a4200000, 0x00000005a4200000|100%| E|CS|TAMS 0x00000005a4100000, 0x00000005a4100000| Complete 
|1946|0x00000005a4200000, 0x00000005a4300000, 0x00000005a4300000|100%| E|CS|TAMS 0x00000005a4200000, 0x00000005a4200000| Complete 
|1947|0x00000005a4300000, 0x00000005a4400000, 0x00000005a4400000|100%| E|CS|TAMS 0x00000005a4300000, 0x00000005a4300000| Complete 
|1948|0x00000005a4400000, 0x00000005a4500000, 0x00000005a4500000|100%| E|CS|TAMS 0x00000005a4400000, 0x00000005a4400000| Complete 
|1949|0x00000005a4500000, 0x00000005a4600000, 0x00000005a4600000|100%| E|CS|TAMS 0x00000005a4500000, 0x00000005a4500000| Complete 
|1950|0x00000005a4600000, 0x00000005a4700000, 0x00000005a4700000|100%| E|CS|TAMS 0x00000005a4600000, 0x00000005a4600000| Complete 
|1951|0x00000005a4700000, 0x00000005a4800000, 0x00000005a4800000|100%| E|CS|TAMS 0x00000005a4700000, 0x00000005a4700000| Complete 
|1952|0x00000005a4800000, 0x00000005a4900000, 0x00000005a4900000|100%| E|CS|TAMS 0x00000005a4800000, 0x00000005a4800000| Complete 
|1953|0x00000005a4900000, 0x00000005a4a00000, 0x00000005a4a00000|100%| E|CS|TAMS 0x00000005a4900000, 0x00000005a4900000| Complete 
|1954|0x00000005a4a00000, 0x00000005a4b00000, 0x00000005a4b00000|100%| E|CS|TAMS 0x00000005a4a00000, 0x00000005a4a00000| Complete 
|1955|0x00000005a4b00000, 0x00000005a4c00000, 0x00000005a4c00000|100%| E|CS|TAMS 0x00000005a4b00000, 0x00000005a4b00000| Complete 
|1956|0x00000005a4c00000, 0x00000005a4d00000, 0x00000005a4d00000|100%| E|CS|TAMS 0x00000005a4c00000, 0x00000005a4c00000| Complete 
|1957|0x00000005a4d00000, 0x00000005a4e00000, 0x00000005a4e00000|100%| E|CS|TAMS 0x00000005a4d00000, 0x00000005a4d00000| Complete 
|1958|0x00000005a4e00000, 0x00000005a4f00000, 0x00000005a4f00000|100%| E|CS|TAMS 0x00000005a4e00000, 0x00000005a4e00000| Complete 
|1959|0x00000005a4f00000, 0x00000005a5000000, 0x00000005a5000000|100%| E|CS|TAMS 0x00000005a4f00000, 0x00000005a4f00000| Complete 
|1960|0x00000005a5000000, 0x00000005a5100000, 0x00000005a5100000|100%| E|CS|TAMS 0x00000005a5000000, 0x00000005a5000000| Complete 
|1961|0x00000005a5100000, 0x00000005a5200000, 0x00000005a5200000|100%| E|CS|TAMS 0x00000005a5100000, 0x00000005a5100000| Complete 
|1962|0x00000005a5200000, 0x00000005a5300000, 0x00000005a5300000|100%| E|CS|TAMS 0x00000005a5200000, 0x00000005a5200000| Complete 
|1963|0x00000005a5300000, 0x00000005a5400000, 0x00000005a5400000|100%| E|CS|TAMS 0x00000005a5300000, 0x00000005a5300000| Complete 
|1964|0x00000005a5400000, 0x00000005a5500000, 0x00000005a5500000|100%| E|CS|TAMS 0x00000005a5400000, 0x00000005a5400000| Complete 
|1965|0x00000005a5500000, 0x00000005a5600000, 0x00000005a5600000|100%| E|CS|TAMS 0x00000005a5500000, 0x00000005a5500000| Complete 
|1966|0x00000005a5600000, 0x00000005a5700000, 0x00000005a5700000|100%| E|CS|TAMS 0x00000005a5600000, 0x00000005a5600000| Complete 
|1967|0x00000005a5700000, 0x00000005a5800000, 0x00000005a5800000|100%| E|CS|TAMS 0x00000005a5700000, 0x00000005a5700000| Complete 
|1968|0x00000005a5800000, 0x00000005a5900000, 0x00000005a5900000|100%| E|CS|TAMS 0x00000005a5800000, 0x00000005a5800000| Complete 
|1969|0x00000005a5900000, 0x00000005a5a00000, 0x00000005a5a00000|100%| E|CS|TAMS 0x00000005a5900000, 0x00000005a5900000| Complete 
|1970|0x00000005a5a00000, 0x00000005a5b00000, 0x00000005a5b00000|100%| E|CS|TAMS 0x00000005a5a00000, 0x00000005a5a00000| Complete 
|1971|0x00000005a5b00000, 0x00000005a5c00000, 0x00000005a5c00000|100%| E|CS|TAMS 0x00000005a5b00000, 0x00000005a5b00000| Complete 
|1972|0x00000005a5c00000, 0x00000005a5d00000, 0x00000005a5d00000|100%| E|CS|TAMS 0x00000005a5c00000, 0x00000005a5c00000| Complete 
|1973|0x00000005a5d00000, 0x00000005a5e00000, 0x00000005a5e00000|100%| E|CS|TAMS 0x00000005a5d00000, 0x00000005a5d00000| Complete 
|1974|0x00000005a5e00000, 0x00000005a5f00000, 0x00000005a5f00000|100%| E|CS|TAMS 0x00000005a5e00000, 0x00000005a5e00000| Complete 
|1975|0x00000005a5f00000, 0x00000005a6000000, 0x00000005a6000000|100%| E|CS|TAMS 0x00000005a5f00000, 0x00000005a5f00000| Complete 
|1976|0x00000005a6000000, 0x00000005a6100000, 0x00000005a6100000|100%| E|CS|TAMS 0x00000005a6000000, 0x00000005a6000000| Complete 
|1977|0x00000005a6100000, 0x00000005a6200000, 0x00000005a6200000|100%| E|CS|TAMS 0x00000005a6100000, 0x00000005a6100000| Complete 
|1978|0x00000005a6200000, 0x00000005a6300000, 0x00000005a6300000|100%| E|CS|TAMS 0x00000005a6200000, 0x00000005a6200000| Complete 
|1979|0x00000005a6300000, 0x00000005a6400000, 0x00000005a6400000|100%| E|CS|TAMS 0x00000005a6300000, 0x00000005a6300000| Complete 
|1980|0x00000005a6400000, 0x00000005a6500000, 0x00000005a6500000|100%| E|CS|TAMS 0x00000005a6400000, 0x00000005a6400000| Complete 
|1981|0x00000005a6500000, 0x00000005a6600000, 0x00000005a6600000|100%| E|CS|TAMS 0x00000005a6500000, 0x00000005a6500000| Complete 
|1982|0x00000005a6600000, 0x00000005a6700000, 0x00000005a6700000|100%| E|CS|TAMS 0x00000005a6600000, 0x00000005a6600000| Complete 
|1983|0x00000005a6700000, 0x00000005a6800000, 0x00000005a6800000|100%| E|CS|TAMS 0x00000005a6700000, 0x00000005a6700000| Complete 
|1984|0x00000005a6800000, 0x00000005a6900000, 0x00000005a6900000|100%| E|CS|TAMS 0x00000005a6800000, 0x00000005a6800000| Complete 
|1985|0x00000005a6900000, 0x00000005a6a00000, 0x00000005a6a00000|100%| E|CS|TAMS 0x00000005a6900000, 0x00000005a6900000| Complete 
|1986|0x00000005a6a00000, 0x00000005a6b00000, 0x00000005a6b00000|100%| E|CS|TAMS 0x00000005a6a00000, 0x00000005a6a00000| Complete 
|1987|0x00000005a6b00000, 0x00000005a6c00000, 0x00000005a6c00000|100%| E|CS|TAMS 0x00000005a6b00000, 0x00000005a6b00000| Complete 
|1988|0x00000005a6c00000, 0x00000005a6d00000, 0x00000005a6d00000|100%| E|CS|TAMS 0x00000005a6c00000, 0x00000005a6c00000| Complete 
|1989|0x00000005a6d00000, 0x00000005a6e00000, 0x00000005a6e00000|100%| E|CS|TAMS 0x00000005a6d00000, 0x00000005a6d00000| Complete 
|1990|0x00000005a6e00000, 0x00000005a6f00000, 0x00000005a6f00000|100%| E|CS|TAMS 0x00000005a6e00000, 0x00000005a6e00000| Complete 
|1991|0x00000005a6f00000, 0x00000005a7000000, 0x00000005a7000000|100%| E|CS|TAMS 0x00000005a6f00000, 0x00000005a6f00000| Complete 
|1992|0x00000005a7000000, 0x00000005a7100000, 0x00000005a7100000|100%| E|CS|TAMS 0x00000005a7000000, 0x00000005a7000000| Complete 
|1993|0x00000005a7100000, 0x00000005a7200000, 0x00000005a7200000|100%| E|CS|TAMS 0x00000005a7100000, 0x00000005a7100000| Complete 
|1994|0x00000005a7200000, 0x00000005a7300000, 0x00000005a7300000|100%| E|CS|TAMS 0x00000005a7200000, 0x00000005a7200000| Complete 
|1995|0x00000005a7300000, 0x00000005a7400000, 0x00000005a7400000|100%| E|CS|TAMS 0x00000005a7300000, 0x00000005a7300000| Complete 
|1996|0x00000005a7400000, 0x00000005a7500000, 0x00000005a7500000|100%| E|CS|TAMS 0x00000005a7400000, 0x00000005a7400000| Complete 
|1997|0x00000005a7500000, 0x00000005a7600000, 0x00000005a7600000|100%| E|CS|TAMS 0x00000005a7500000, 0x00000005a7500000| Complete 
|1998|0x00000005a7600000, 0x00000005a7700000, 0x00000005a7700000|100%| E|CS|TAMS 0x00000005a7600000, 0x00000005a7600000| Complete 
|1999|0x00000005a7700000, 0x00000005a7800000, 0x00000005a7800000|100%| E|CS|TAMS 0x00000005a7700000, 0x00000005a7700000| Complete 
|2000|0x00000005a7800000, 0x00000005a7900000, 0x00000005a7900000|100%| E|CS|TAMS 0x00000005a7800000, 0x00000005a7800000| Complete 
|2001|0x00000005a7900000, 0x00000005a7a00000, 0x00000005a7a00000|100%| E|CS|TAMS 0x00000005a7900000, 0x00000005a7900000| Complete 
|2002|0x00000005a7a00000, 0x00000005a7b00000, 0x00000005a7b00000|100%| E|CS|TAMS 0x00000005a7a00000, 0x00000005a7a00000| Complete 
|2003|0x00000005a7b00000, 0x00000005a7c00000, 0x00000005a7c00000|100%| E|CS|TAMS 0x00000005a7b00000, 0x00000005a7b00000| Complete 
|2004|0x00000005a7c00000, 0x00000005a7d00000, 0x00000005a7d00000|100%| E|CS|TAMS 0x00000005a7c00000, 0x00000005a7c00000| Complete 
|2005|0x00000005a7d00000, 0x00000005a7e00000, 0x00000005a7e00000|100%| E|CS|TAMS 0x00000005a7d00000, 0x00000005a7d00000| Complete 
|2006|0x00000005a7e00000, 0x00000005a7f00000, 0x00000005a7f00000|100%| E|CS|TAMS 0x00000005a7e00000, 0x00000005a7e00000| Complete 
|2007|0x00000005a7f00000, 0x00000005a8000000, 0x00000005a8000000|100%| E|CS|TAMS 0x00000005a7f00000, 0x00000005a7f00000| Complete 
|2008|0x00000005a8000000, 0x00000005a8100000, 0x00000005a8100000|100%| E|CS|TAMS 0x00000005a8000000, 0x00000005a8000000| Complete 
|2009|0x00000005a8100000, 0x00000005a8200000, 0x00000005a8200000|100%| E|CS|TAMS 0x00000005a8100000, 0x00000005a8100000| Complete 
|2010|0x00000005a8200000, 0x00000005a8300000, 0x00000005a8300000|100%| E|CS|TAMS 0x00000005a8200000, 0x00000005a8200000| Complete 
|2011|0x00000005a8300000, 0x00000005a8400000, 0x00000005a8400000|100%| E|CS|TAMS 0x00000005a8300000, 0x00000005a8300000| Complete 
|2012|0x00000005a8400000, 0x00000005a8500000, 0x00000005a8500000|100%| E|CS|TAMS 0x00000005a8400000, 0x00000005a8400000| Complete 
|2013|0x00000005a8500000, 0x00000005a8600000, 0x00000005a8600000|100%| E|CS|TAMS 0x00000005a8500000, 0x00000005a8500000| Complete 
|2014|0x00000005a8600000, 0x00000005a8700000, 0x00000005a8700000|100%| E|CS|TAMS 0x00000005a8600000, 0x00000005a8600000| Complete 
|2015|0x00000005a8700000, 0x00000005a8800000, 0x00000005a8800000|100%| E|CS|TAMS 0x00000005a8700000, 0x00000005a8700000| Complete 
|2016|0x00000005a8800000, 0x00000005a8900000, 0x00000005a8900000|100%| E|CS|TAMS 0x00000005a8800000, 0x00000005a8800000| Complete 
|2017|0x00000005a8900000, 0x00000005a8a00000, 0x00000005a8a00000|100%| E|CS|TAMS 0x00000005a8900000, 0x00000005a8900000| Complete 
|2018|0x00000005a8a00000, 0x00000005a8b00000, 0x00000005a8b00000|100%| E|CS|TAMS 0x00000005a8a00000, 0x00000005a8a00000| Complete 
|2019|0x00000005a8b00000, 0x00000005a8c00000, 0x00000005a8c00000|100%| E|CS|TAMS 0x00000005a8b00000, 0x00000005a8b00000| Complete 
|2020|0x00000005a8c00000, 0x00000005a8d00000, 0x00000005a8d00000|100%| E|CS|TAMS 0x00000005a8c00000, 0x00000005a8c00000| Complete 
|2021|0x00000005a8d00000, 0x00000005a8e00000, 0x00000005a8e00000|100%| E|CS|TAMS 0x00000005a8d00000, 0x00000005a8d00000| Complete 
|2022|0x00000005a8e00000, 0x00000005a8f00000, 0x00000005a8f00000|100%| E|CS|TAMS 0x00000005a8e00000, 0x00000005a8e00000| Complete 
|2023|0x00000005a8f00000, 0x00000005a9000000, 0x00000005a9000000|100%| E|CS|TAMS 0x00000005a8f00000, 0x00000005a8f00000| Complete 
|2024|0x00000005a9000000, 0x00000005a9100000, 0x00000005a9100000|100%| E|CS|TAMS 0x00000005a9000000, 0x00000005a9000000| Complete 
|2025|0x00000005a9100000, 0x00000005a9200000, 0x00000005a9200000|100%| E|CS|TAMS 0x00000005a9100000, 0x00000005a9100000| Complete 
|2026|0x00000005a9200000, 0x00000005a9300000, 0x00000005a9300000|100%| E|CS|TAMS 0x00000005a9200000, 0x00000005a9200000| Complete 
|2027|0x00000005a9300000, 0x00000005a9400000, 0x00000005a9400000|100%| E|CS|TAMS 0x00000005a9300000, 0x00000005a9300000| Complete 
|2028|0x00000005a9400000, 0x00000005a9500000, 0x00000005a9500000|100%| E|CS|TAMS 0x00000005a9400000, 0x00000005a9400000| Complete 
|2029|0x00000005a9500000, 0x00000005a9600000, 0x00000005a9600000|100%| E|CS|TAMS 0x00000005a9500000, 0x00000005a9500000| Complete 
|2030|0x00000005a9600000, 0x00000005a9700000, 0x00000005a9700000|100%| E|CS|TAMS 0x00000005a9600000, 0x00000005a9600000| Complete 
|2031|0x00000005a9700000, 0x00000005a9800000, 0x00000005a9800000|100%| E|CS|TAMS 0x00000005a9700000, 0x00000005a9700000| Complete 
|2032|0x00000005a9800000, 0x00000005a9900000, 0x00000005a9900000|100%| E|CS|TAMS 0x00000005a9800000, 0x00000005a9800000| Complete 
|2033|0x00000005a9900000, 0x00000005a9a00000, 0x00000005a9a00000|100%| E|CS|TAMS 0x00000005a9900000, 0x00000005a9900000| Complete 
|2034|0x00000005a9a00000, 0x00000005a9b00000, 0x00000005a9b00000|100%| E|CS|TAMS 0x00000005a9a00000, 0x00000005a9a00000| Complete 
|2035|0x00000005a9b00000, 0x00000005a9c00000, 0x00000005a9c00000|100%| E|CS|TAMS 0x00000005a9b00000, 0x00000005a9b00000| Complete 
|2036|0x00000005a9c00000, 0x00000005a9d00000, 0x00000005a9d00000|100%| E|CS|TAMS 0x00000005a9c00000, 0x00000005a9c00000| Complete 
|2037|0x00000005a9d00000, 0x00000005a9e00000, 0x00000005a9e00000|100%| E|CS|TAMS 0x00000005a9d00000, 0x00000005a9d00000| Complete 
|2038|0x00000005a9e00000, 0x00000005a9f00000, 0x00000005a9f00000|100%| E|CS|TAMS 0x00000005a9e00000, 0x00000005a9e00000| Complete 
|2039|0x00000005a9f00000, 0x00000005aa000000, 0x00000005aa000000|100%| E|CS|TAMS 0x00000005a9f00000, 0x00000005a9f00000| Complete 
|2040|0x00000005aa000000, 0x00000005aa100000, 0x00000005aa100000|100%| E|CS|TAMS 0x00000005aa000000, 0x00000005aa000000| Complete 
|2041|0x00000005aa100000, 0x00000005aa200000, 0x00000005aa200000|100%| E|CS|TAMS 0x00000005aa100000, 0x00000005aa100000| Complete 
|2042|0x00000005aa200000, 0x00000005aa300000, 0x00000005aa300000|100%| E|CS|TAMS 0x00000005aa200000, 0x00000005aa200000| Complete 
|2043|0x00000005aa300000, 0x00000005aa400000, 0x00000005aa400000|100%| E|CS|TAMS 0x00000005aa300000, 0x00000005aa300000| Complete 
|2044|0x00000005aa400000, 0x00000005aa500000, 0x00000005aa500000|100%| E|CS|TAMS 0x00000005aa400000, 0x00000005aa400000| Complete 
|2045|0x00000005aa500000, 0x00000005aa600000, 0x00000005aa600000|100%| E|CS|TAMS 0x00000005aa500000, 0x00000005aa500000| Complete 
|2046|0x00000005aa600000, 0x00000005aa674000, 0x00000005aa700000| 45%|OA|  |TAMS 0x00000005aa674000, 0x00000005aa600000| Untracked 
|2047|0x00000005aa700000, 0x00000005aa774000, 0x00000005aa800000| 45%|CA|  |TAMS 0x00000005aa774000, 0x00000005aa700000| Untracked 

Card table byte_map: [0x000000010c400000,0x000000010c800000] _byte_map_base: 0x0000000109aac000

Marking Bits (Prev, Next): (CMBitMap*) 0x0000000a46cac050, (CMBitMap*) 0x0000000a46cac010
 Prev Bits: [0x0000000126b70000, 0x0000000128b70000)
 Next Bits: [0x0000000124b70000, 0x0000000126b70000)

Polling page: 0x0000000102184000

Metaspace:

Usage:
  Non-class:    303.64 MB used.
      Class:     43.68 MB used.
       Both:    347.32 MB used.

Virtual space:
  Non-class space:      320.00 MB reserved,     304.56 MB ( 95%) committed,  5 nodes.
      Class space:        1.00 GB reserved,      45.19 MB (  4%) committed,  1 nodes.
             Both:        1.31 GB reserved,     349.75 MB ( 26%) committed. 

Chunk freelists:
   Non-Class:  14.79 MB
       Class:  3.50 MB
        Both:  18.29 MB

MaxMetaspaceSize: unlimited
CompressedClassSpaceSize: 1.00 GB
Initial GC threshold: 21.00 MB
Current GC threshold: 582.94 MB
CDS: on
MetaspaceReclaimPolicy: balanced
 - commit_granule_bytes: 65536.
 - commit_granule_words: 8192.
 - virtual_space_node_default_size: 8388608.
 - enlarge_chunks_in_place: 1.
 - new_chunks_are_fully_committed: 0.
 - uncommit_free_chunks: 1.
 - use_allocation_guard: 0.
 - handle_deallocations: 1.


Internal statistics:

num_allocs_failed_limit: 6.
num_arena_births: 5696.
num_arena_deaths: 2714.
num_vsnodes_births: 6.
num_vsnodes_deaths: 0.
num_space_committed: 5645.
num_space_uncommitted: 57.
num_chunks_returned_to_freelist: 3755.
num_chunks_taken_from_freelist: 20967.
num_chunk_merges: 1314.
num_chunk_splits: 14097.
num_chunks_enlarged: 9925.
num_inconsistent_stats: 0.

CodeHeap 'non-profiled nmethods': size=120032Kb used=67562Kb max_used=67562Kb free=52470Kb
 bounds [0x000000011d638000, 0x0000000121838000, 0x0000000124b70000]
CodeHeap 'profiled nmethods': size=120016Kb used=119995Kb max_used=120016Kb free=20Kb
 bounds [0x0000000115b70000, 0x000000011d0a4000, 0x000000011d0a4000]
CodeHeap 'non-nmethods': size=5712Kb used=1928Kb max_used=2189Kb free=3783Kb
 bounds [0x000000011d0a4000, 0x000000011d314000, 0x000000011d638000]
 total_blobs=60271 nmethods=59001 adapters=1180
 compilation: enabled
              stopped_count=0, restarted_count=0
 full_count=0

Compilation events (20 events):
Event: 9619.861 Thread 0x0000000a46d72400 101171       1       com.android.tools.r8.dex.code.A0::t (3 bytes)
Event: 9619.861 Thread 0x0000000a46d72400 nmethod 101171 0x000000012181d210 code [0x000000012181d380, 0x000000012181d458]
Event: 9619.873 Thread 0x0000000a46d72400 101177       3       java.util.AbstractMap::putAll (52 bytes)
Event: 9619.873 Thread 0x0000000a46d72400 nmethod 101177 0x000000012181d510 code [0x000000012181d780, 0x000000012181e0e8]
Event: 9619.875 Thread 0x0000000a46d72400 101178       3       com.android.tools.r8.dex.code.b3::a (57 bytes)
Event: 9619.875 Thread 0x0000000a46d72400 nmethod 101178 0x000000012181e390 code [0x000000012181e5c0, 0x000000012181ead8]
Event: 9619.882 Thread 0x0000000a46d72400 101183       1       com.android.tools.r8.dex.code.J1::t (4 bytes)
Event: 9619.882 Thread 0x0000000a46d72400 nmethod 101183 0x000000012181ed10 code [0x000000012181ee80, 0x000000012181ef58]
Event: 9619.896 Thread 0x0000000a46d72400 101188       3       com.android.tools.r8.dex.code.a0::a (28 bytes)
Event: 9619.896 Thread 0x0000000a46d72400 nmethod 101188 0x000000012181f010 code [0x000000012181f240, 0x000000012181f8e8]
Event: 9619.949 Thread 0x0000000a46d72400 101201       3       com.android.tools.r8.dex.K::b (36 bytes)
Event: 9619.949 Thread 0x0000000a46d72400 nmethod 101201 0x000000012181fc10 code [0x000000012181fe00, 0x0000000121820178]
Event: 9619.956 Thread 0x0000000a46d72400 101204       3       com.android.tools.r8.dex.J::<init> (19 bytes)
Event: 9619.956 Thread 0x0000000a46d72400 nmethod 101204 0x0000000121820310 code [0x00000001218204c0, 0x0000000121820658]
Event: 9619.956 Thread 0x0000000a46d72400 101205       3       com.android.tools.r8.dex.J::a (41 bytes)
Event: 9619.956 Thread 0x0000000a46d72400 nmethod 101205 0x0000000121820710 code [0x00000001218209c0, 0x00000001218212d8]
Event: 9619.987 Thread 0x0000000a46d71e00 nmethod 101087 0x0000000121821710 code [0x00000001218225c0, 0x000000012182c500]
Event: 9619.987 Thread 0x0000000a46d71e00 100975       4       org.jetbrains.org.objectweb.asm.ClassReader::readElementValue (1237 bytes)
Event: 9619.998 Thread 0x0000000a46d72400 101232       2       org.jetbrains.org.objectweb.asm.MethodVisitor::visitAnnotation (19 bytes)
Event: 9619.998 Thread 0x0000000a46d72400 nmethod 101232 0x0000000121832410 code [0x00000001218325c0, 0x0000000121832748]

GC Heap History (20 events):
Event: 9615.079 GC heap before
{Heap before GC invocations=292 (full 1):
 garbage-first heap   total 2097152K, used 1232689K [0x000000052a800000, 0x00000005aa800000)
  region size 1024K, 102 young (104448K), 44 survivors (45056K)
 Metaspace       used 352120K, committed 357312K, reserved 1376256K
  class space    used 44396K, committed 46272K, reserved 1048576K
}
Event: 9615.154 GC heap after
{Heap after GC invocations=293 (full 1):
 garbage-first heap   total 2097152K, used 980541K [0x000000052a800000, 0x00000005aa800000)
  region size 1024K, 2 young (2048K), 2 survivors (2048K)
 Metaspace       used 352120K, committed 357312K, reserved 1376256K
  class space    used 44396K, committed 46272K, reserved 1048576K
}
Event: 9615.290 GC heap before
{Heap before GC invocations=293 (full 1):
 garbage-first heap   total 2097152K, used 1083965K [0x000000052a800000, 0x00000005aa800000)
  region size 1024K, 102 young (104448K), 2 survivors (2048K)
 Metaspace       used 352120K, committed 357312K, reserved 1376256K
  class space    used 44396K, committed 46272K, reserved 1048576K
}
Event: 9615.389 GC heap after
{Heap after GC invocations=294 (full 1):
 garbage-first heap   total 2097152K, used 834319K [0x000000052a800000, 0x00000005aa800000)
  region size 1024K, 5 young (5120K), 5 survivors (5120K)
 Metaspace       used 352120K, committed 357312K, reserved 1376256K
  class space    used 44396K, committed 46272K, reserved 1048576K
}
Event: 9615.653 GC heap before
{Heap before GC invocations=294 (full 1):
 garbage-first heap   total 2097152K, used 944911K [0x000000052a800000, 0x00000005aa800000)
  region size 1024K, 102 young (104448K), 5 survivors (5120K)
 Metaspace       used 352285K, committed 357312K, reserved 1376256K
  class space    used 44414K, committed 46272K, reserved 1048576K
}
Event: 9615.725 GC heap after
{Heap after GC invocations=295 (full 1):
 garbage-first heap   total 2097152K, used 815217K [0x000000052a800000, 0x00000005aa800000)
  region size 1024K, 6 young (6144K), 6 survivors (6144K)
 Metaspace       used 352285K, committed 357312K, reserved 1376256K
  class space    used 44414K, committed 46272K, reserved 1048576K
}
Event: 9615.752 GC heap before
{Heap before GC invocations=295 (full 1):
 garbage-first heap   total 2097152K, used 824433K [0x000000052a800000, 0x00000005aa800000)
  region size 1024K, 16 young (16384K), 6 survivors (6144K)
 Metaspace       used 352636K, committed 357312K, reserved 1376256K
  class space    used 44450K, committed 46272K, reserved 1048576K
}
Event: 9615.759 GC heap after
{Heap after GC invocations=296 (full 1):
 garbage-first heap   total 2097152K, used 815973K [0x000000052a800000, 0x00000005aa800000)
  region size 1024K, 7 young (7168K), 7 survivors (7168K)
 Metaspace       used 352636K, committed 357312K, reserved 1376256K
  class space    used 44450K, committed 46272K, reserved 1048576K
}
Event: 9616.410 GC heap before
{Heap before GC invocations=296 (full 1):
 garbage-first heap   total 2097152K, used 1645413K [0x000000052a800000, 0x00000005aa800000)
  region size 1024K, 792 young (811008K), 7 survivors (7168K)
 Metaspace       used 355195K, committed 357888K, reserved 1376256K
  class space    used 44681K, committed 46272K, reserved 1048576K
}
Event: 9616.434 GC heap after
{Heap after GC invocations=297 (full 1):
 garbage-first heap   total 2097152K, used 841344K [0x000000052a800000, 0x00000005aa800000)
  region size 1024K, 20 young (20480K), 20 survivors (20480K)
 Metaspace       used 355195K, committed 357888K, reserved 1376256K
  class space    used 44681K, committed 46272K, reserved 1048576K
}
Event: 9616.796 GC heap before
{Heap before GC invocations=297 (full 1):
 garbage-first heap   total 2097152K, used 1605248K [0x000000052a800000, 0x00000005aa800000)
  region size 1024K, 821 young (840704K), 20 survivors (20480K)
 Metaspace       used 355276K, committed 357952K, reserved 1376256K
  class space    used 44681K, committed 46272K, reserved 1048576K
}
Event: 9616.831 GC heap after
{Heap after GC invocations=298 (full 1):
 garbage-first heap   total 2097152K, used 788785K [0x000000052a800000, 0x00000005aa800000)
  region size 1024K, 24 young (24576K), 24 survivors (24576K)
 Metaspace       used 355276K, committed 357952K, reserved 1376256K
  class space    used 44681K, committed 46272K, reserved 1048576K
}
Event: 9617.627 GC heap before
{Heap before GC invocations=299 (full 1):
 garbage-first heap   total 2097152K, used 1685809K [0x000000052a800000, 0x00000005aa800000)
  region size 1024K, 892 young (913408K), 24 survivors (24576K)
 Metaspace       used 355356K, committed 358016K, reserved 1376256K
  class space    used 44685K, committed 46272K, reserved 1048576K
}
Event: 9617.755 GC heap after
{Heap after GC invocations=300 (full 1):
 garbage-first heap   total 2097152K, used 800762K [0x000000052a800000, 0x00000005aa800000)
  region size 1024K, 29 young (29696K), 29 survivors (29696K)
 Metaspace       used 355356K, committed 358016K, reserved 1376256K
  class space    used 44685K, committed 46272K, reserved 1048576K
}
Event: 9617.854 GC heap before
{Heap before GC invocations=300 (full 1):
 garbage-first heap   total 2097152K, used 875514K [0x000000052a800000, 0x00000005aa800000)
  region size 1024K, 102 young (104448K), 29 survivors (29696K)
 Metaspace       used 355356K, committed 358016K, reserved 1376256K
  class space    used 44685K, committed 46272K, reserved 1048576K
}
Event: 9618.015 GC heap after
{Heap after GC invocations=301 (full 1):
 garbage-first heap   total 2097152K, used 758477K [0x000000052a800000, 0x00000005aa800000)
  region size 1024K, 4 young (4096K), 4 survivors (4096K)
 Metaspace       used 355356K, committed 358016K, reserved 1376256K
  class space    used 44685K, committed 46272K, reserved 1048576K
}
Event: 9618.647 GC heap before
{Heap before GC invocations=301 (full 1):
 garbage-first heap   total 2097152K, used 1199821K [0x000000052a800000, 0x00000005aa800000)
  region size 1024K, 436 young (446464K), 4 survivors (4096K)
 Metaspace       used 355630K, committed 358144K, reserved 1376256K
  class space    used 44727K, committed 46272K, reserved 1048576K
}
Event: 9618.688 GC heap after
{Heap after GC invocations=302 (full 1):
 garbage-first heap   total 2097152K, used 769157K [0x000000052a800000, 0x00000005aa800000)
  region size 1024K, 17 young (17408K), 17 survivors (17408K)
 Metaspace       used 355630K, committed 358144K, reserved 1376256K
  class space    used 44727K, committed 46272K, reserved 1048576K
}
Event: 9619.303 GC heap before
{Heap before GC invocations=302 (full 1):
 garbage-first heap   total 2097152K, used 1722501K [0x000000052a800000, 0x00000005aa800000)
  region size 1024K, 943 young (965632K), 17 survivors (17408K)
 Metaspace       used 355656K, committed 358144K, reserved 1376256K
  class space    used 44728K, committed 46272K, reserved 1048576K
}
Event: 9619.355 GC heap after
{Heap after GC invocations=303 (full 1):
 garbage-first heap   total 2097152K, used 789662K [0x000000052a800000, 0x00000005aa800000)
  region size 1024K, 32 young (32768K), 32 survivors (32768K)
 Metaspace       used 355656K, committed 358144K, reserved 1376256K
  class space    used 44728K, committed 46272K, reserved 1048576K
}

Dll operation events (17 events):
Event: 0.010 Loaded shared library /Users/kaisarahmadnajar/Library/Java/JavaVirtualMachines/ms-17.0.18/Contents/Home/lib/libjava.dylib
Event: 0.037 Loaded shared library /Users/kaisarahmadnajar/Library/Java/JavaVirtualMachines/ms-17.0.18/Contents/Home/lib/libzip.dylib
Event: 0.038 Loaded shared library /Users/kaisarahmadnajar/Library/Java/JavaVirtualMachines/ms-17.0.18/Contents/Home/lib/libinstrument.dylib
Event: 0.040 Loaded shared library /Users/kaisarahmadnajar/Library/Java/JavaVirtualMachines/ms-17.0.18/Contents/Home/lib/libnio.dylib
Event: 0.042 Loaded shared library /Users/kaisarahmadnajar/Library/Java/JavaVirtualMachines/ms-17.0.18/Contents/Home/lib/libzip.dylib
Event: 0.091 Loaded shared library /Users/kaisarahmadnajar/Library/Java/JavaVirtualMachines/ms-17.0.18/Contents/Home/lib/libjimage.dylib
Event: 0.110 Loaded shared library /Users/kaisarahmadnajar/Library/Java/JavaVirtualMachines/ms-17.0.18/Contents/Home/lib/libverify.dylib
Event: 0.164 Loaded shared library /Users/kaisarahmadnajar/Library/Java/JavaVirtualMachines/ms-17.0.18/Contents/Home/lib/libnet.dylib
Event: 0.167 Loaded shared library /Users/kaisarahmadnajar/.gradle/native/c067742578af261105cb4f569cf0c3c89f3d7b1fecec35dd04571415982c5e48/osx-aarch64/libnative-platform.dylib
Event: 0.195 Loaded shared library /Users/kaisarahmadnajar/.gradle/native/38dada09dfb8b06ba9b0570ebf7e218e3eb74d4ef43ca46872605cf95ebc2f47/osx-aarch64/libnative-platform-file-events.dylib
Event: 0.485 Loaded shared library /Users/kaisarahmadnajar/Library/Java/JavaVirtualMachines/ms-17.0.18/Contents/Home/lib/libmanagement.dylib
Event: 0.485 Loaded shared library /Users/kaisarahmadnajar/Library/Java/JavaVirtualMachines/ms-17.0.18/Contents/Home/lib/libmanagement_ext.dylib
Event: 0.534 Loaded shared library /Users/kaisarahmadnajar/Library/Java/JavaVirtualMachines/ms-17.0.18/Contents/Home/lib/libextnet.dylib
Event: 14.162 Loaded shared library /Users/kaisarahmadnajar/Library/Java/JavaVirtualMachines/ms-17.0.18/Contents/Home/lib/librmi.dylib
Event: 9103.350 Loaded shared library /Users/kaisarahmadnajar/Library/Java/JavaVirtualMachines/ms-17.0.18/Contents/Home/lib/libawt.dylib
Event: 9103.364 Loaded shared library /Users/kaisarahmadnajar/Library/Java/JavaVirtualMachines/ms-17.0.18/Contents/Home/lib/libawt_lwawt.dylib
Event: 9103.392 Loaded shared library /Users/kaisarahmadnajar/Library/Java/JavaVirtualMachines/ms-17.0.18/Contents/Home/lib/libfontmanager.dylib

Deoptimization events (20 events):
Event: 9619.408 Thread 0x0000000a3d654c00 DEOPT PACKING pc=0x0000000120679f24 sp=0x0000000306c76110
Event: 9619.408 Thread 0x0000000a3d654c00 DEOPT UNPACKING pc=0x000000011d0eb91c sp=0x0000000306c76020 mode 2
Event: 9619.412 Thread 0x0000000a3d654c00 Uncommon trap: trap_request=0xffffff45 fr.pc=0x000000012081c590 relative=0x0000000000003150
Event: 9619.412 Thread 0x0000000a3d654c00 Uncommon trap: reason=unstable_if action=reinterpret pc=0x000000012081c590 method=com.android.tools.r8.utils.A1$g.b()Z @ 4 c2
Event: 9619.413 Thread 0x0000000a3d654c00 DEOPT PACKING pc=0x000000012081c590 sp=0x0000000306c76130
Event: 9619.414 Thread 0x0000000a3d654c00 DEOPT UNPACKING pc=0x000000011d0eb91c sp=0x0000000306c75dd0 mode 2
Event: 9619.755 Thread 0x0000000a3d657600 Uncommon trap: trap_request=0xffffff45 fr.pc=0x00000001213f4b34 relative=0x0000000000001ab4
Event: 9619.755 Thread 0x0000000a3d657600 Uncommon trap: reason=unstable_if action=reinterpret pc=0x00000001213f4b34 method=com.android.tools.r8.utils.A1.b(Lcom/android/tools/r8/utils/f;)Z @ 7 c2
Event: 9619.756 Thread 0x0000000a3d657600 DEOPT PACKING pc=0x00000001213f4b34 sp=0x0000000307ac9b40
Event: 9619.756 Thread 0x0000000a3d657600 DEOPT UNPACKING pc=0x000000011d0eb91c sp=0x0000000307ac9a10 mode 2
Event: 9619.756 Thread 0x0000000a3d657600 Uncommon trap: trap_request=0xffffff45 fr.pc=0x00000001213fc4d0 relative=0x0000000000000d90
Event: 9619.756 Thread 0x0000000a3d657600 Uncommon trap: reason=unstable_if action=reinterpret pc=0x00000001213fc4d0 method=com.android.tools.r8.utils.A1.b(Lcom/android/tools/r8/utils/f;)Z @ 7 c2
Event: 9619.756 Thread 0x0000000a3d657600 DEOPT PACKING pc=0x00000001213fc4d0 sp=0x0000000307ac9a90
Event: 9619.756 Thread 0x0000000a3d657600 DEOPT UNPACKING pc=0x000000011d0eb91c sp=0x0000000307ac99f0 mode 2
Event: 9619.872 Thread 0x0000000a4206ea00 DEOPT PACKING pc=0x00000001205de6b4 sp=0x000000017f8b70b0
Event: 9619.872 Thread 0x0000000a4206ea00 DEOPT UNPACKING pc=0x000000011d0eb77c sp=0x000000017f8b6d70 mode 0
Event: 9619.948 Thread 0x0000000a3d657600 Uncommon trap: trap_request=0xffffff45 fr.pc=0x00000001213fe908 relative=0x00000000000008c8
Event: 9619.948 Thread 0x0000000a3d657600 Uncommon trap: reason=unstable_if action=reinterpret pc=0x00000001213fe908 method=com.android.tools.r8.utils.A1.a(Lcom/android/tools/r8/utils/f;)Z @ 7 c2
Event: 9619.948 Thread 0x0000000a3d657600 DEOPT PACKING pc=0x00000001213fe908 sp=0x0000000307ac9940
Event: 9619.948 Thread 0x0000000a3d657600 DEOPT UNPACKING pc=0x000000011d0eb91c sp=0x0000000307ac98b0 mode 2

Classes loaded (20 events):
Event: 9355.340 Loading class com/sun/org/apache/xerces/internal/dom/DeferredDocumentTypeImpl
Event: 9355.340 Loading class com/sun/org/apache/xerces/internal/dom/DeferredDocumentTypeImpl done
Event: 9355.346 Loading class com/sun/org/apache/xerces/internal/dom/DeferredEntityImpl
Event: 9355.346 Loading class com/sun/org/apache/xerces/internal/dom/EntityImpl
Event: 9355.346 Loading class com/sun/org/apache/xerces/internal/dom/EntityImpl done
Event: 9355.346 Loading class com/sun/org/apache/xerces/internal/dom/DeferredEntityImpl done
Event: 9357.398 Loading class sun/net/www/http/ChunkedInputStream
Event: 9357.398 Loading class sun/net/www/http/ChunkedInputStream done
Event: 9357.606 Loading class jdk/internal/reflect/UnsafeStaticObjectFieldAccessorImpl
Event: 9357.607 Loading class jdk/internal/reflect/UnsafeStaticObjectFieldAccessorImpl done
Event: 9551.869 Loading class java/util/concurrent/locks/ReentrantReadWriteLock$Sync$HoldCounter
Event: 9551.869 Loading class java/util/concurrent/locks/ReentrantReadWriteLock$Sync$HoldCounter done
Event: 9552.081 Loading class java/util/Collections$UnmodifiableSortedMap
Event: 9552.081 Loading class java/util/Collections$UnmodifiableSortedMap done
Event: 9611.897 Loading class sun/nio/fs/UnixFileAttributeViews$Posix
Event: 9611.898 Loading class sun/nio/fs/UnixFileAttributeViews$Posix done
Event: 9612.931 Loading class java/io/BufferedReader$1
Event: 9612.931 Loading class java/io/BufferedReader$1 done
Event: 9618.604 Loading class jdk/internal/reflect/UnsafeQualifiedStaticIntegerFieldAccessorImpl
Event: 9618.605 Loading class jdk/internal/reflect/UnsafeQualifiedStaticIntegerFieldAccessorImpl done

Classes unloaded (20 events):
Event: 9613.799 Thread 0x0000000102846040 Unloading class 0x00000070019f5000 'org/jlleitschuh/gradle/ktlint/reporter/CustomReporter'
Event: 9613.799 Thread 0x0000000102846040 Unloading class 0x00000070019f4cd8 'org/jlleitschuh/gradle/ktlint/KtlintBasePlugin$apply$kotlinScriptAdditionalPathApplier$1'
Event: 9613.799 Thread 0x0000000102846040 Unloading class 0x00000070019f4a90 'org/jlleitschuh/gradle/ktlint/KtlintBasePlugin$apply$filterTargetApplier$1'
Event: 9613.799 Thread 0x0000000102846040 Unloading class 0x00000070019f4880 'org/jlleitschuh/gradle/ktlint/KtlintExtension'
Event: 9613.799 Thread 0x0000000102846040 Unloading class 0x00000070019f4678 'org/jlleitschuh/gradle/ktlint/KtlintBasePlugin$Companion'
Event: 9613.799 Thread 0x0000000102846040 Unloading class 0x00000070019f4440 'org/jlleitschuh/gradle/ktlint/KtlintBasePlugin'
Event: 9613.799 Thread 0x0000000102846040 Unloading class 0x00000070019f4230 'org/jlleitschuh/gradle/ktlint/KtlintPlugin$PluginHolder'
Event: 9613.799 Thread 0x0000000102846040 Unloading class 0x00000070019f4000 'org/jlleitschuh/gradle/ktlint/KtlintPlugin'
Event: 9613.799 Thread 0x0000000102846040 Unloading class 0x00000070019dc400 'jdk/internal/reflect/GeneratedSerializationConstructorAccessor27'
Event: 9613.799 Thread 0x0000000102846040 Unloading class 0x00000070019dc000 'jdk/internal/reflect/GeneratedSerializationConstructorAccessor26'
Event: 9613.799 Thread 0x0000000102846040 Unloading class 0x0000007001910800 'jdk/internal/reflect/GeneratedSerializationConstructorAccessor25'
Event: 9613.799 Thread 0x0000000102846040 Unloading class 0x00000070018ac400 'jdk/internal/reflect/GeneratedSerializationConstructorAccessor24'
Event: 9613.799 Thread 0x0000000102846040 Unloading class 0x00000070018ac000 'jdk/internal/reflect/GeneratedSerializationConstructorAccessor23'
Event: 9613.799 Thread 0x0000000102846040 Unloading class 0x000000700189f800 'jdk/internal/reflect/GeneratedSerializationConstructorAccessor22'
Event: 9613.799 Thread 0x0000000102846040 Unloading class 0x0000007001858c00 'jdk/internal/reflect/GeneratedSerializationConstructorAccessor9'
Event: 9613.799 Thread 0x0000000102846040 Unloading class 0x0000007001858800 'jdk/internal/reflect/GeneratedSerializationConstructorAccessor8'
Event: 9613.799 Thread 0x0000000102846040 Unloading class 0x00000070017b4800 'jdk/internal/reflect/GeneratedSerializationConstructorAccessor7'
Event: 9613.799 Thread 0x0000000102846040 Unloading class 0x0000007001784000 'jdk/internal/reflect/GeneratedSerializationConstructorAccessor4'
Event: 9613.799 Thread 0x0000000102846040 Unloading class 0x0000007001758000 'jdk/internal/reflect/GeneratedSerializationConstructorAccessor2'
Event: 9613.799 Thread 0x0000000102846040 Unloading class 0x00000070015b0c00 'Program'

Classes redefined (0 events):
No events

Internal exceptions (20 events):
Event: 9613.995 Thread 0x0000000a42064c00 Exception <a 'sun/nio/fs/UnixException'{0x00000005a711ad20}> (0x00000005a711ad20) 
thrown [src/hotspot/share/prims/jni.cpp, line 516]
Event: 9614.065 Thread 0x0000000a41291800 Exception <a 'sun/nio/fs/UnixException'{0x00000005aa02c7b8}> (0x00000005aa02c7b8) 
thrown [src/hotspot/share/prims/jni.cpp, line 516]
Event: 9614.066 Thread 0x0000000a42064c00 Exception <a 'sun/nio/fs/UnixException'{0x00000005a9fc0fd8}> (0x00000005a9fc0fd8) 
thrown [src/hotspot/share/prims/jni.cpp, line 516]
Event: 9614.103 Thread 0x0000000a42064c00 Exception <a 'sun/nio/fs/UnixException'{0x00000005a91ea7c8}> (0x00000005a91ea7c8) 
thrown [src/hotspot/share/prims/jni.cpp, line 516]
Event: 9614.115 Thread 0x0000000a42064c00 Exception <a 'sun/nio/fs/UnixException'{0x00000005a8062dd0}> (0x00000005a8062dd0) 
thrown [src/hotspot/share/prims/jni.cpp, line 516]
Event: 9614.146 Thread 0x0000000a42064c00 Exception <a 'sun/nio/fs/UnixException'{0x00000005a4795528}> (0x00000005a4795528) 
thrown [src/hotspot/share/prims/jni.cpp, line 516]
Event: 9614.147 Thread 0x0000000a42065800 Exception <a 'sun/nio/fs/UnixException'{0x00000005a71f03c8}> (0x00000005a71f03c8) 
thrown [src/hotspot/share/prims/jni.cpp, line 516]
Event: 9614.148 Thread 0x0000000a42064600 Exception <a 'sun/nio/fs/UnixException'{0x00000005a459d4d0}> (0x00000005a459d4d0) 
thrown [src/hotspot/share/prims/jni.cpp, line 516]
Event: 9614.148 Thread 0x0000000a42064000 Exception <a 'sun/nio/fs/UnixException'{0x00000005a4629548}> (0x00000005a4629548) 
thrown [src/hotspot/share/prims/jni.cpp, line 516]
Event: 9614.149 Thread 0x0000000a4436ea00 Exception <a 'sun/nio/fs/UnixException'{0x00000005a46a9ca0}> (0x00000005a46a9ca0) 
thrown [src/hotspot/share/prims/jni.cpp, line 516]
Event: 9614.149 Thread 0x0000000a4436c000 Exception <a 'sun/nio/fs/UnixException'{0x00000005a441d458}> (0x00000005a441d458) 
thrown [src/hotspot/share/prims/jni.cpp, line 516]
Event: 9614.150 Thread 0x0000000a42065200 Exception <a 'sun/nio/fs/UnixException'{0x00000005a44c9428}> (0x00000005a44c9428) 
thrown [src/hotspot/share/prims/jni.cpp, line 516]
Event: 9614.161 Thread 0x0000000a42065200 Exception <a 'sun/nio/fs/UnixException'{0x00000005a3bb9a40}> (0x00000005a3bb9a40) 
thrown [src/hotspot/share/prims/jni.cpp, line 516]
Event: 9614.161 Thread 0x0000000a4436ea00 Exception <a 'sun/nio/fs/UnixException'{0x00000005a3e42ee8}> (0x00000005a3e42ee8) 
thrown [src/hotspot/share/prims/jni.cpp, line 516]
Event: 9614.170 Thread 0x0000000a42064000 Exception <a 'sun/nio/fs/UnixException'{0x00000005a32674b0}> (0x00000005a32674b0) 
thrown [src/hotspot/share/prims/jni.cpp, line 516]
Event: 9614.171 Thread 0x0000000a42065200 Exception <a 'sun/nio/fs/UnixException'{0x00000005a30d3978}> (0x00000005a30d3978) 
thrown [src/hotspot/share/prims/jni.cpp, line 516]
Event: 9614.171 Thread 0x0000000a42065800 Exception <a 'sun/nio/fs/UnixException'{0x00000005a3775898}> (0x00000005a3775898) 
thrown [src/hotspot/share/prims/jni.cpp, line 516]
Event: 9614.172 Thread 0x0000000a41d44000 Exception <a 'sun/nio/fs/UnixException'{0x00000005a2e0c708}> (0x00000005a2e0c708) 
thrown [src/hotspot/share/prims/jni.cpp, line 516]
Event: 9618.610 Thread 0x0000000a45684600 Exception <a 'java/lang/NoSuchMethodError'{0x0000000590b93288}: static Lorg/jetbrains/kotlin/gradle/internal/kapt/incremental/ClasspathEntryData;.<clinit>()V> (0x0000000590b93288) 
thrown [src/hotspot/share/prims/jni.cpp, line 1112]
Event: 9619.976 Thread 0x0000000a3d657600 Exception <a 'sun/nio/fs/UnixException'{0x0000000587301460}> (0x0000000587301460) 
thrown [src/hotspot/share/prims/jni.cpp, line 516]

VM Operations (20 events):
Event: 9616.751 Executing VM operation: ICBufferFull
Event: 9616.751 Executing VM operation: ICBufferFull done
Event: 9616.752 Executing VM operation: ICBufferFull
Event: 9616.752 Executing VM operation: ICBufferFull done
Event: 9616.764 Executing VM operation: ICBufferFull
Event: 9616.776 Executing VM operation: ICBufferFull done
Event: 9616.796 Executing VM operation: G1CollectForAllocation
Event: 9616.831 Executing VM operation: G1CollectForAllocation done
Event: 9617.026 Executing VM operation: G1PauseCleanup
Event: 9617.027 Executing VM operation: G1PauseCleanup done
Event: 9617.626 Executing VM operation: G1CollectForAllocation
Event: 9617.755 Executing VM operation: G1CollectForAllocation done
Event: 9617.854 Executing VM operation: G1CollectForAllocation
Event: 9618.015 Executing VM operation: G1CollectForAllocation done
Event: 9618.647 Executing VM operation: G1TryInitiateConcMark
Event: 9618.688 Executing VM operation: G1TryInitiateConcMark done
Event: 9619.303 Executing VM operation: G1CollectForAllocation
Event: 9619.355 Executing VM operation: G1CollectForAllocation done
Event: 9619.534 Executing VM operation: G1PauseRemark
Event: 9619.747 Executing VM operation: G1PauseRemark done

Memory protections (20 events):
Event: 9575.182 Protecting memory [0x00000003026e8000,0x00000003026f4000] with protection modes 0
Event: 9611.790 Protecting memory [0x0000000305c20000,0x0000000305c2c000] with protection modes 0
Event: 9612.021 Protecting memory [0x0000000305e2c000,0x0000000305e38000] with protection modes 0
Event: 9612.055 Protecting memory [0x000000016f06c000,0x000000016f078000] with protection modes 0
Event: 9612.056 Protecting memory [0x0000000306038000,0x0000000306044000] with protection modes 0
Event: 9612.056 Protecting memory [0x0000000306244000,0x0000000306250000] with protection modes 0
Event: 9612.065 Protecting memory [0x000000017fee8000,0x000000017fef4000] with protection modes 0
Event: 9612.065 Protecting memory [0x0000000306450000,0x000000030645c000] with protection modes 0
Event: 9612.065 Protecting memory [0x000000030665c000,0x0000000306668000] with protection modes 0
Event: 9612.562 Protecting memory [0x0000000306868000,0x0000000306874000] with protection modes 0
Event: 9612.562 Protecting memory [0x0000000306a74000,0x0000000306a80000] with protection modes 0
Event: 9612.562 Protecting memory [0x0000000306c80000,0x0000000306c8c000] with protection modes 0
Event: 9612.562 Protecting memory [0x0000000306e8c000,0x0000000306e98000] with protection modes 0
Event: 9612.562 Protecting memory [0x0000000307098000,0x00000003070a4000] with protection modes 0
Event: 9612.562 Protecting memory [0x00000003072a4000,0x00000003072b0000] with protection modes 0
Event: 9612.642 Protecting memory [0x00000003074b0000,0x00000003074bc000] with protection modes 0
Event: 9612.643 Protecting memory [0x00000003076bc000,0x00000003076c8000] with protection modes 0
Event: 9612.645 Protecting memory [0x00000003078c8000,0x00000003078d4000] with protection modes 0
Event: 9612.646 Protecting memory [0x0000000307ad4000,0x0000000307ae0000] with protection modes 0
Event: 9613.952 Protecting memory [0x0000000179478000,0x0000000179484000] with protection modes 3

Nmethod flushes (20 events):
Event: 9616.585 Thread 0x0000000a46d72a00 flushing  nmethod 0x000000011cfcb090
Event: 9616.585 Thread 0x0000000a46d72a00 flushing  nmethod 0x000000011cfda410
Event: 9616.585 Thread 0x0000000a46d72a00 flushing  nmethod 0x000000011cfdd890
Event: 9616.585 Thread 0x0000000a46d72a00 flushing  nmethod 0x000000011cfe0390
Event: 9616.585 Thread 0x0000000a46d72a00 flushing  nmethod 0x000000011cff0310
Event: 9616.585 Thread 0x0000000a46d72a00 flushing  nmethod 0x000000011cff2410
Event: 9616.585 Thread 0x0000000a46d72a00 flushing  nmethod 0x000000011cff3490
Event: 9616.585 Thread 0x0000000a46d72a00 flushing  nmethod 0x000000011cffee90
Event: 9616.585 Thread 0x0000000a46d72a00 flushing  nmethod 0x000000011d001a10
Event: 9616.585 Thread 0x0000000a46d72a00 flushing osr nmethod 0x000000011d01c410
Event: 9616.585 Thread 0x0000000a46d72a00 flushing  nmethod 0x000000011d034910
Event: 9616.585 Thread 0x0000000a46d72a00 flushing  nmethod 0x000000011d036a10
Event: 9616.585 Thread 0x0000000a46d72a00 flushing  nmethod 0x000000011d038510
Event: 9616.585 Thread 0x0000000a46d72a00 flushing  nmethod 0x000000011d047c10
Event: 9616.585 Thread 0x0000000a46d72a00 flushing  nmethod 0x000000011d04ae90
Event: 9616.585 Thread 0x0000000a46d72a00 flushing  nmethod 0x000000011d058990
Event: 9616.585 Thread 0x0000000a46d72a00 flushing  nmethod 0x000000011d060c10
Event: 9616.585 Thread 0x0000000a46d72a00 flushing  nmethod 0x000000011d06c890
Event: 9616.585 Thread 0x0000000a46d72a00 flushing  nmethod 0x000000011d07a090
Event: 9616.585 Thread 0x0000000a46d72a00 flushing  nmethod 0x000000011d07f390

Events (20 events):
Event: 9575.182 Thread 0x0000000a44385e00 Thread added: 0x0000000a40275200
Event: 9611.790 Thread 0x0000000a459f0c00 Thread added: 0x0000000a3d965e00
Event: 9612.021 Thread 0x0000000a41d1cc00 Thread added: 0x0000000a3d967600
Event: 9612.055 Thread 0x0000000a41d1cc00 Thread added: 0x0000000a41d1f600
Event: 9612.056 Thread 0x0000000a41d1cc00 Thread added: 0x0000000a41d1c000
Event: 9612.056 Thread 0x0000000a41d1cc00 Thread added: 0x0000000a3d966400
Event: 9612.065 Thread 0x0000000a418f4600 Thread added: 0x0000000a418f5200
Event: 9612.065 Thread 0x0000000a418f4600 Thread added: 0x0000000a40eb9e00
Event: 9612.065 Thread 0x0000000a418f4600 Thread added: 0x0000000a3d654600
Event: 9612.562 Thread 0x0000000a436c3000 Thread added: 0x0000000a3d654000
Event: 9612.562 Thread 0x0000000a3d654000 Thread added: 0x0000000a3d654c00
Event: 9612.562 Thread 0x0000000a3d654c00 Thread added: 0x0000000a3d655200
Event: 9612.562 Thread 0x0000000a3d655200 Thread added: 0x0000000a3d655800
Event: 9612.562 Thread 0x0000000a3d655800 Thread added: 0x0000000a3d655e00
Event: 9612.562 Thread 0x0000000a3d655e00 Thread added: 0x0000000a3d656400
Event: 9612.642 Thread 0x0000000a3d656400 Thread added: 0x0000000a3d656a00
Event: 9612.643 Thread 0x0000000a3d656a00 Thread added: 0x0000000a3d657000
Event: 9612.645 Thread 0x0000000a3d657000 Thread added: 0x0000000a3d657600
Event: 9612.645 Thread 0x0000000a3d657600 Thread added: 0x0000000a3d658600
Event: 9613.952 Thread 0x0000000a418eb000 Thread exited: 0x0000000a418eb000


Dynamic libraries:
0x000000010219c000 	/Users/kaisarahmadnajar/Library/Java/JavaVirtualMachines/ms-17.0.18/Contents/Home/lib/libjli.dylib
0x00000001a8dd9000 	/System/Library/Frameworks/Cocoa.framework/Versions/A/Cocoa
0x000000018dabf000 	/System/Library/Frameworks/AppKit.framework/Versions/C/AppKit
0x00000001910fe000 	/System/Library/Frameworks/CoreData.framework/Versions/A/CoreData
0x000000018aeba000 	/System/Library/Frameworks/Foundation.framework/Versions/C/Foundation
0x000000019945c000 	/usr/lib/libSystem.B.dylib
0x000000018f1e2000 	/System/Library/PrivateFrameworks/UIFoundation.framework/Versions/A/UIFoundation
0x0000000241e72000 	/System/Library/PrivateFrameworks/CollectionViewCore.framework/Versions/A/CollectionViewCore
0x0000000196703000 	/System/Library/PrivateFrameworks/XCTTargetBootstrap.framework/Versions/A/XCTTargetBootstrap
0x00000002546ca000 	/System/Library/PrivateFrameworks/GenerativeModels.framework/Versions/A/GenerativeModels
0x000000019bdf0000 	/System/Library/PrivateFrameworks/InternationalSupport.framework/Versions/A/InternationalSupport
0x000000019c14c000 	/System/Library/PrivateFrameworks/UserActivity.framework/Versions/A/UserActivity
0x0000000191793000 	/System/Library/PrivateFrameworks/BaseBoard.framework/Versions/A/BaseBoard
0x000000024b8e0000 	/System/Library/PrivateFrameworks/FrontBoard.framework/Versions/A/FrontBoard
0x00000001a3b1c000 	/System/Library/PrivateFrameworks/FrontBoardServices.framework/Versions/A/FrontBoardServices
0x000000028c693000 	/usr/lib/libRosetta.dylib
0x000000027f9b6000 	/System/Library/PrivateFrameworks/UIIntelligenceSupport.framework/Versions/A/UIIntelligenceSupport
0x0000000236207000 	/System/Library/Frameworks/SwiftUICore.framework/Versions/A/SwiftUICore
0x000000028654b000 	/System/Library/PrivateFrameworks/WritingTools.framework/Versions/A/WritingTools
0x0000000285346000 	/System/Library/PrivateFrameworks/WindowManagement.framework/Versions/A/WindowManagement
0x000000018ab29000 	/System/Library/Frameworks/SystemConfiguration.framework/Versions/A/SystemConfiguration
0x000000019b05b000 	/usr/lib/libspindump.dylib
0x000000018f39b000 	/System/Library/Frameworks/UniformTypeIdentifiers.framework/Versions/A/UniformTypeIdentifiers
0x00000001986b3000 	/usr/lib/libbsm.0.dylib
0x0000000193e95000 	/usr/lib/libapp_launch_measurement.dylib
0x000000019319e000 	/System/Library/PrivateFrameworks/CoreAnalytics.framework/Versions/A/CoreAnalytics
0x0000000193e99000 	/System/Library/PrivateFrameworks/CoreAutoLayout.framework/Versions/A/CoreAutoLayout
0x0000000195c7c000 	/System/Library/Frameworks/Metal.framework/Versions/A/Metal
0x000000019703f000 	/usr/lib/liblangid.dylib
0x0000000196709000 	/System/Library/PrivateFrameworks/CoreSVG.framework/Versions/A/CoreSVG
0x000000018fdf5000 	/System/Library/PrivateFrameworks/SkyLight.framework/Versions/A/SkyLight
0x000000024b615000 	/System/Library/PrivateFrameworks/FocusEngine.framework/Versions/A/FocusEngine
0x00000001903ac000 	/System/Library/Frameworks/CoreGraphics.framework/Versions/A/CoreGraphics
0x0000000249021000 	/System/Library/PrivateFrameworks/DesignLibrary.framework/Versions/A/DesignLibrary
0x00000001a1da8000 	/System/Library/Frameworks/Accelerate.framework/Versions/A/Accelerate
0x000000019ae51000 	/System/Library/PrivateFrameworks/IconServices.framework/Versions/A/IconServices
0x0000000195c54000 	/System/Library/Frameworks/IOSurface.framework/Versions/A/IOSurface
0x00000001931ce000 	/usr/lib/libDiagnosticMessagesClient.dylib
0x00000001993a6000 	/usr/lib/libz.1.dylib
0x00000001a61f6000 	/System/Library/Frameworks/ApplicationServices.framework/Versions/A/ApplicationServices
0x00000001966ee000 	/System/Library/PrivateFrameworks/DFRFoundation.framework/Versions/A/DFRFoundation
0x000000018d30e000 	/usr/lib/libicucore.A.dylib
0x000000019d377000 	/System/Library/Frameworks/AudioToolbox.framework/Versions/A/AudioToolbox
0x000000019c0fa000 	/System/Library/PrivateFrameworks/DataDetectorsCore.framework/Versions/A/DataDetectorsCore
0x00000002808ff000 	/System/Library/PrivateFrameworks/UpdateCycle.framework/Versions/A/UpdateCycle
0x00000001ba6fa000 	/System/Library/PrivateFrameworks/TextInput.framework/Versions/A/TextInput
0x000000018fd39000 	/usr/lib/libMobileGestalt.dylib
0x00000001963f2000 	/System/Library/Frameworks/Carbon.framework/Versions/A/Frameworks/HIToolbox.framework/Versions/A/HIToolbox
0x00000001936f8000 	/System/Library/Frameworks/QuartzCore.framework/Versions/A/QuartzCore
0x000000018ceef000 	/System/Library/Frameworks/Security.framework/Versions/A/Security
0x00000001a1717000 	/System/Library/Frameworks/Carbon.framework/Versions/A/Frameworks/SpeechRecognition.framework/Versions/A/SpeechRecognition
0x0000000193b60000 	/System/Library/PrivateFrameworks/CoreUI.framework/Versions/A/CoreUI
0x000000018c759000 	/System/Library/Frameworks/CoreAudio.framework/Versions/A/CoreAudio
0x00000001932c9000 	/System/Library/Frameworks/DiskArbitration.framework/Versions/A/DiskArbitration
0x000000019b5f9000 	/System/Library/PrivateFrameworks/MultitouchSupport.framework/Versions/A/MultitouchSupport
0x000000018fd37000 	/usr/lib/libenergytrace.dylib
0x00000001ada69000 	/System/Library/PrivateFrameworks/RenderBox.framework/Versions/A/RenderBox
0x000000018d966000 	/System/Library/Frameworks/IOKit.framework/Versions/A/IOKit
0x00000001a1b29000 	/System/Library/Frameworks/CoreServices.framework/Versions/A/CoreServices
0x0000000193e1c000 	/System/Library/PrivateFrameworks/PerformanceAnalysis.framework/Versions/A/PerformanceAnalysis
0x000000022eaf4000 	/System/Library/Frameworks/OpenGL.framework/Versions/A/OpenGL
0x0000000193ee2000 	/usr/lib/libxml2.2.dylib
0x0000000198594000 	/System/Library/PrivateFrameworks/MobileKeyBag.framework/Versions/A/MobileKeyBag
0x00000001891a8000 	/usr/lib/libobjc.A.dylib
0x000000018951d000 	/usr/lib/libc++.1.dylib
0x00000001a1aa7000 	/System/Library/Frameworks/Accessibility.framework/Versions/A/Accessibility
0x0000000190b02000 	/System/Library/Frameworks/ColorSync.framework/Versions/A/ColorSync
0x000000018964d000 	/System/Library/Frameworks/CoreFoundation.framework/Versions/A/CoreFoundation
0x0000000196a87000 	/System/Library/Frameworks/CoreImage.framework/Versions/A/CoreImage
0x000000018c530000 	/System/Library/Frameworks/CoreText.framework/Versions/A/CoreText
0x00000002304f4000 	/System/Library/Frameworks/CoreTransferable.framework/Versions/A/CoreTransferable
0x0000000230a0f000 	/System/Library/Frameworks/DataDetection.framework/Versions/A/DataDetection
0x0000000230a26000 	/System/Library/Frameworks/DeveloperToolsSupport.framework/Versions/A/DeveloperToolsSupport
0x0000000196747000 	/System/Library/Frameworks/ImageIO.framework/Versions/A/ImageIO
0x0000000237164000 	/System/Library/Frameworks/Symbols.framework/Versions/A/Symbols
0x00000001bfa75000 	/System/Library/PrivateFrameworks/AttributeGraph.framework/Versions/A/AttributeGraph
0x00000001a3bf6000 	/System/Library/PrivateFrameworks/BoardServices.framework/Versions/A/BoardServices
0x00000001e4c6c000 	/System/Library/PrivateFrameworks/FeatureFlags.framework/Versions/A/FeatureFlags
0x0000000254b75000 	/System/Library/PrivateFrameworks/Gestures.framework/Versions/A/Gestures
0x0000000199460000 	/System/Library/PrivateFrameworks/SoftLinking.framework/Versions/A/SoftLinking
0x00000001ce752000 	/usr/lib/swift/libswiftAccelerate.dylib
0x00000001c48c9000 	/usr/lib/swift/libswiftCompression.dylib
0x000000019cccc000 	/usr/lib/swift/libswiftCore.dylib
0x00000001b691a000 	/usr/lib/swift/libswiftCoreFoundation.dylib
0x00000001b697a000 	/usr/lib/swift/libswiftCoreImage.dylib
0x00000001a3895000 	/usr/lib/swift/libswiftDispatch.dylib
0x00000001b697b000 	/usr/lib/swift/libswiftIOKit.dylib
0x00000001c48bb000 	/usr/lib/swift/libswiftMetal.dylib
0x00000001d4080000 	/usr/lib/swift/libswiftOSLog.dylib
0x00000001a686d000 	/usr/lib/swift/libswiftObjectiveC.dylib
0x000000028de0c000 	/usr/lib/swift/libswiftObservation.dylib
0x00000001c9caf000 	/usr/lib/swift/libswiftQuartzCore.dylib
0x000000028dece000 	/usr/lib/swift/libswiftSpatial.dylib
0x000000028df48000 	/usr/lib/swift/libswiftSynchronization.dylib
0x00000001ce742000 	/usr/lib/swift/libswiftUniformTypeIdentifiers.dylib
0x00000001b692d000 	/usr/lib/swift/libswiftXPC.dylib
0x000000028df8e000 	/usr/lib/swift/libswift_Builtin_float.dylib
0x000000028df8f000 	/usr/lib/swift/libswift_Concurrency.dylib
0x00000001a6871000 	/usr/lib/swift/libswiftos.dylib
0x00000001ba46c000 	/usr/lib/swift/libswiftsimd.dylib
0x0000000199684000 	/usr/lib/libcompression.dylib
0x000000019bd59000 	/System/Library/PrivateFrameworks/TextureIO.framework/Versions/A/TextureIO
0x0000000190caa000 	/System/Library/Frameworks/ApplicationServices.framework/Versions/A/Frameworks/HIServices.framework/Versions/A/HIServices
0x000000019aadb000 	/usr/lib/libate.dylib
0x0000000199456000 	/usr/lib/system/libcache.dylib
0x0000000199411000 	/usr/lib/system/libcommonCrypto.dylib
0x000000019943c000 	/usr/lib/system/libcompiler_rt.dylib
0x0000000199431000 	/usr/lib/system/libcopyfile.dylib
0x0000000189351000 	/usr/lib/system/libcorecrypto.dylib
0x0000000189451000 	/usr/lib/system/libdispatch.dylib
0x00000001891fb000 	/usr/lib/system/libdyld.dylib
0x000000019944c000 	/usr/lib/system/libkeymgr.dylib
0x00000001993f4000 	/usr/lib/system/libmacho.dylib
0x000000019868b000 	/usr/lib/system/libquarantine.dylib
0x0000000199449000 	/usr/lib/system/libremovefile.dylib
0x000000018fdb9000 	/usr/lib/system/libsystem_asl.dylib
0x00000001892d7000 	/usr/lib/system/libsystem_blocks.dylib
0x000000018949c000 	/usr/lib/system/libsystem_c.dylib
0x0000000199440000 	/usr/lib/system/libsystem_collections.dylib
0x000000019702c000 	/usr/lib/system/libsystem_configuration.dylib
0x0000000195c1b000 	/usr/lib/system/libsystem_containermanager.dylib
0x0000000198e2a000 	/usr/lib/system/libsystem_coreservices.dylib
0x000000018d5e4000 	/usr/lib/system/libsystem_darwin.dylib
0x000000028e2b0000 	/usr/lib/system/libsystem_darwindirectory.dylib
0x000000019944d000 	/usr/lib/system/libsystem_dnssd.dylib
0x000000028e2b4000 	/usr/lib/system/libsystem_eligibility.dylib
0x0000000189499000 	/usr/lib/system/libsystem_featureflags.dylib
0x000000018961d000 	/usr/lib/system/libsystem_info.dylib
0x00000001993b5000 	/usr/lib/system/libsystem_m.dylib
0x0000000189400000 	/usr/lib/system/libsystem_malloc.dylib
0x000000018fd1c000 	/usr/lib/system/libsystem_networkextension.dylib
0x000000018da4f000 	/usr/lib/system/libsystem_notify.dylib
0x0000000197031000 	/usr/lib/system/libsystem_sandbox.dylib
0x000000028e2be000 	/usr/lib/system/libsystem_sanitizers.dylib
0x0000000199445000 	/usr/lib/system/libsystem_secinit.dylib
0x00000001895c9000 	/usr/lib/system/libsystem_kernel.dylib
0x0000000189614000 	/usr/lib/system/libsystem_platform.dylib
0x0000000189607000 	/usr/lib/system/libsystem_pthread.dylib
0x0000000191977000 	/usr/lib/system/libsystem_symptoms.dylib
0x0000000189330000 	/usr/lib/system/libsystem_trace.dylib
0x000000028e2c6000 	/usr/lib/system/libsystem_trial.dylib
0x000000019941f000 	/usr/lib/system/libunwind.dylib
0x00000001892db000 	/usr/lib/system/libxpc.dylib
0x00000001895ae000 	/usr/lib/libc++abi.dylib
0x000000028db19000 	/usr/lib/libswiftPrespecialized.dylib
0x000000019945e000 	/usr/lib/libfakelink.dylib
0x000000018f966000 	/System/Library/Frameworks/CFNetwork.framework/Versions/A/CFNetwork
0x00000001994b1000 	/usr/lib/libarchive.2.dylib
0x000000019f7c3000 	/System/Library/Frameworks/Combine.framework/Versions/A/Combine
0x0000000241e97000 	/System/Library/PrivateFrameworks/CollectionsInternal.framework/Versions/A/CollectionsInternal
0x000000026dd96000 	/System/Library/PrivateFrameworks/ReflectionInternal.framework/Versions/A/ReflectionInternal
0x000000026ece9000 	/System/Library/PrivateFrameworks/RuntimeInternal.framework/Versions/A/RuntimeInternal
0x00000001b37b2000 	/usr/lib/swift/libswiftDarwin.dylib
0x000000028df5c000 	/usr/lib/swift/libswiftSystem.dylib
0x000000028e01b000 	/usr/lib/swift/libswift_DarwinFoundation1.dylib
0x000000028e0bf000 	/usr/lib/swift/libswift_StringProcessing.dylib
0x000000018d8e6000 	/System/Library/PrivateFrameworks/CoreServicesInternal.framework/Versions/A/CoreServicesInternal
0x0000000199429000 	/usr/lib/liboah.dylib
0x00000001a5ca1000 	/System/Library/PrivateFrameworks/DiskImages.framework/Versions/A/DiskImages
0x00000001b3257000 	/System/Library/Frameworks/NetFS.framework/Versions/A/NetFS
0x0000000193e5e000 	/System/Library/Frameworks/CoreServices.framework/Versions/A/Frameworks/FSEvents.framework/Versions/A/FSEvents
0x000000018d5ee000 	/System/Library/Frameworks/CoreServices.framework/Versions/A/Frameworks/CarbonCore.framework/Versions/A/CarbonCore
0x000000019323d000 	/System/Library/Frameworks/CoreServices.framework/Versions/A/Frameworks/Metadata.framework/Versions/A/Metadata
0x0000000198e31000 	/System/Library/Frameworks/CoreServices.framework/Versions/A/Frameworks/OSServices.framework/Versions/A/OSServices
0x00000001995a9000 	/System/Library/Frameworks/CoreServices.framework/Versions/A/Frameworks/SearchKit.framework/Versions/A/SearchKit
0x00000001918f1000 	/System/Library/Frameworks/CoreServices.framework/Versions/A/Frameworks/AE.framework/Versions/A/AE
0x0000000189bac000 	/System/Library/Frameworks/CoreServices.framework/Versions/A/Frameworks/LaunchServices.framework/Versions/A/LaunchServices
0x000000019a92f000 	/System/Library/Frameworks/CoreServices.framework/Versions/A/Frameworks/DictionaryServices.framework/Versions/A/DictionaryServices
0x0000000193e6b000 	/System/Library/Frameworks/CoreServices.framework/Versions/A/Frameworks/SharedFileList.framework/Versions/A/SharedFileList
0x000000019963c000 	/usr/lib/libapple_nghttp2.dylib
0x0000000191508000 	/usr/lib/libsqlite3.dylib
0x00000001916f1000 	/System/Library/Frameworks/Accounts.framework/Versions/A/Accounts
0x00000001a5ee3000 	/System/Library/PrivateFrameworks/AppSupport.framework/Versions/A/AppSupport
0x00000001b56de000 	/System/Library/Frameworks/AVFoundation.framework/Versions/A/AVFoundation
0x000000019d9fe000 	/System/Library/Frameworks/GSS.framework/Versions/A/GSS
0x0000000191885000 	/System/Library/PrivateFrameworks/RunningBoardServices.framework/Versions/A/RunningBoardServices
0x00000001a67f5000 	/System/Library/PrivateFrameworks/StreamingZip.framework/Versions/A/StreamingZip
0x0000000191980000 	/System/Library/Frameworks/Network.framework/Versions/A/Network
0x00000001993f8000 	/usr/lib/system/libkxld.dylib
0x000000023d477000 	/System/Library/PrivateFrameworks/AppleKeyStore.framework/Versions/A/AppleKeyStore
0x000000028c395000 	/usr/lib/libCoreEntitlements.dylib
0x0000000262479000 	/System/Library/PrivateFrameworks/MessageSecurity.framework/Versions/A/MessageSecurity
0x00000001914ec000 	/System/Library/PrivateFrameworks/ProtocolBuffer.framework/Versions/A/ProtocolBuffer
0x00000001a2ca4000 	/System/Library/PrivateFrameworks/SymptomDiagnosticReporter.framework/Versions/A/SymptomDiagnosticReporter
0x000000019ab74000 	/System/Library/PrivateFrameworks/CrashReporterSupport.framework/Versions/A/CrashReporterSupport
0x0000000198e11000 	/System/Library/PrivateFrameworks/AppleFSCompression.framework/Versions/A/AppleFSCompression
0x000000019869b000 	/usr/lib/libcoretls.dylib
0x000000019a9a5000 	/usr/lib/libcoretls_cfhelpers.dylib
0x000000019967e000 	/usr/lib/libpam.2.dylib
0x000000019aa1b000 	/usr/lib/libxar.1.dylib
0x000000019a9a7000 	/System/Library/PrivateFrameworks/APFS.framework/Versions/A/APFS
0x000000027a416000 	/System/Library/PrivateFrameworks/SwiftASN1Internal.framework/Versions/A/SwiftASN1Internal
0x000000019aa2a000 	/usr/lib/libutil.dylib
0x000000019703a000 	/System/Library/PrivateFrameworks/AppleSystemInfo.framework/Versions/A/AppleSystemInfo
0x0000000198362000 	/System/Library/PrivateFrameworks/IOMobileFramebuffer.framework/Versions/A/IOMobileFramebuffer
0x00000001a5601000 	/System/Library/PrivateFrameworks/CoreWiFi.framework/Versions/A/CoreWiFi
0x00000001b67dc000 	/System/Library/PrivateFrameworks/LoggingSupport.framework/Versions/A/LoggingSupport
0x000000019da61000 	/System/Library/PrivateFrameworks/MobileAsset.framework/Versions/A/MobileAsset
0x00000001a2cb4000 	/System/Library/PrivateFrameworks/PowerLog.framework/Versions/A/PowerLog
0x00000001a4176000 	/System/Library/PrivateFrameworks/Rapport.framework/Versions/A/Rapport
0x000000023609a000 	/System/Library/Frameworks/SwiftData.framework/Versions/A/SwiftData
0x000000019408b000 	/System/Library/PrivateFrameworks/UserManagement.framework/Versions/A/UserManagement
0x000000018f88d000 	/usr/lib/libboringssl.dylib
0x0000000191965000 	/usr/lib/libdns_services.dylib
0x00000001b5812000 	/usr/lib/libquic.dylib
0x000000019cc5d000 	/usr/lib/libusrtcp.dylib
0x000000023e330000 	/System/Library/PrivateFrameworks/AtomicsInternal.framework/Versions/A/AtomicsInternal
0x00000001dcaa3000 	/System/Library/PrivateFrameworks/InternalSwiftProtobuf.framework/Versions/A/InternalSwiftProtobuf
0x000000028dde3000 	/usr/lib/swift/libswiftDistributed.dylib
0x0000000197038000 	/System/Library/PrivateFrameworks/AggregateDictionary.framework/Versions/A/AggregateDictionary
0x000000023eb5e000 	/System/Library/PrivateFrameworks/BiomeLibrary.framework/Versions/A/BiomeLibrary
0x00000001c5926000 	/System/Library/PrivateFrameworks/BiomeStreams.framework/Versions/A/BiomeStreams
0x00000001c198c000 	/System/Library/PrivateFrameworks/BiomeFoundation.framework/Versions/A/BiomeFoundation
0x00000001cbba8000 	/System/Library/PrivateFrameworks/BiomePubSub.framework/Versions/A/BiomePubSub
0x00000001a77d8000 	/System/Library/PrivateFrameworks/ProactiveSupport.framework/Versions/A/ProactiveSupport
0x00000002380f5000 	/System/Library/Frameworks/_LocationEssentials.framework/Versions/A/_LocationEssentials
0x000000019a986000 	/usr/lib/liblzma.5.dylib
0x00000001a61f7000 	/System/Library/PrivateFrameworks/InternationalTextSearch.framework/Versions/A/InternationalTextSearch
0x00000001bde68000 	/System/Library/PrivateFrameworks/SoftwareUpdateCoreSupport.framework/Versions/A/SoftwareUpdateCoreSupport
0x00000001c63c4000 	/System/Library/PrivateFrameworks/SoftwareUpdateCoreConnect.framework/Versions/A/SoftwareUpdateCoreConnect
0x00000001a5d9b000 	/System/Library/PrivateFrameworks/RemoteServiceDiscovery.framework/Versions/A/RemoteServiceDiscovery
0x00000001bda40000 	/System/Library/PrivateFrameworks/MSUDataAccessor.framework/Versions/A/MSUDataAccessor
0x00000001b89a8000 	/usr/lib/libbootpolicy.dylib
0x00000001a5db2000 	/System/Library/PrivateFrameworks/RemoteXPC.framework/Versions/A/RemoteXPC
0x00000001c57fa000 	/usr/lib/libFDR.dylib
0x00000001cb7aa000 	/usr/lib/libamsupport.dylib
0x000000028c68b000 	/usr/lib/libReverseProxyDevice.dylib
0x000000023cce7000 	/System/Library/PrivateFrameworks/AppleDeviceQuerySupport.framework/Versions/A/AppleDeviceQuerySupport
0x00000001ce96c000 	/usr/lib/libpartition2_dynamic.dylib
0x0000000199618000 	/System/Library/PrivateFrameworks/AppleSauce.framework/Versions/A/AppleSauce
0x000000028c240000 	/usr/lib/libAppleArchive.dylib
0x0000000198e1d000 	/usr/lib/libbz2.1.0.dylib
0x00000001932d3000 	/System/Library/Frameworks/Accelerate.framework/Versions/A/Frameworks/vImage.framework/Versions/A/vImage
0x00000001a1b04000 	/System/Library/Frameworks/Accelerate.framework/Versions/A/Frameworks/vecLib.framework/Versions/A/vecLib
0x000000019aa61000 	/System/Library/Frameworks/Accelerate.framework/Versions/A/Frameworks/vecLib.framework/Versions/A/libvMisc.dylib
0x000000018a0b0000 	/System/Library/Frameworks/Accelerate.framework/Versions/A/Frameworks/vecLib.framework/Versions/A/libBLAS.dylib
0x0000000193fc9000 	/System/Library/Frameworks/CoreVideo.framework/Versions/A/CoreVideo
0x000000019d615000 	/System/Library/Frameworks/ApplicationServices.framework/Versions/A/Frameworks/ATS.framework/Versions/A/ATS
0x000000019bce6000 	/System/Library/Frameworks/ApplicationServices.framework/Versions/A/Frameworks/PrintCore.framework/Versions/A/PrintCore
0x000000019d9c7000 	/System/Library/Frameworks/ApplicationServices.framework/Versions/A/Frameworks/QD.framework/Versions/A/QD
0x000000019d9c2000 	/System/Library/Frameworks/ApplicationServices.framework/Versions/A/Frameworks/ColorSyncLegacy.framework/Versions/A/ColorSyncLegacy
0x000000019d5e7000 	/System/Library/Frameworks/ApplicationServices.framework/Versions/A/Frameworks/SpeechSynthesis.framework/Versions/A/SpeechSynthesis
0x0000000196122000 	/System/Library/PrivateFrameworks/FontServices.framework/libFontParser.dylib
0x00000001a5ac3000 	/System/Library/PrivateFrameworks/BackBoardServices.framework/Versions/A/BackBoardServices
0x000000023ea63000 	/System/Library/PrivateFrameworks/BackBoardHIDEventFoundation.framework/Versions/A/BackBoardHIDEventFoundation
0x000000018c04c000 	/System/Library/Frameworks/CoreDisplay.framework/Versions/A/CoreDisplay
0x000000019b63f000 	/System/Library/Frameworks/VideoToolbox.framework/Versions/A/VideoToolbox
0x000000019967c000 	/System/Library/Frameworks/MetalPerformanceShaders.framework/Versions/A/MetalPerformanceShaders
0x000000026cca0000 	/System/Library/PrivateFrameworks/ProDisplayLibrary.framework/Versions/A/ProDisplayLibrary
0x00000001a98f4000 	/System/Library/PrivateFrameworks/IOSurfaceAccelerator.framework/Versions/A/IOSurfaceAccelerator
0x0000000195c71000 	/System/Library/PrivateFrameworks/IOAccelerator.framework/Versions/A/IOAccelerator
0x0000000195f80000 	/System/Library/Frameworks/CoreMedia.framework/Versions/A/CoreMedia
0x000000018fdd1000 	/System/Library/PrivateFrameworks/TCC.framework/Versions/A/TCC
0x000000019b5f7000 	/System/Library/PrivateFrameworks/WatchdogClient.framework/Versions/A/WatchdogClient
0x00000001b68fa000 	/usr/lib/swift/libswiftCoreAudio.dylib
0x00000001d28cd000 	/usr/lib/swift/libswiftCoreMedia.dylib
0x000000028df76000 	/usr/lib/swift/libswiftVideoToolbox.dylib
0x00000001cbc09000 	/System/Library/PrivateFrameworks/BiomeStorage.framework/Versions/A/BiomeStorage
0x000000025b1bd000 	/System/Library/PrivateFrameworks/IntelligencePlatformLibrary.framework/Versions/A/IntelligencePlatformLibrary
0x000000026ba64000 	/System/Library/PrivateFrameworks/PoirotSchematizer.framework/Versions/A/PoirotSchematizer
0x000000023f411000 	/System/Library/PrivateFrameworks/BiomeSync.framework/Versions/A/BiomeSync
0x000000023eb44000 	/System/Library/PrivateFrameworks/BiomeDSL.framework/Versions/A/BiomeDSL
0x000000026bad2000 	/System/Library/PrivateFrameworks/PoirotUDFs.framework/Versions/A/PoirotUDFs
0x000000028e01e000 	/usr/lib/swift/libswift_DarwinFoundation2.dylib
0x000000028e01f000 	/usr/lib/swift/libswift_DarwinFoundation3.dylib
0x00000001a416b000 	/System/Library/PrivateFrameworks/CoreTime.framework/Versions/A/CoreTime
0x0000000199496000 	/usr/lib/libiconv.2.dylib
0x00000001993f3000 	/usr/lib/libcharset.1.dylib
0x000000026ba27000 	/System/Library/PrivateFrameworks/PoirotSQLite.framework/Versions/A/PoirotSQLite
0x000000028e020000 	/usr/lib/swift/libswift_RegexParser.dylib
0x0000000240a47000 	/System/Library/PrivateFrameworks/CascadeSets.framework/Versions/A/CascadeSets
0x000000019dbd8000 	/System/Library/PrivateFrameworks/CorePhoneNumbers.framework/Versions/A/CorePhoneNumbers
0x000000019b3f1000 	/System/Library/PrivateFrameworks/AppleJPEG.framework/Versions/A/AppleJPEG
0x000000019adcb000 	/usr/lib/libexpat.1.dylib
0x000000019bbbc000 	/System/Library/Frameworks/ImageIO.framework/Versions/A/Resources/libPng.dylib
0x000000019bbe7000 	/System/Library/Frameworks/ImageIO.framework/Versions/A/Resources/libTIFF.dylib
0x000000019bccf000 	/System/Library/Frameworks/ImageIO.framework/Versions/A/Resources/libGIF.dylib
0x000000019b436000 	/System/Library/Frameworks/ImageIO.framework/Versions/A/Resources/libJP2.dylib
0x000000019bc76000 	/System/Library/Frameworks/ImageIO.framework/Versions/A/Resources/libJPEG.dylib
0x000000019bc6d000 	/System/Library/Frameworks/ImageIO.framework/Versions/A/Resources/libRadiance.dylib
0x0000000250e74000 	/System/Library/PrivateFrameworks/GPUCompiler.framework/Versions/32023/Libraries/libllvm-flatbuffers.dylib
0x000000024b8d3000 	/System/Library/PrivateFrameworks/FramePacing.framework/Versions/A/FramePacing
0x000000022eae6000 	/System/Library/Frameworks/OpenGL.framework/Versions/A/Libraries/libCoreFSCache.dylib
0x000000024ca01000 	/System/Library/PrivateFrameworks/GPUCompiler.framework/Versions/32023/Libraries/libGPUCompilerUtils.dylib
0x00000001a3cc3000 	/System/Library/PrivateFrameworks/GraphicsServices.framework/Versions/A/GraphicsServices
0x000000022eb45000 	/System/Library/Frameworks/OpenGL.framework/Versions/A/Libraries/libGLU.dylib
0x000000022eb08000 	/System/Library/Frameworks/OpenGL.framework/Versions/A/Libraries/libGFXShared.dylib
0x000000022ecd5000 	/System/Library/Frameworks/OpenGL.framework/Versions/A/Libraries/libGL.dylib
0x000000022eb11000 	/System/Library/Frameworks/OpenGL.framework/Versions/A/Libraries/libGLImage.dylib
0x000000022eb05000 	/System/Library/Frameworks/OpenGL.framework/Versions/A/Libraries/libCVMSPluginSupport.dylib
0x000000022eaee000 	/System/Library/Frameworks/OpenGL.framework/Versions/A/Libraries/libCoreVMClient.dylib
0x000000019bc68000 	/System/Library/PrivateFrameworks/GPUWrangler.framework/Versions/A/GPUWrangler
0x000000019bc48000 	/System/Library/PrivateFrameworks/IOPresentment.framework/Versions/A/IOPresentment
0x000000019bc70000 	/System/Library/PrivateFrameworks/DSExternalDisplay.framework/Versions/A/DSExternalDisplay
0x0000000281fd9000 	/System/Library/PrivateFrameworks/VideoToolboxParavirtualizationSupport.framework/Versions/A/VideoToolboxParavirtualizationSupport
0x000000019ad82000 	/System/Library/PrivateFrameworks/AppleVA.framework/Versions/A/AppleVA
0x0000000230b70000 	/System/Library/Frameworks/ExtensionFoundation.framework/Versions/A/ExtensionFoundation
0x000000019bcd5000 	/System/Library/PrivateFrameworks/CMCaptureCore.framework/Versions/A/CMCaptureCore
0x000000019b04e000 	/System/Library/PrivateFrameworks/AppServerSupport.framework/Versions/A/AppServerSupport
0x000000019d9d0000 	/System/Library/PrivateFrameworks/perfdata.framework/Versions/A/perfdata
0x000000018c16d000 	/System/Library/PrivateFrameworks/AudioToolboxCore.framework/Versions/A/AudioToolboxCore
0x0000000195f56000 	/System/Library/PrivateFrameworks/caulk.framework/Versions/A/caulk
0x000000019d5cd000 	/usr/lib/libAudioStatistics.dylib
0x00000001b5907000 	/System/Library/PrivateFrameworks/SystemPolicy.framework/Versions/A/SystemPolicy
0x000000019d875000 	/usr/lib/libSMC.dylib
0x00000001bd254000 	/usr/lib/swift/libswiftCoreMIDI.dylib
0x00000001a8be6000 	/System/Library/Frameworks/CoreMIDI.framework/Versions/A/CoreMIDI
0x000000019bb96000 	/usr/lib/libAudioToolboxUtility.dylib
0x000000019d9de000 	/usr/lib/libperfcheck.dylib
0x000000023e3ff000 	/System/Library/PrivateFrameworks/AudioAnalytics.framework/Versions/A/AudioAnalytics
0x00000001dc791000 	/System/Library/Frameworks/OSLog.framework/Versions/A/OSLog
0x00000002674da000 	/System/Library/PrivateFrameworks/OSEligibility.framework/Versions/A/OSEligibility
0x0000000231f54000 	/System/Library/Frameworks/LightweightCodeRequirements.framework/Versions/A/LightweightCodeRequirements
0x000000019accb000 	/System/Library/PrivateFrameworks/PlugInKit.framework/Versions/A/PlugInKit
0x00000001985ac000 	/System/Library/PrivateFrameworks/AssertionServices.framework/Versions/A/AssertionServices
0x000000019adf0000 	/System/Library/PrivateFrameworks/IconFoundation.framework/Versions/A/IconFoundation
0x0000000257d4b000 	/System/Library/PrivateFrameworks/IconRendering.framework/Versions/A/IconRendering
0x000000026eeb5000 	/System/Library/PrivateFrameworks/SFSymbols.framework/Versions/A/SFSymbols
0x000000019affe000 	/System/Library/PrivateFrameworks/GraphVisualizer.framework/Versions/A/GraphVisualizer
0x000000024b7de000 	/System/Library/PrivateFrameworks/FontServices.framework/Versions/A/FontServices
0x000000019b00e000 	/System/Library/PrivateFrameworks/OTSVG.framework/Versions/A/OTSVG
0x0000000193b0e000 	/System/Library/Frameworks/ApplicationServices.framework/Versions/A/Frameworks/ATS.framework/Versions/A/Resources/libFontRegistry.dylib
0x000000028d153000 	/usr/lib/libhvf.dylib
0x0000000268166000 	/System/Library/PrivateFrameworks/ParsingInternal.framework/Versions/A/ParsingInternal
0x000000024b7e2000 	/System/Library/PrivateFrameworks/FontServices.framework/libXTFontStaticRegistryData.dylib
0x0000000196f72000 	/System/Library/Frameworks/MetalPerformanceShaders.framework/Versions/A/Frameworks/MPSCore.framework/Versions/A/MPSCore
0x0000000198d7c000 	/System/Library/Frameworks/MetalPerformanceShaders.framework/Versions/A/Frameworks/MPSImage.framework/Versions/A/MPSImage
0x000000019873b000 	/System/Library/Frameworks/MetalPerformanceShaders.framework/Versions/A/Frameworks/MPSNeuralNetwork.framework/Versions/A/MPSNeuralNetwork
0x0000000198b7a000 	/System/Library/Frameworks/MetalPerformanceShaders.framework/Versions/A/Frameworks/MPSMatrix.framework/Versions/A/MPSMatrix
0x0000000198992000 	/System/Library/Frameworks/MetalPerformanceShaders.framework/Versions/A/Frameworks/MPSRayIntersector.framework/Versions/A/MPSRayIntersector
0x0000000198bac000 	/System/Library/Frameworks/MetalPerformanceShaders.framework/Versions/A/Frameworks/MPSNDArray.framework/Versions/A/MPSNDArray
0x0000000232dd9000 	/System/Library/Frameworks/MetalPerformanceShaders.framework/Versions/A/Frameworks/MPSFunctions.framework/Versions/A/MPSFunctions
0x0000000232dba000 	/System/Library/Frameworks/MetalPerformanceShaders.framework/Versions/A/Frameworks/MPSBenchmarkLoop.framework/Versions/A/MPSBenchmarkLoop
0x0000000232ded000 	/System/Library/Frameworks/MetalPerformanceShaders.framework/Versions/A/Frameworks/MPSHost.framework/Versions/A/MPSHost
0x0000000189ec7000 	/System/Library/PrivateFrameworks/MetalTools.framework/Versions/A/MetalTools
0x00000001bbb91000 	/System/Library/PrivateFrameworks/IOAccelMemoryInfo.framework/Versions/A/IOAccelMemoryInfo
0x00000001ca0a2000 	/System/Library/PrivateFrameworks/kperf.framework/Versions/A/kperf
0x00000001b68f6000 	/System/Library/PrivateFrameworks/GPURawCounter.framework/Versions/A/GPURawCounter
0x00000001a7963000 	/System/Library/PrivateFrameworks/ASEProcessing.framework/Versions/A/ASEProcessing
0x00000001d814f000 	/System/Library/PrivateFrameworks/Symbolication.framework/Versions/A/Symbolication
0x000000026b613000 	/System/Library/PrivateFrameworks/PhotosensitivityProcessing.framework/Versions/A/PhotosensitivityProcessing
0x000000026ef3b000 	/System/Library/PrivateFrameworks/SILManager.framework/Versions/A/SILManager
0x00000001a400e000 	/System/Library/PrivateFrameworks/CoreSymbolication.framework/Versions/A/CoreSymbolication
0x00000001b686b000 	/System/Library/PrivateFrameworks/MallocStackLogging.framework/Versions/A/MallocStackLogging
0x00000001a3fec000 	/System/Library/PrivateFrameworks/DebugSymbols.framework/Versions/A/DebugSymbols
0x00000001c8815000 	/System/Library/PrivateFrameworks/OSAnalytics.framework/Versions/A/OSAnalytics
0x0000000249540000 	/System/Library/PrivateFrameworks/DeviceRecovery.framework/Versions/A/DeviceRecovery
0x000000027d869000 	/System/Library/PrivateFrameworks/Tightbeam.framework/Versions/A/Tightbeam
0x00000001ceed9000 	/System/Library/PrivateFrameworks/AFKUser.framework/Versions/A/AFKUser
0x00000001991ea000 	/System/Library/Frameworks/UserNotifications.framework/Versions/A/UserNotifications
0x00000001bc326000 	/System/Library/PrivateFrameworks/SiriInstrumentation.framework/Versions/A/SiriInstrumentation
0x0000000271396000 	/System/Library/PrivateFrameworks/SiriAnalytics.framework/Versions/A/SiriAnalytics
0x00000001b9a8e000 	/System/Library/PrivateFrameworks/FeedbackLogger.framework/Versions/A/FeedbackLogger
0x00000001d4319000 	/usr/lib/swift/libswiftAVFoundation.dylib
0x0000000280091000 	/System/Library/PrivateFrameworks/UnifiedAssetFramework.framework/Versions/A/UnifiedAssetFramework
0x000000019d54c000 	/System/Library/PrivateFrameworks/AudioSession.framework/Versions/A/AudioSession
0x000000019af0f000 	/System/Library/PrivateFrameworks/MediaExperience.framework/Versions/A/MediaExperience
0x000000019d321000 	/System/Library/PrivateFrameworks/AudioSession.framework/libSessionUtility.dylib
0x00000001a2b99000 	/System/Library/Frameworks/CoreBluetooth.framework/Versions/A/CoreBluetooth
0x000000019841f000 	/System/Library/PrivateFrameworks/CoreUtils.framework/Versions/A/CoreUtils
0x00000001ae79c000 	/System/Library/PrivateFrameworks/HID.framework/Versions/A/HID
0x0000000248459000 	/System/Library/PrivateFrameworks/CoreUtilsExtras.framework/Versions/A/CoreUtilsExtras
0x0000000257ca0000 	/System/Library/PrivateFrameworks/IO80211.framework/Versions/A/IO80211
0x000000019f50f000 	/System/Library/Frameworks/IOBluetooth.framework/Versions/A/IOBluetooth
0x000000028de2b000 	/usr/lib/swift/libswiftRegexBuilder.dylib
0x000000019ab6b000 	/usr/lib/libIOReport.dylib
0x00000001e4cf0000 	/System/Library/PrivateFrameworks/WiFiPeerToPeer.framework/Versions/A/WiFiPeerToPeer
0x00000001985bb000 	/System/Library/Frameworks/SecurityFoundation.framework/Versions/A/SecurityFoundation
0x0000000240afb000 	/System/Library/PrivateFrameworks/Centauri.framework/Versions/A/Centauri
0x000000018a8ab000 	/System/Library/PrivateFrameworks/Lexicon.framework/Versions/A/Lexicon
0x000000028d5a3000 	/usr/lib/libmrc.dylib
0x0000000257d0b000 	/System/Library/PrivateFrameworks/IPConfiguration.framework/Versions/A/IPConfiguration
0x00000001d8926000 	/System/Library/PrivateFrameworks/Netrb.framework/Versions/A/Netrb
0x0000000198724000 	/usr/lib/libgermantok.dylib
0x0000000197161000 	/System/Library/PrivateFrameworks/LinguisticData.framework/Versions/A/LinguisticData
0x00000001a2da2000 	/System/Library/PrivateFrameworks/MediaKit.framework/Versions/A/MediaKit
0x00000001a2cf0000 	/System/Library/Frameworks/DiscRecording.framework/Versions/A/DiscRecording
0x000000019ade6000 	/usr/lib/libheimdal-asn1.dylib
0x00000001a67cb000 	/System/Library/Frameworks/AudioUnit.framework/Versions/A/AudioUnit
0x0000000193e26000 	/System/Library/Frameworks/OpenDirectory.framework/Versions/A/OpenDirectory
0x0000000193e34000 	/System/Library/Frameworks/OpenDirectory.framework/Versions/A/Frameworks/CFOpenDirectory.framework/Versions/A/CFOpenDirectory
0x000000019f8b7000 	/System/Library/PrivateFrameworks/GeoServices.framework/Versions/A/GeoServices
0x000000019d2e7000 	/System/Library/PrivateFrameworks/LocationSupport.framework/Versions/A/LocationSupport
0x00000002549c7000 	/System/Library/PrivateFrameworks/GeoServicesCore.framework/Versions/A/GeoServicesCore
0x00000001af6a0000 	/System/Library/PrivateFrameworks/PhoneNumbers.framework/Versions/A/PhoneNumbers
0x000000025d14f000 	/System/Library/PrivateFrameworks/LocationLogEncryption.framework/Versions/A/LocationLogEncryption
0x000000022f061000 	/System/Library/Frameworks/AVFAudio.framework/Versions/A/AVFAudio
0x000000022f1a5000 	/System/Library/Frameworks/AVRouting.framework/Versions/A/AVRouting
0x00000001af7b8000 	/usr/lib/libAccessibility.dylib
0x000000025bb39000 	/System/Library/PrivateFrameworks/IsolatedCoreAudioClient.framework/Versions/A/IsolatedCoreAudioClient
0x0000000244291000 	/System/Library/PrivateFrameworks/CoreAudioOrchestration.framework/Versions/A/CoreAudioOrchestration
0x000000019c1bd000 	/System/Library/Frameworks/MediaToolbox.framework/Versions/A/MediaToolbox
0x00000001a2ec8000 	/System/Library/PrivateFrameworks/CoreAVCHD.framework/Versions/A/CoreAVCHD
0x00000001a1df7000 	/System/Library/Frameworks/MediaAccessibility.framework/Versions/A/MediaAccessibility
0x00000001a2ec4000 	/System/Library/PrivateFrameworks/Mangrove.framework/Versions/A/Mangrove
0x0000000240137000 	/System/Library/PrivateFrameworks/CMPhoto.framework/Versions/A/CMPhoto
0x00000001a3691000 	/System/Library/Frameworks/CoreTelephony.framework/Versions/A/CoreTelephony
0x00000001a2eb7000 	/System/Library/PrivateFrameworks/CoreAUC.framework/Versions/A/CoreAUC
0x000000023d2a8000 	/System/Library/PrivateFrameworks/AppleJPEGXL.framework/Versions/A/AppleJPEGXL
0x000000019dbe8000 	/usr/lib/libTelephonyUtilDynamic.dylib
0x00000001df882000 	/System/Library/Frameworks/CryptoKit.framework/Versions/A/CryptoKit
0x00000001a67c6000 	/System/Library/PrivateFrameworks/CryptoKitCBridging.framework/Versions/A/CryptoKitCBridging
0x00000001a3cd5000 	/System/Library/Frameworks/CryptoTokenKit.framework/Versions/A/CryptoTokenKit
0x0000000248fb1000 	/System/Library/PrivateFrameworks/Dendrite.framework/Versions/A/Dendrite
0x00000001b649e000 	/System/Library/Frameworks/NaturalLanguage.framework/Versions/A/NaturalLanguage
0x00000001e4c78000 	/usr/lib/swift/libswiftNaturalLanguage.dylib
0x000000023de1e000 	/System/Library/PrivateFrameworks/AppleMobileFileIntegrity.framework/Versions/A/AppleMobileFileIntegrity
0x000000028c702000 	/usr/lib/libTLE.dylib
0x00000001b689d000 	/usr/lib/libmis.dylib
0x00000001ee37f000 	/System/Library/PrivateFrameworks/ConfigProfileHelper.framework/Versions/A/ConfigProfileHelper
0x00000001a6955000 	/System/Library/PrivateFrameworks/Espresso.framework/Versions/A/Espresso
0x00000001945b5000 	/System/Library/Frameworks/CoreML.framework/Versions/A/CoreML
0x00000001e2b35000 	/usr/lib/libedit.3.dylib
0x000000022be70000 	/System/Library/PrivateFrameworks/ANECompiler.framework/Versions/A/ANECompiler
0x00000001a8a2a000 	/System/Library/PrivateFrameworks/AppleNeuralEngine.framework/Versions/A/AppleNeuralEngine
0x000000025d26d000 	/System/Library/PrivateFrameworks/MIL.framework/Versions/A/MIL
0x0000000232df3000 	/System/Library/Frameworks/MetalPerformanceShadersGraph.framework/Versions/A/MetalPerformanceShadersGraph
0x000000025d9dc000 	/System/Library/PrivateFrameworks/MLCompilerServices.framework/Versions/A/MLCompilerServices
0x00000001a77a7000 	/System/Library/PrivateFrameworks/ANEServices.framework/Versions/A/ANEServices
0x00000001bbb54000 	/usr/lib/libncurses.5.4.dylib
0x000000018da62000 	/usr/lib/libsandbox.1.dylib
0x000000019ad0c000 	/usr/lib/libMatch.1.dylib
0x000000026725c000 	/System/Library/PrivateFrameworks/ODIE.framework/Versions/A/ODIE
0x0000000260669000 	/System/Library/PrivateFrameworks/MLModelAsset.framework/Versions/A/MLModelAsset
0x000000025d982000 	/System/Library/PrivateFrameworks/MLCompilerRuntime.framework/Versions/A/MLCompilerRuntime
0x00000001989e7000 	/System/Library/Frameworks/MLCompute.framework/Versions/A/MLCompute
0x000000025d904000 	/System/Library/PrivateFrameworks/MLAssetIO.framework/Versions/A/MLAssetIO
0x000000028ddfd000 	/usr/lib/swift/libswiftMLCompute.dylib
0x00000001a38ac000 	/System/Library/PrivateFrameworks/AVFCore.framework/Versions/A/AVFCore
0x00000001ad0ba000 	/System/Library/PrivateFrameworks/AVFCapture.framework/Versions/A/AVFCapture
0x000000023ff2e000 	/System/Library/PrivateFrameworks/CMImaging.framework/Versions/A/CMImaging
0x00000001ad2fc000 	/System/Library/PrivateFrameworks/Quagga.framework/Versions/A/Quagga
0x00000001ad42d000 	/System/Library/PrivateFrameworks/CMCapture.framework/Versions/A/CMCapture
0x000000019d772000 	/System/Library/Frameworks/CoreMediaIO.framework/Versions/A/CoreMediaIO
0x000000023fe69000 	/System/Library/PrivateFrameworks/CMCaptureDevice.framework/Versions/A/CMCaptureDevice
0x000000019b147000 	/System/Library/PrivateFrameworks/CoreBrightness.framework/Versions/A/CoreBrightness
0x0000000240ff2000 	/System/Library/PrivateFrameworks/CinematicFraming.framework/Versions/A/CinematicFraming
0x0000000263744000 	/System/Library/PrivateFrameworks/ModelManagerServices.framework/Versions/A/ModelManagerServices
0x00000001d1383000 	/System/Library/PrivateFrameworks/CPMS.framework/Versions/A/CPMS
0x000000027af91000 	/System/Library/PrivateFrameworks/SystemStatus.framework/Versions/A/SystemStatus
0x00000001b52dc000 	/System/Library/Frameworks/CoreMotion.framework/Versions/A/CoreMotion
0x00000001c58a5000 	/System/Library/PrivateFrameworks/TimeSync.framework/Versions/A/TimeSync
0x0000000249977000 	/System/Library/PrivateFrameworks/DistributedSensing.framework/Versions/A/DistributedSensing
0x00000001c0c9c000 	/System/Library/PrivateFrameworks/MobileBluetooth.framework/Versions/A/MobileBluetooth
0x00000001c7562000 	/System/Library/PrivateFrameworks/IOKitten.framework/Versions/A/IOKitten
0x000000023d122000 	/System/Library/PrivateFrameworks/AppleIntelligenceReporting.framework/Versions/A/AppleIntelligenceReporting
0x000000019832e000 	/System/Library/PrivateFrameworks/CoreEmoji.framework/Versions/A/CoreEmoji
0x000000018abbd000 	/usr/lib/libCRFSuite.dylib
0x000000018be9d000 	/System/Library/PrivateFrameworks/LanguageModeling.framework/Versions/A/LanguageModeling
0x0000000197041000 	/System/Library/PrivateFrameworks/CoreNLP.framework/Versions/A/CoreNLP
0x0000000190e13000 	/System/Library/PrivateFrameworks/Montreal.framework/Versions/A/Montreal
0x000000019949e000 	/usr/lib/libcmph.dylib
0x00000001986c5000 	/usr/lib/libmecab.dylib
0x000000019960f000 	/usr/lib/libThaiTokenizer.dylib
0x00000002547ac000 	/System/Library/PrivateFrameworks/GenerativeModelsFoundation.framework/Versions/A/GenerativeModelsFoundation
0x000000027dd6e000 	/System/Library/PrivateFrameworks/TokenGeneration.framework/Versions/A/TokenGeneration
0x0000000254580000 	/System/Library/PrivateFrameworks/GenerativeFunctions.framework/Versions/A/GenerativeFunctions
0x00000002545ce000 	/System/Library/PrivateFrameworks/GenerativeFunctionsFoundation.framework/Versions/A/GenerativeFunctionsFoundation
0x000000026340a000 	/System/Library/PrivateFrameworks/ModelCatalog.framework/Versions/A/ModelCatalog
0x00000002705b0000 	/System/Library/PrivateFrameworks/SensitiveContentAnalysisML.framework/Versions/A/SensitiveContentAnalysisML
0x0000000254664000 	/System/Library/PrivateFrameworks/GenerativeFunctionsInstrumentation.framework/Versions/A/GenerativeFunctionsInstrumentation
0x000000026d428000 	/System/Library/PrivateFrameworks/PromptKit.framework/Versions/A/PromptKit
0x000000026ce3f000 	/System/Library/PrivateFrameworks/ProactiveDaemonSupport.framework/Versions/A/ProactiveDaemonSupport
0x000000027dfa6000 	/System/Library/PrivateFrameworks/TokenGenerationCore.framework/Versions/A/TokenGenerationCore
0x00000001b7369000 	/System/Library/PrivateFrameworks/Trial.framework/Versions/A/Trial
0x00000001b72ea000 	/System/Library/PrivateFrameworks/TrialProto.framework/Versions/A/TrialProto
0x000000023cd4e000 	/System/Library/PrivateFrameworks/AppleFlatBuffers.framework/Versions/A/AppleFlatBuffers
0x0000000270880000 	/System/Library/PrivateFrameworks/SentencePieceInternal.framework/Versions/A/SentencePieceInternal
0x00000001a1e51000 	/System/Library/Frameworks/Vision.framework/Versions/A/Vision
0x000000024813b000 	/System/Library/PrivateFrameworks/CoreSceneUnderstanding.framework/Versions/A/CoreSceneUnderstanding
0x0000000282be6000 	/System/Library/PrivateFrameworks/VisionCore.framework/Versions/A/VisionCore
0x00000001bfc2a000 	/System/Library/Frameworks/Vision.framework/libfaceCore.dylib
0x00000001c0744000 	/System/Library/PrivateFrameworks/Futhark.framework/Versions/A/Futhark
0x00000001c4682000 	/System/Library/PrivateFrameworks/InertiaCam.framework/Versions/A/InertiaCam
0x00000001c04d1000 	/System/Library/PrivateFrameworks/TextRecognition.framework/Versions/A/TextRecognition
0x000000019aba9000 	/System/Library/PrivateFrameworks/CVNLP.framework/Versions/A/CVNLP
0x00000001dcc7a000 	/System/Library/PrivateFrameworks/HIDDisplay.framework/Versions/A/HIDDisplay
0x000000019bca1000 	/System/Library/Frameworks/ApplicationServices.framework/Versions/A/Frameworks/ATSUI.framework/Versions/A/ATSUI
0x000000019d956000 	/usr/lib/libcups.2.dylib
0x000000019d9ec000 	/System/Library/Frameworks/Kerberos.framework/Versions/A/Kerberos
0x000000019d65d000 	/usr/lib/libresolv.9.dylib
0x000000019b062000 	/System/Library/PrivateFrameworks/Heimdal.framework/Versions/A/Heimdal
0x00000001a67ca000 	/System/Library/Frameworks/Kerberos.framework/Versions/A/Libraries/libHeimdalProxy.dylib
0x000000019da50000 	/System/Library/PrivateFrameworks/CommonAuth.framework/Versions/A/CommonAuth
0x00000001af6ac000 	/System/Library/PrivateFrameworks/AXCoreUtilities.framework/Versions/A/AXCoreUtilities
0x000000028c203000 	/usr/lib/libAXSafeCategoryBundle.dylib
0x000000023717e000 	/System/Library/Frameworks/TabularData.framework/Versions/A/TabularData
0x000000023dfce000 	/System/Library/PrivateFrameworks/ArgumentParserInternal.framework/Versions/A/ArgumentParserInternal
0x00000001981f0000 	/System/Library/Frameworks/Accelerate.framework/Versions/A/Frameworks/vecLib.framework/Versions/A/libvDSP.dylib
0x000000019975e000 	/System/Library/Frameworks/Accelerate.framework/Versions/A/Frameworks/vecLib.framework/Versions/A/libLAPACK.dylib
0x0000000198727000 	/System/Library/Frameworks/Accelerate.framework/Versions/A/Frameworks/vecLib.framework/Versions/A/libLinearAlgebra.dylib
0x0000000199655000 	/System/Library/Frameworks/Accelerate.framework/Versions/A/Frameworks/vecLib.framework/Versions/A/libSparseBLAS.dylib
0x0000000199759000 	/System/Library/Frameworks/Accelerate.framework/Versions/A/Frameworks/vecLib.framework/Versions/A/libQuadrature.dylib
0x0000000197168000 	/System/Library/Frameworks/Accelerate.framework/Versions/A/Frameworks/vecLib.framework/Versions/A/libBNNS.dylib
0x000000018a9bb000 	/System/Library/Frameworks/Accelerate.framework/Versions/A/Frameworks/vecLib.framework/Versions/A/libSparse.dylib
0x000000019d9b5000 	/System/Library/PrivateFrameworks/NetAuth.framework/Versions/A/NetAuth
0x000000019404a000 	/System/Library/PrivateFrameworks/login.framework/Versions/A/Frameworks/loginsupport.framework/Versions/A/loginsupport
0x000000019868f000 	/usr/lib/libCheckFix.dylib
0x00000001931d0000 	/System/Library/PrivateFrameworks/MetadataUtilities.framework/Versions/A/MetadataUtilities
0x0000000258792000 	/System/Library/PrivateFrameworks/InstalledContentLibrary.framework/Versions/A/InstalledContentLibrary
0x000000018d926000 	/System/Library/PrivateFrameworks/CoreServicesStore.framework/Versions/A/CoreServicesStore
0x00000001ca1b9000 	/System/Library/PrivateFrameworks/MobileSystemServices.framework/Versions/A/MobileSystemServices
0x000000019aa2e000 	/usr/lib/libxslt.1.dylib
0x000000019864e000 	/System/Library/PrivateFrameworks/BackgroundTaskManagement.framework/Versions/A/BackgroundTaskManagement
0x00000001a5e5c000 	/usr/lib/libcurl.4.dylib
0x000000028cf07000 	/usr/lib/libcrypto.46.dylib
0x000000028daa6000 	/usr/lib/libssl.48.dylib
0x00000001a5b36000 	/System/Library/Frameworks/LDAP.framework/Versions/A/LDAP
0x00000001a5b72000 	/System/Library/PrivateFrameworks/TrustEvaluationAgent.framework/Versions/A/TrustEvaluationAgent
0x000000019d67a000 	/usr/lib/libsasl2.2.dylib
0x00000001b37b1000 	/usr/lib/swift/libswiftCoreGraphics.dylib
0x00000001a24eb000 	/usr/lib/swift/libswiftFoundation.dylib
0x00000001edd23000 	/usr/lib/swift/libswiftSwiftOnoneSupport.dylib
0x000000028e154000 	/usr/lib/swift/libswiftsys_time.dylib
0x00000001d8964000 	/System/Library/PrivateFrameworks/CoreMaterial.framework/Versions/A/CoreMaterial
0x000000028c6ff000 	/usr/lib/libSpatial.dylib
0x000000028c120000 	/System/Library/SubFrameworks/UIUtilities.framework/Versions/A/UIUtilities
0x000000010d020000 	/Users/kaisarahmadnajar/Library/Java/JavaVirtualMachines/ms-17.0.18/Contents/Home/lib/server/libjvm.dylib
0x00000001021c4000 	/Users/kaisarahmadnajar/Library/Java/JavaVirtualMachines/ms-17.0.18/Contents/Home/lib/libjimage.dylib
0x00000001021fc000 	/Users/kaisarahmadnajar/Library/Java/JavaVirtualMachines/ms-17.0.18/Contents/Home/lib/libinstrument.dylib
0x0000000102254000 	/Users/kaisarahmadnajar/Library/Java/JavaVirtualMachines/ms-17.0.18/Contents/Home/lib/libjava.dylib
0x00000001022cc000 	/Users/kaisarahmadnajar/Library/Java/JavaVirtualMachines/ms-17.0.18/Contents/Home/lib/libzip.dylib
0x00000001022f8000 	/Users/kaisarahmadnajar/Library/Java/JavaVirtualMachines/ms-17.0.18/Contents/Home/lib/libnio.dylib
0x0000000102638000 	/Users/kaisarahmadnajar/Library/Java/JavaVirtualMachines/ms-17.0.18/Contents/Home/lib/libnet.dylib
0x0000000106e78000 	/Users/kaisarahmadnajar/Library/Java/JavaVirtualMachines/ms-17.0.18/Contents/Home/lib/libverify.dylib
0x0000000102230000 	/Users/kaisarahmadnajar/.gradle/native/c067742578af261105cb4f569cf0c3c89f3d7b1fecec35dd04571415982c5e48/osx-aarch64/libnative-platform.dylib
0x0000000106f08000 	/Users/kaisarahmadnajar/.gradle/native/38dada09dfb8b06ba9b0570ebf7e218e3eb74d4ef43ca46872605cf95ebc2f47/osx-aarch64/libnative-platform-file-events.dylib
0x0000000106e98000 	/Users/kaisarahmadnajar/Library/Java/JavaVirtualMachines/ms-17.0.18/Contents/Home/lib/libmanagement.dylib
0x0000000106eb0000 	/Users/kaisarahmadnajar/Library/Java/JavaVirtualMachines/ms-17.0.18/Contents/Home/lib/libmanagement_ext.dylib
0x0000000106ec8000 	/Users/kaisarahmadnajar/Library/Java/JavaVirtualMachines/ms-17.0.18/Contents/Home/lib/libextnet.dylib
0x0000000106ee0000 	/Users/kaisarahmadnajar/Library/Java/JavaVirtualMachines/ms-17.0.18/Contents/Home/lib/librmi.dylib
0x000000010cd0c000 	/Users/kaisarahmadnajar/Library/Java/JavaVirtualMachines/ms-17.0.18/Contents/Home/lib/libawt.dylib
0x000000010cdb8000 	/Users/kaisarahmadnajar/Library/Java/JavaVirtualMachines/ms-17.0.18/Contents/Home/lib/libmlib_image.dylib
0x0000000231f4b000 	/System/Library/Frameworks/JavaRuntimeSupport.framework/Versions/A/JavaRuntimeSupport
0x00000001b52db000 	/System/Library/Frameworks/Carbon.framework/Versions/A/Carbon
0x00000001ab4da000 	/System/Library/Frameworks/Carbon.framework/Versions/A/Frameworks/CommonPanels.framework/Versions/A/CommonPanels
0x00000001a5e47000 	/System/Library/Frameworks/Carbon.framework/Versions/A/Frameworks/Help.framework/Versions/A/Help
0x00000001ab4de000 	/System/Library/Frameworks/Carbon.framework/Versions/A/Frameworks/ImageCapture.framework/Versions/A/ImageCapture
0x00000001ab4b9000 	/System/Library/Frameworks/Carbon.framework/Versions/A/Frameworks/OpenScripting.framework/Versions/A/OpenScripting
0x00000001ab4d9000 	/System/Library/Frameworks/Carbon.framework/Versions/A/Frameworks/Ink.framework/Versions/A/Ink
0x00000001ab4d6000 	/System/Library/Frameworks/Carbon.framework/Versions/A/Frameworks/SecurityHI.framework/Versions/A/SecurityHI
0x000000028c573000 	/usr/lib/libInterpreterSecurity.dylib
0x00000001cbf35000 	/System/Library/PrivateFrameworks/XprotectFramework.framework/Versions/A/XprotectFramework
0x00000001aeabd000 	/System/Library/PrivateFrameworks/yara.framework/Versions/A/yara
0x000000028c4f0000 	/usr/lib/libEndpointSecuritySystem.dylib
0x000000012ab70000 	/Users/kaisarahmadnajar/Library/Java/JavaVirtualMachines/ms-17.0.18/Contents/Home/lib/libawt_lwawt.dylib
0x000000010ccb4000 	/Users/kaisarahmadnajar/Library/Java/JavaVirtualMachines/ms-17.0.18/Contents/Home/lib/libosxapp.dylib
0x00000001b381a000 	/System/Library/Frameworks/ExceptionHandling.framework/Versions/A/ExceptionHandling
0x000000012aca8000 	/Users/kaisarahmadnajar/Library/Java/JavaVirtualMachines/ms-17.0.18/Contents/Home/lib/libfontmanager.dylib
0x000000010cedc000 	/Users/kaisarahmadnajar/Library/Java/JavaVirtualMachines/ms-17.0.18/Contents/Home/lib/libfreetype.dylib


VM Arguments:
jvm_args: --add-opens=java.base/java.util=ALL-UNNAMED --add-opens=java.base/java.lang=ALL-UNNAMED --add-opens=java.base/java.lang.invoke=ALL-UNNAMED --add-opens=java.prefs/java.util.prefs=ALL-UNNAMED --add-opens=java.base/java.nio.charset=ALL-UNNAMED --add-opens=java.base/java.net=ALL-UNNAMED --add-opens=java.base/java.util.concurrent.atomic=ALL-UNNAMED -Xmx2048m -Dfile.encoding=UTF-8 -Duser.country=IN -Duser.language=en -Duser.variant -javaagent:/Users/kaisarahmadnajar/.gradle/wrapper/dists/gradle-8.7-bin/bhs2wmbdwecv87pi65oeuq5iu/gradle-8.7/lib/agents/gradle-instrumentation-agent-8.7.jar 
java_command: org.gradle.launcher.daemon.bootstrap.GradleDaemon 8.7
java_class_path (initial): /Users/kaisarahmadnajar/.gradle/wrapper/dists/gradle-8.7-bin/bhs2wmbdwecv87pi65oeuq5iu/gradle-8.7/lib/gradle-launcher-8.7.jar
Launcher Type: SUN_STANDARD

[Global flags]
     intx CICompilerCount                          = 4                                         {product} {ergonomic}
     uint ConcGCThreads                            = 2                                         {product} {ergonomic}
     uint G1ConcRefinementThreads                  = 9                                         {product} {ergonomic}
   size_t G1HeapRegionSize                         = 1048576                                   {product} {ergonomic}
    uintx GCDrainStackTargetSize                   = 64                                        {product} {ergonomic}
   size_t InitialHeapSize                          = 268435456                                 {product} {ergonomic}
   size_t MarkStackSize                            = 4194304                                   {product} {ergonomic}
   size_t MaxHeapSize                              = 2147483648                                {product} {command line}
   size_t MaxNewSize                               = 1287651328                                {product} {ergonomic}
   size_t MinHeapDeltaBytes                        = 1048576                                   {product} {ergonomic}
   size_t MinHeapSize                              = 8388608                                   {product} {ergonomic}
    uintx NonNMethodCodeHeapSize                   = 5839564                                {pd product} {ergonomic}
    uintx NonProfiledCodeHeapSize                  = 122909338                              {pd product} {ergonomic}
    uintx ProfiledCodeHeapSize                     = 122909338                              {pd product} {ergonomic}
    uintx ReservedCodeCacheSize                    = 251658240                              {pd product} {ergonomic}
     bool SegmentedCodeCache                       = true                                      {product} {ergonomic}
   size_t SoftMaxHeapSize                          = 2147483648                             {manageable} {ergonomic}
     bool UseCompressedClassPointers               = true                           {product lp64_product} {ergonomic}
     bool UseCompressedOops                        = true                           {product lp64_product} {ergonomic}
     bool UseG1GC                                  = true                                      {product} {ergonomic}
     bool UseNUMA                                  = false                                     {product} {ergonomic}
     bool UseNUMAInterleaving                      = false                                     {product} {ergonomic}

Logging:
Log output configuration:
 #0: stdout all=warning uptime,level,tags
 #1: stderr all=off uptime,level,tags

Environment Variables:
PATH=/Users/kaisarahmadnajar/.gemini/antigravity/bin:/Users/kaisarahmadnajar/Library/Application Support/Antigravity/bin:/Library/Frameworks/Python.framework/Versions/3.14/bin:/Library/Frameworks/Python.framework/Versions/3.14/bin:/usr/local/bin:/System/Cryptexes/App/usr/bin:/usr/bin:/bin:/usr/sbin:/sbin:/etc/platform-tools:/var/run/com.apple.security.cryptexd/codex.system/bootstrap/usr/local/bin:/var/run/com.apple.security.cryptexd/codex.system/bootstrap/usr/bin:/var/run/com.apple.security.cryptexd/codex.system/bootstrap/usr/appleinternal/bin:/pkg/env/global/bin:/opt/homebrew/bin
SHELL=/bin/zsh
LANG=C.UTF-8
TMPDIR=/var/folders/pb/k2s8x17n7rdc9t__bwtjmn180000gp/T/

Active Locale:
LC_ALL=C.UTF-8
LC_COLLATE=C.UTF-8
LC_CTYPE=C.UTF-8
LC_MESSAGES=C.UTF-8
LC_MONETARY=C.UTF-8
LC_NUMERIC=C.UTF-8
LC_TIME=C.UTF-8

Signal Handlers:
   SIGSEGV: crash_handler in libjvm.dylib, mask=11100110000111110111111111111111, flags=SA_RESTART|SA_SIGINFO, unblocked
    SIGBUS: crash_handler in libjvm.dylib, mask=11100110000111110111111111111111, flags=SA_RESTART|SA_SIGINFO, unblocked
    SIGFPE: crash_handler in libjvm.dylib, mask=11100110000111110111111111111111, flags=SA_RESTART|SA_SIGINFO, unblocked
   SIGPIPE: javaSignalHandler in libjvm.dylib, mask=11100110000111110111111111111111, flags=SA_RESTART|SA_SIGINFO, blocked
   SIGXFSZ: javaSignalHandler in libjvm.dylib, mask=11100110000111110111111111111111, flags=SA_RESTART|SA_SIGINFO, blocked
    SIGILL: crash_handler in libjvm.dylib, mask=11100110000111110111111111111111, flags=SA_RESTART|SA_SIGINFO, unblocked
   SIGUSR2: SR_handler in libjvm.dylib, mask=00100000000000000000000000000000, flags=SA_RESTART|SA_SIGINFO, blocked
    SIGHUP: SIG_IGN, mask=00000000000000000000000000000000, flags=SA_RESTART, blocked
    SIGINT: UserHandler in libjvm.dylib, mask=11100110000111110111111111111111, flags=SA_RESTART|SA_SIGINFO, blocked
   SIGTERM: UserHandler in libjvm.dylib, mask=11100110000111110111111111111111, flags=SA_RESTART|SA_SIGINFO, blocked
   SIGQUIT: UserHandler in libjvm.dylib, mask=11100110000111110111111111111111, flags=SA_RESTART|SA_SIGINFO, blocked
   SIGTRAP: crash_handler in libjvm.dylib, mask=11100110000111110111111111111111, flags=SA_RESTART|SA_SIGINFO, unblocked


Periodic native trim disabled


---------------  S Y S T E M  ---------------

OS:
uname: Darwin 25.5.0 Darwin Kernel Version 25.5.0: Mon Apr 27 20:38:56 PDT 2026; root:xnu-12377.121.6~2/RELEASE_ARM64_T6000 arm64
OS uptime: 9 days 4:41 hours
rlimit (soft/hard): STACK 8176k/65520k , CORE 0k/infinity , NPROC 2666/4000 , NOFILE 1048576/infinity , AS infinity/infinity , CPU infinity/infinity , DATA infinity/infinity , FSIZE infinity/infinity , MEMLOCK infinity/infinity , RSS infinity/infinity
load average: 7.91 7.12 7.79

CPU: total 10 (initial active 10) 0x61:0x0:0x1b588bb3:0, fp, simd, crc, lse
machdep.cpu.brand_string:Apple M1 Pro
hw.cachelinesize:128
hw.l1icachesize:131072
hw.l1dcachesize:65536
hw.l2cachesize:4194304

Memory: 16k page, physical 16777216k(80032k free), swap 14680064k(1243328k free)

vm_info: OpenJDK 64-Bit Server VM (17.0.18+8-LTS) for bsd-aarch64 JRE (17.0.18+8-LTS), built on Jan 15 2026 22:15:29 by "MicrosoftCorporation" with clang Apple LLVM 15.0.0 (clang-1500.1.0.2.5)

END.
